amount_omr,distance_from_home_km,hour_of_day,transactions_last_hour,is_anomaly
75.6,21.3,9,5,0
1985.1,277.2,3,8,1
128.5,57.2,22,1,0
134.3,4.8,21,2,0
68.7,2.8,14,2,0
21.1,35.4,21,4,0
48.7,2.3,19,5,0
57.8,6.8,11,5,0
220.3,35.9,16,2,0
1.3,8.5,9,4,0
59.0,75.4,18,3,0
115.1,21.8,8,4,0
197.4,10.8,19,4,0
285.7,35.9,17,5,0
152.3,17.1,15,5,0
24.5,17.8,22,5,0
143.2,2.2,8,1,0
7.5,13.2,7,5,0
171.7,0.1,18,4,0
92.5,8.3,14,2,0
144.2,36.8,9,4,0
86.1,2.6,12,4,0
182.5,15.7,15,3,0
64.5,8.7,12,1,0
18.9,29.5,17,1,0
80.6,49.1,8,2,0
12.7,0.7,16,1,0
113.0,25.2,12,5,0
176.6,2.8,20,2,0
38.8,33.4,21,4,0
63.2,49.3,15,2,0
105.3,39.6,21,5,0
17.4,8.9,22,3,0
262.3,25.7,14,5,0
1867.3,488.0,4,15,1
125.3,10.0,10,5,0
1336.5,733.3,3,9,1
79.2,17.0,18,3,0
17.8,8.8,12,2,0
75.8,35.4,12,5,0
139.2,5.9,22,3,0
173.6,4.5,20,4,0
233.0,2.9,9,4,0
18.7,9.1,20,4,0
46.4,18.4,7,2,0
45.9,4.1,8,2,0
61.3,0.6,7,3,0
232.6,28.2,22,5,0
152.3,6.8,21,4,0
23.1,9.0,15,4,0
174.3,1.7,10,1,0
74.5,14.2,13,2,0
40.0,2.9,13,2,0
15.4,1.1,9,3,0
68.1,24.3,10,5,0
74.0,14.9,9,3,0
48.3,13.7,17,1,0
11.7,28.8,21,3,0
54.0,11.9,15,5,0
177.6,7.4,13,3,0
117.2,21.6,15,2,0
81.2,34.6,18,2,0
109.6,24.4,12,4,0
119.6,38.6,15,5,0
104.6,2.5,9,4,0
110.7,56.1,15,4,0
71.7,11.0,15,1,0
67.9,75.5,13,3,0
61.9,0.7,16,1,0
258.7,5.0,12,4,0
169.6,95.2,7,4,0
65.6,1.0,7,4,0
90.5,12.8,15,3,0
203.5,26.1,8,5,0
95.1,8.1,21,3,0
11.0,1.2,17,5,0
100.5,21.1,17,2,0
10.3,11.6,18,4,0
47.6,36.1,19,2,0
145.7,29.3,19,2,0
102.1,6.9,21,1,0
29.3,36.8,16,5,0
100.3,4.7,20,2,0
74.2,18.6,18,5,0
34.2,31.9,17,5,0
3286.6,1093.0,3,22,1
178.5,2.7,7,4,0
53.0,9.8,10,3,0
94.0,11.8,7,4,0
114.1,13.0,10,5,0
153.5,35.4,13,3,0
90.9,28.1,9,3,0
46.2,6.7,21,3,0
112.1,65.3,17,5,0
67.2,7.3,12,1,0
24.4,8.9,21,1,0
96.5,46.6,19,4,0
82.7,26.4,8,4,0
90.8,1.6,15,2,0
49.5,21.0,14,2,0
169.8,45.2,22,2,0
90.6,15.3,21,4,0
132.1,56.9,20,1,0
36.3,26.9,12,4,0
74.9,32.7,13,2,0
77.3,4.4,22,5,0
75.6,22.2,22,4,0
36.9,14.5,20,3,0
101.0,103.8,22,5,0
211.0,3.9,10,3,0
34.5,45.2,8,4,0
54.7,36.8,8,4,0
2611.2,492.0,23,11,1
42.9,13.6,14,1,0
50.4,30.5,20,1,0
104.4,12.0,7,4,0
6.3,9.4,18,4,0
28.3,94.8,22,2,0
23.4,36.3,7,4,0
116.9,26.3,18,2,0
12.5,17.6,12,5,0
64.1,15.8,20,3,0
53.6,80.7,8,2,0
130.1,38.4,9,4,0
25.7,12.2,19,4,0
164.8,45.5,14,2,0
30.9,17.9,22,4,0
89.0,23.4,18,4,0
61.8,12.7,19,2,0
103.4,27.3,8,2,0
3011.7,854.0,3,16,1
84.5,99.4,18,3,0
67.2,36.4,10,1,0
125.1,27.4,11,1,0
157.6,41.0,15,4,0
89.1,40.8,21,1,0
47.7,31.4,22,4,0
132.9,1.0,12,5,0
29.0,0.9,16,2,0
63.6,26.3,17,4,0
113.1,0.8,19,4,0
41.5,23.8,11,4,0
135.8,12.2,22,5,0
123.7,88.8,19,5,0
22.0,6.2,13,2,0
117.5,23.7,11,4,0
106.1,6.7,9,1,0
239.5,87.7,17,3,0
111.2,55.7,20,5,0
41.5,6.2,20,1,0
45.8,8.8,21,2,0
18.5,16.8,19,5,0
168.8,0.1,13,2,0
11.0,27.0,22,3,0
55.3,23.9,12,1,0
98.0,6.1,13,5,0
18.6,3.2,7,5,0
132.7,4.5,21,5,0
52.0,3.1,7,1,0
70.0,52.4,21,4,0
76.3,12.8,9,4,0
131.3,58.5,13,4,0
24.8,34.6,17,5,0
28.9,25.1,7,1,0
12.5,10.0,17,1,0
67.3,34.6,18,5,0
3408.8,1131.6,23,20,1
99.5,54.8,16,4,0
284.2,69.8,19,5,0
4496.8,1381.4,4,16,1
124.6,24.9,8,1,0
85.8,26.9,8,2,0
60.4,2.6,20,2,0
73.5,22.2,22,3,0
64.7,7.7,20,4,0
45.8,13.3,19,5,0
160.3,4.1,21,5,0
86.8,8.0,22,1,0
157.0,25.6,10,4,0
16.6,157.9,14,2,0
43.2,26.8,18,4,0
31.4,20.4,12,5,0
35.2,16.2,10,4,0
126.1,49.6,19,4,0
4811.3,342.3,23,22,1
126.7,45.1,22,4,0
69.4,13.5,19,5,0
82.1,18.8,11,4,0
104.1,55.2,10,5,0
43.0,1.2,8,5,0
7.8,20.2,16,4,0
68.9,5.7,11,5,0
142.0,19.7,14,3,0
172.4,23.1,15,2,0
122.2,17.7,11,5,0
37.8,62.3,20,2,0
114.8,22.0,11,2,0
48.8,16.8,17,3,0
65.6,48.2,7,1,0
156.9,8.0,22,4,0
118.3,96.7,21,2,0
1649.2,1137.8,4,18,1
52.7,49.0,11,4,0
10.6,44.0,17,3,0
183.8,23.6,7,2,0
22.5,3.9,11,4,0
179.3,12.1,22,2,0
57.1,5.6,10,4,0
55.7,13.4,8,5,0
92.3,124.5,12,3,0
417.5,30.3,8,4,0
50.4,62.4,7,1,0
194.9,44.7,17,2,0
61.4,65.9,15,1,0
4308.7,585.5,23,24,1
216.2,6.6,15,5,0
41.8,43.1,16,4,0
43.7,6.8,15,4,0
155.0,5.2,18,4,0
131.7,48.1,21,2,0
28.0,80.7,18,2,0
50.9,38.5,14,4,0
29.1,6.0,7,2,0
123.7,30.3,20,4,0
85.9,76.5,21,2,0
172.6,9.7,21,1,0
20.5,10.3,8,4,0
178.8,10.5,13,3,0
4409.7,772.8,3,20,1
871.9,465.9,23,15,1
26.7,21.0,18,5,0
34.8,20.0,15,5,0
148.3,64.6,20,3,0
79.6,81.8,11,4,0
88.5,34.5,13,2,0
118.2,17.4,8,1,0
122.1,16.1,16,1,0
12.1,16.4,15,5,0
233.1,52.8,16,1,0
152.1,7.7,21,3,0
8.0,44.5,15,1,0
16.4,0.4,7,1,0
34.5,0.6,15,3,0
79.6,5.4,9,4,0
60.5,0.0,19,3,0
73.4,91.7,13,1,0
57.5,38.1,18,4,0
125.7,25.5,14,3,0
109.9,108.6,15,3,0
134.0,106.4,22,3,0
115.3,8.7,20,2,0
39.8,19.5,10,5,0
271.3,0.4,11,1,0
83.8,47.4,18,2,0
123.9,18.9,9,4,0
45.6,21.4,8,4,0
133.7,21.3,21,1,0
161.7,23.9,8,4,0
120.6,24.7,13,1,0
87.5,51.7,14,3,0
181.7,15.1,10,1,0
52.7,5.8,17,5,0
1394.9,631.8,2,8,1
139.4,13.5,8,2,0
45.6,9.3,9,3,0
88.9,42.5,13,5,0
58.2,13.8,19,5,0
51.2,47.3,17,3,0
199.9,22.4,9,5,0
30.5,2.4,20,1,0
47.2,0.2,8,1,0
71.5,2.5,8,1,0
52.4,39.5,17,1,0
56.4,22.4,19,3,0
131.2,2.5,20,5,0
9.7,5.2,17,1,0
32.2,92.7,16,1,0
142.1,30.3,18,3,0
183.2,8.1,17,1,0
66.7,18.2,13,3,0
129.6,87.2,16,2,0
167.4,1.5,11,5,0
113.4,4.2,19,1,0
201.1,0.8,9,3,0
54.4,14.9,9,1,0
108.7,33.8,21,4,0
20.6,5.1,11,5,0
81.7,20.0,11,5,0
82.9,2.7,12,2,0
23.4,17.6,8,1,0
73.6,60.3,12,3,0
33.7,11.0,9,3,0
58.4,74.3,7,2,0
109.6,2.7,15,1,0
19.6,67.5,19,5,0
60.2,13.2,13,4,0
2709.6,546.8,23,19,1
178.4,19.2,7,3,0
155.7,26.8,22,1,0
48.6,65.4,21,5,0
95.2,0.5,16,1,0
103.9,21.4,8,1,0
66.3,166.9,8,5,0
184.9,0.6,11,4,0
78.4,1.2,18,3,0
3.8,49.8,16,1,0
117.0,4.2,15,3,0
97.2,4.1,19,3,0
33.3,25.6,9,1,0
125.0,6.2,12,3,0
72.7,14.7,15,1,0
10.3,13.5,12,1,0
75.5,2.0,7,4,0
98.1,5.5,18,2,0
18.8,143.5,15,5,0
123.0,84.0,9,2,0
20.8,54.0,8,2,0
117.9,55.3,13,4,0
78.1,7.4,21,2,0
3217.8,1331.6,1,24,1
132.0,43.0,19,2,0
26.3,20.2,17,1,0
3531.2,917.6,23,21,1
866.2,488.8,3,20,1
18.2,55.2,15,3,0
34.1,6.6,13,1,0
87.3,9.5,21,3,0
42.2,17.9,18,5,0
83.5,5.0,8,2,0
169.2,148.0,11,4,0
154.7,35.6,11,4,0
62.2,14.1,22,4,0
95.6,18.7,8,5,0
32.1,27.2,19,4,0
51.4,22.6,12,5,0
68.9,56.1,8,4,0
811.5,389.0,3,16,1
46.6,12.5,11,1,0
63.4,8.7,10,1,0
39.9,19.8,7,2,0
57.0,16.0,22,2,0
165.9,5.1,20,3,0
92.5,9.0,8,5,0
68.9,77.2,15,4,0
92.7,25.1,15,5,0
95.3,3.0,11,4,0
86.6,2.2,16,3,0
22.1,8.3,20,2,0
24.2,4.6,19,2,0
25.8,6.6,19,1,0
51.7,11.3,13,4,0
129.5,58.6,13,4,0
85.6,6.6,22,3,0
1406.5,913.3,2,7,1
162.6,3.9,11,5,0
67.5,67.7,18,3,0
70.6,12.3,12,5,0
3283.2,889.4,4,8,1
121.9,10.7,7,5,0
12.4,1.3,16,3,0
276.1,14.1,9,1,0
104.4,0.6,8,3,0
73.6,48.2,17,5,0
199.5,0.9,13,5,0
61.9,22.7,16,1,0
24.7,45.2,8,5,0
15.0,1.9,20,2,0
144.7,10.5,11,3,0
104.3,56.4,21,5,0
84.9,2.5,8,3,0
9.4,14.9,7,1,0
97.4,5.0,11,4,0
32.2,2.2,15,3,0
79.2,63.7,11,4,0
46.7,5.2,19,5,0
48.5,53.6,16,2,0
73.6,53.6,16,3,0
11.1,4.6,22,4,0
110.8,13.5,7,5,0
26.3,64.5,8,5,0
66.8,20.8,21,4,0
70.5,2.1,17,2,0
42.5,20.7,7,4,0
227.4,25.2,15,4,0
38.6,75.6,14,2,0
10.0,3.4,14,1,0
87.6,6.9,8,3,0
207.2,50.3,22,3,0
1774.6,248.8,3,21,1
64.9,32.8,17,2,0
43.1,16.7,15,2,0
161.2,129.8,19,1,0
142.1,35.0,21,5,0
38.6,63.9,17,5,0
59.1,23.9,14,5,0
47.1,28.1,13,2,0
75.2,38.3,22,3,0
34.0,84.1,13,2,0
10.9,19.5,17,4,0
28.2,19.1,22,4,0
99.2,28.5,7,1,0
86.0,5.0,9,3,0
99.1,24.9,18,3,0
44.0,21.3,19,5,0
154.9,24.3,20,1,0
187.6,5.4,11,4,0
28.1,12.6,20,3,0
27.6,46.0,9,1,0
126.6,20.0,21,5,0
84.4,52.4,13,4,0
261.0,6.6,13,4,0
71.6,24.6,17,3,0
66.6,56.0,10,4,0
95.9,12.3,21,4,0
23.2,8.7,9,3,0
97.9,28.9,18,3,0
29.0,18.3,22,3,0
7.8,16.0,12,2,0
45.6,0.3,12,4,0
57.1,39.8,8,1,0
2881.1,871.0,4,9,1
78.0,8.8,13,4,0
174.2,3.8,7,3,0
58.5,11.2,20,2,0
22.6,0.8,19,3,0
23.5,0.6,7,3,0
338.5,1.5,16,4,0
3684.9,267.1,23,19,1
291.4,5.8,14,2,0
61.4,17.9,21,4,0
107.0,31.3,17,3,0
35.1,24.3,22,5,0
87.5,12.4,7,4,0
11.0,18.3,10,2,0
136.9,62.8,9,3,0
82.7,94.6,8,3,0
299.5,31.3,15,3,0
34.4,71.1,9,4,0
81.7,97.0,22,4,0
74.6,0.5,12,1,0
86.3,0.6,14,3,0
74.3,30.1,7,5,0
65.7,71.9,15,5,0
102.8,19.3,18,2,0
85.5,32.6,16,3,0
213.0,51.8,12,3,0
58.7,12.6,15,5,0
109.6,15.7,7,5,0
251.3,2.7,16,3,0
134.7,32.8,12,5,0
3988.8,1024.5,23,18,1
211.5,9.8,16,5,0
3756.4,1273.5,3,24,1
233.9,6.1,14,5,0
108.8,20.0,8,2,0
22.8,61.0,8,4,0
131.7,7.3,16,4,0
90.6,21.7,21,3,0
96.5,24.9,17,2,0
68.9,6.1,7,3,0
34.4,17.9,8,3,0
122.9,9.7,8,3,0
99.2,32.1,20,1,0
14.2,6.5,20,5,0
38.3,9.8,14,3,0
62.6,46.2,8,3,0
52.5,25.1,10,2,0
146.1,15.7,12,3,0
12.5,40.7,14,5,0
130.3,87.2,19,2,0
34.7,76.9,9,1,0
86.3,85.5,10,1,0
59.0,0.8,11,2,0
46.0,25.0,8,5,0
73.8,31.4,14,4,0
79.4,44.6,13,4,0
126.2,36.3,22,5,0
88.9,22.2,9,2,0
99.0,16.2,11,5,0
236.5,2.7,15,2,0
164.0,18.3,10,4,0
192.1,30.0,9,4,0
211.4,20.7,8,5,0
44.3,18.2,15,4,0
92.3,16.3,13,1,0
99.2,30.2,7,2,0
31.6,81.9,8,5,0
51.9,20.1,13,1,0
62.9,16.1,13,4,0
2078.9,1468.3,1,14,1
30.8,59.4,10,1,0
74.0,15.0,9,4,0
139.6,23.8,8,5,0
70.6,30.4,21,5,0
24.6,9.2,21,4,0
142.9,4.1,10,4,0
52.4,1.1,9,3,0
43.3,51.3,12,4,0
61.8,3.5,17,3,0
48.7,39.3,16,5,0
17.8,23.4,21,1,0
74.0,5.5,8,3,0
59.3,38.5,7,4,0
2210.2,1482.2,23,9,1
184.0,51.7,20,3,0
64.8,4.5,15,4,0
81.6,63.3,9,1,0
109.7,2.2,14,5,0
71.8,65.1,12,3,0
22.5,49.2,21,5,0
30.2,43.6,18,1,0
24.2,46.3,15,2,0
12.1,20.4,17,3,0
87.5,1.1,10,5,0
86.0,13.7,22,3,0
14.5,47.7,12,4,0
49.5,60.5,13,4,0
58.9,35.1,12,5,0
129.5,50.2,11,4,0
57.9,29.2,16,3,0
197.4,6.7,8,5,0
65.4,35.3,9,3,0
154.3,31.0,14,1,0
204.9,0.7,7,2,0
153.7,7.5,19,3,0
74.9,33.2,16,3,0
291.5,50.5,17,5,0
66.8,4.5,11,3,0
82.4,4.8,13,4,0
25.9,25.8,13,2,0
3659.3,1138.3,1,12,1
2627.7,1165.1,1,13,1
3363.2,778.1,2,17,1
94.5,43.5,19,5,0
33.5,6.7,14,3,0
159.6,21.8,9,3,0
46.6,5.5,8,2,0
12.6,3.7,19,3,0
15.7,92.5,15,2,0
59.9,11.1,21,5,0
101.8,43.7,10,2,0
59.4,37.0,12,4,0
62.9,1.3,17,3,0
41.5,6.1,8,2,0
9.6,23.0,14,2,0
49.3,81.5,20,5,0
91.0,18.5,12,4,0
71.2,40.4,11,4,0
39.3,42.8,18,3,0
24.4,90.7,12,4,0
298.2,71.8,9,1,0
4355.7,891.8,4,24,1
143.6,4.6,16,3,0
88.4,24.3,18,4,0
82.2,27.6,11,2,0
34.4,15.4,10,5,0
85.4,40.2,17,4,0
852.9,1131.2,4,18,1
179.8,35.4,15,5,0
54.4,15.1,12,4,0
30.2,12.3,21,4,0
54.4,40.1,13,3,0
75.3,20.0,18,5,0
121.6,20.3,7,2,0
107.4,12.0,14,2,0
104.3,32.5,11,1,0
150.7,16.9,8,2,0
49.2,25.6,19,5,0
183.3,21.8,17,1,0
114.9,2.8,17,2,0
350.2,2.8,12,1,0
11.8,4.5,17,4,0
25.6,45.0,13,4,0
236.5,3.9,20,5,0
5.9,24.2,22,2,0
47.3,17.1,8,1,0
21.1,21.9,19,4,0
33.1,124.4,13,1,0
7.9,86.0,12,1,0
31.7,132.8,9,5,0
94.2,12.1,9,3,0
4956.4,1434.4,2,7,1
27.1,16.0,7,5,0
121.1,52.3,20,5,0
79.8,6.3,14,5,0
119.4,61.9,12,1,0
2646.8,901.6,2,10,1
20.4,2.5,8,2,0
147.6,7.3,18,2,0
102.9,43.9,17,1,0
69.7,24.6,9,5,0
64.2,0.4,8,2,0
95.5,8.2,16,4,0
44.8,2.8,9,3,0
86.0,12.5,7,4,0
64.7,1.2,9,5,0
83.4,69.4,12,5,0
2670.5,561.9,3,16,1
26.2,76.6,13,4,0
39.8,3.4,17,5,0
3445.4,742.5,4,10,1
23.9,109.6,19,4,0
197.8,22.9,13,1,0
218.5,27.8,8,2,0
91.4,29.4,21,3,0
14.4,11.4,14,2,0
80.4,16.4,9,2,0
56.2,28.8,21,1,0
36.5,12.7,19,5,0
34.1,32.4,22,1,0
166.5,42.3,18,5,0
12.7,0.6,11,2,0
13.4,76.9,10,4,0
13.5,68.2,13,2,0
72.2,5.0,14,2,0
165.4,39.6,21,3,0
62.7,9.3,8,3,0
66.8,4.2,10,1,0
82.7,23.0,11,4,0
81.0,8.8,19,3,0
37.0,41.2,17,1,0
147.9,2.2,9,5,0
67.5,1.0,14,4,0
75.4,24.7,9,4,0
78.5,46.7,11,4,0
112.4,9.1,7,2,0
116.0,71.5,15,1,0
107.5,54.9,15,1,0
99.4,8.7,10,3,0
271.0,23.2,16,4,0
227.3,26.3,19,3,0
82.9,80.9,20,2,0
138.4,44.5,14,4,0
20.7,8.8,9,5,0
53.4,20.3,19,3,0
121.0,86.4,8,2,0
1972.6,985.8,3,10,1
68.3,7.2,20,2,0
12.8,10.0,16,4,0
1132.5,1193.8,2,13,1
117.1,16.6,19,1,0
142.7,26.7,9,1,0
26.0,1.0,12,4,0
64.9,19.7,16,4,0
2758.3,1064.5,4,8,1
115.4,5.2,16,5,0
4417.3,857.7,2,15,1
52.8,45.0,12,2,0
88.4,21.4,14,1,0
107.9,18.7,11,4,0
140.7,74.1,21,2,0
78.6,35.8,22,3,0
132.6,2.6,7,4,0
226.7,61.1,18,4,0
93.8,17.0,13,4,0
5.6,2.0,12,4,0
26.9,1.8,7,1,0
44.2,29.0,18,5,0
18.1,14.0,20,4,0
81.9,4.7,8,5,0
109.4,16.0,20,5,0
67.9,12.8,22,5,0
100.6,13.8,17,3,0
3478.4,1284.8,2,18,1
69.4,42.2,22,3,0
44.6,23.9,16,4,0
232.7,65.5,10,2,0
134.3,42.3,18,4,0
11.7,54.5,10,1,0
106.9,19.6,16,3,0
66.1,6.7,16,2,0
27.6,21.8,11,4,0
41.0,45.7,21,4,0
1967.5,1043.9,3,9,1
121.2,4.4,20,4,0
34.6,11.4,14,1,0
43.6,128.2,11,2,0
58.9,44.0,8,5,0
57.7,42.2,22,3,0
175.0,20.7,7,4,0
195.4,30.3,21,3,0
75.5,13.3,22,1,0
95.9,32.0,21,5,0
36.4,1.8,13,2,0
126.7,1.6,7,3,0
103.4,0.6,17,1,0
106.1,29.7,15,2,0
154.5,39.7,20,4,0
33.0,42.3,7,2,0
56.8,64.0,11,2,0
38.3,50.6,13,4,0
58.5,11.5,13,2,0
66.8,8.4,15,5,0
63.5,34.1,18,1,0
18.0,61.4,14,2,0
78.8,57.9,22,4,0
3329.9,1041.4,4,7,1
99.7,24.2,21,5,0
113.1,5.6,22,1,0
130.3,50.2,17,5,0
23.3,0.3,15,5,0
127.8,35.1,9,2,0
68.6,45.3,15,2,0
16.0,9.8,14,5,0
10.8,68.3,18,1,0
49.0,37.8,15,3,0
2106.7,1093.7,2,22,1
104.8,1.0,10,1,0
149.3,14.1,10,3,0
48.0,57.0,13,4,0
29.4,4.3,22,3,0
171.5,17.7,17,4,0
27.4,51.0,9,5,0
201.9,42.1,15,1,0
4433.8,676.6,23,8,1
29.1,14.5,14,2,0
91.7,13.8,21,2,0
31.0,48.1,20,5,0
75.5,74.4,21,3,0
97.2,55.4,18,2,0
4249.3,310.9,23,8,1
61.8,131.7,15,4,0
60.7,38.6,20,5,0
144.7,7.4,7,4,0
22.8,39.2,9,5,0
13.3,3.8,15,1,0
233.3,1.7,19,5,0
97.6,79.8,13,2,0
75.9,39.2,17,4,0
48.4,49.5,11,4,0
175.0,17.9,15,1,0
35.6,2.2,15,5,0
56.6,47.2,13,1,0
67.1,39.1,8,1,0
138.8,15.0,16,4,0
34.7,18.5,19,5,0
94.8,40.2,11,2,0
4505.3,1152.2,2,18,1
40.7,41.7,14,3,0
142.1,22.9,15,3,0
56.4,46.9,20,5,0
161.6,25.1,13,3,0
107.9,12.2,7,4,0
123.3,3.7,20,5,0
16.1,4.3,10,4,0
73.0,43.9,21,5,0
324.4,84.1,22,3,0
52.4,1.8,17,1,0
55.7,64.4,20,3,0
25.1,24.5,11,2,0
78.9,4.8,13,3,0
69.7,54.6,18,3,0
84.1,13.7,12,5,0
75.9,59.7,15,2,0
59.3,66.3,13,3,0
25.2,122.4,13,5,0
101.9,24.0,10,3,0
170.4,1.1,9,4,0
157.5,10.8,13,4,0
115.8,25.6,9,5,0
35.5,4.9,15,4,0
236.7,11.4,10,3,0
142.0,16.9,8,2,0
4424.5,354.4,23,12,1
34.8,1.8,10,5,0
28.2,21.5,21,4,0
969.3,536.3,3,19,1
40.0,6.5,11,1,0
19.8,14.2,7,1,0
206.6,29.1,10,4,0
126.4,12.7,14,3,0
29.2,20.5,18,2,0
217.7,12.1,22,1,0
125.6,66.2,20,4,0
2488.4,792.4,23,7,1
59.3,36.9,10,2,0
78.6,25.2,8,3,0
90.3,1.9,17,1,0
38.3,1.3,16,5,0
51.1,14.7,9,3,0
87.0,20.3,16,1,0
75.3,9.5,14,2,0
185.5,7.9,13,3,0
59.4,8.3,18,3,0
5.3,12.8,7,3,0
4076.9,1377.4,3,14,1
63.0,5.4,21,4,0
91.1,10.7,21,1,0
199.3,14.4,12,1,0
68.4,25.9,15,4,0
221.6,25.3,22,2,0
169.9,62.7,21,3,0
115.8,12.6,18,2,0
53.3,12.1,8,2,0
9.4,46.2,8,4,0
105.4,36.0,10,4,0
86.7,12.2,21,5,0
88.3,5.1,15,3,0
86.9,2.4,16,3,0
37.8,32.5,14,3,0
39.8,6.2,17,2,0
1679.5,545.5,23,17,1
48.4,23.1,11,3,0
87.2,11.8,10,5,0
70.3,31.7,17,1,0
120.4,17.9,11,1,0
45.8,59.8,21,5,0
103.7,78.1,10,4,0
11.4,0.5,18,4,0
115.0,52.5,15,4,0
12.2,13.3,15,3,0
171.6,43.7,19,1,0
148.4,16.8,19,2,0
259.5,48.9,8,5,0
178.8,0.3,12,3,0
51.0,72.5,22,4,0
111.5,45.2,12,4,0
141.2,162.8,15,5,0
43.5,26.6,17,1,0
37.6,10.5,16,4,0
130.0,14.6,9,4,0
152.8,2.1,9,1,0
118.6,2.8,9,3,0
29.0,93.9,19,5,0
3935.3,754.9,2,19,1
15.1,34.4,11,1,0
177.3,30.6,13,5,0
57.8,6.9,19,1,0
64.5,28.6,21,5,0
59.6,54.6,20,5,0
125.9,31.3,9,4,0
20.5,54.9,9,2,0
17.3,13.8,15,2,0
60.0,3.7,14,1,0
254.4,31.3,10,3,0
12.9,11.1,19,2,0
35.2,4.7,11,4,0
29.9,34.2,18,3,0
47.7,112.2,13,1,0
33.7,6.4,21,4,0
82.5,11.0,22,5,0
3632.6,1309.7,23,7,1
2571.0,620.9,2,21,1
2226.2,326.4,4,10,1
355.8,57.9,10,2,0
2.0,13.4,14,5,0
185.9,48.8,20,3,0
68.0,30.9,10,5,0
94.4,9.8,11,5,0
183.6,2.9,12,3,0
