attendance_percent,assignment_score,study_hours_week,midterm_score,passed
33.8,23.4,22.7,19.2,0
86.9,26.5,7.6,60.3,1
34.4,95.5,11.8,54.9,0
86.6,37.1,20.9,56.5,0
45.3,79.5,14.0,56.6,0
38.8,59.5,12.7,50.8,0
83.3,44.3,14.3,63.7,0
51.5,34.4,20.5,48.6,0
76.5,20.4,14.4,48.0,0
73.7,73.9,12.5,58.2,1
62.4,96.9,22.0,78.7,1
45.2,30.8,13.5,33.1,0
73.8,53.5,14.0,64.1,0
65.3,29.3,6.3,34.2,0
96.2,57.9,15.8,64.5,0
30.1,35.0,18.7,36.1,0
75.9,28.1,9.7,42.6,0
37.4,71.8,4.2,51.9,0
75.0,50.4,13.1,54.0,0
69.8,67.4,11.5,46.0,0
80.1,54.1,20.1,59.0,0
61.0,28.2,9.1,19.4,0
90.9,66.8,0.3,66.6,0
45.7,82.9,19.4,74.3,1
48.3,92.8,6.8,42.6,0
78.1,26.8,7.2,45.2,0
45.8,73.1,18.0,63.4,0
62.0,93.4,4.6,34.8,0
77.7,31.8,9.7,38.9,0
59.4,30.8,13.7,41.4,0
86.2,27.7,6.1,28.5,0
83.7,25.3,14.2,46.5,0
68.7,42.7,13.7,18.0,0
88.8,27.7,15.9,60.3,0
70.0,25.3,12.1,39.9,0
43.6,78.8,10.7,66.7,1
69.3,83.8,7.5,73.3,1
63.8,81.6,21.0,71.4,1
76.9,41.1,21.8,65.2,1
93.1,38.2,21.1,100.0,1
81.7,38.7,7.9,65.3,0
91.2,90.0,21.1,65.5,1
33.8,32.0,17.5,18.9,0
31.3,90.8,23.1,62.9,0
92.1,71.8,6.5,61.0,1
89.1,28.4,23.7,70.6,1
31.5,68.3,3.6,34.0,0
53.5,21.8,18.1,34.3,0
35.0,25.9,10.9,30.9,0
86.9,74.5,18.0,69.5,1
55.8,31.2,13.9,25.1,0
80.4,78.1,17.1,64.0,1
31.1,85.8,17.4,51.5,0
45.4,40.4,21.7,57.0,0
58.6,78.8,2.8,26.3,0
81.4,85.9,7.9,78.3,0
70.3,21.6,19.2,67.8,0
55.1,45.5,1.4,32.0,0
97.7,36.3,19.0,55.7,1
63.4,37.0,23.4,52.1,1
94.5,31.9,12.3,46.9,0
53.9,57.1,22.7,63.3,1
64.9,53.2,23.0,85.4,1
66.9,29.8,8.2,39.1,0
79.1,33.1,14.8,53.6,0
41.4,34.4,23.2,40.8,0
43.2,76.9,14.7,61.4,1
86.1,64.8,17.6,64.8,0
78.5,38.2,22.9,69.8,1
38.7,81.7,10.0,37.2,1
35.8,75.1,10.8,34.7,0
42.6,52.9,0.9,24.2,0
63.8,50.5,19.9,56.6,0
80.8,95.5,20.5,73.8,1
66.8,34.3,17.8,54.4,0
46.3,47.9,7.2,34.5,0
35.1,89.0,19.3,53.6,0
54.3,73.8,10.4,51.4,1
96.0,82.9,5.6,79.1,1
45.6,72.3,7.9,35.2,0
88.5,63.8,16.2,80.6,1
88.8,95.2,3.2,65.1,1
30.7,76.5,17.3,54.6,0
38.8,39.2,10.6,32.4,0
39.8,74.7,14.8,59.7,0
43.7,42.5,1.1,26.5,0
91.4,63.7,5.4,44.8,0
48.9,52.7,7.2,31.5,0
61.7,23.5,16.8,39.1,1
98.1,25.0,11.4,44.7,1
83.9,78.2,9.6,52.5,1
81.3,28.0,11.1,29.0,0
92.6,68.8,3.3,64.4,0
56.7,89.8,3.2,40.9,0
48.0,38.9,21.2,41.0,0
45.7,42.4,19.3,44.8,0
61.7,98.3,13.9,65.5,1
31.2,90.4,2.1,48.9,0
58.3,21.7,18.6,62.3,0
74.5,90.0,16.2,59.2,1
53.2,25.0,17.7,37.8,0
67.0,45.1,16.1,62.7,1
54.4,33.8,0.2,10.2,0
58.5,40.3,10.8,63.9,0
61.9,85.6,19.4,66.2,0
75.2,65.2,19.2,56.1,0
46.6,86.0,12.5,53.0,0
92.0,28.8,17.3,50.7,0
93.0,80.4,7.2,54.5,1
87.0,64.0,5.9,45.7,0
57.0,87.9,14.1,59.0,0
52.3,28.2,2.0,4.2,0
99.5,49.8,6.2,46.0,0
88.5,88.9,2.5,43.5,0
60.5,78.3,16.2,59.6,0
94.1,25.2,3.0,42.1,0
98.8,92.9,2.3,33.5,0
37.1,55.3,11.2,35.6,0
81.5,91.1,10.2,64.7,1
90.3,69.4,12.0,65.6,1
58.4,93.9,4.8,41.9,0
37.6,42.7,20.9,35.7,0
58.7,93.9,14.2,76.4,1
32.2,86.7,4.6,46.3,0
72.9,71.9,2.8,44.1,0
88.4,62.0,5.1,42.9,1
39.7,41.3,23.1,32.6,0
56.4,71.2,7.8,51.3,0
86.4,63.9,0.2,50.7,0
87.0,39.0,21.3,47.5,0
85.7,44.3,5.2,42.2,0
66.7,55.6,0.8,21.7,0
95.0,26.8,4.7,35.5,0
56.5,22.4,4.8,23.2,0
92.5,82.4,5.5,55.9,0
82.1,64.2,1.1,38.2,0
61.8,66.3,7.5,52.5,0
37.9,68.6,19.8,68.4,0
65.7,82.9,4.7,57.1,1
56.2,44.8,21.4,39.9,0
97.4,66.8,11.2,64.6,1
89.3,93.0,20.3,100.0,1
71.3,87.5,3.5,71.7,1
32.5,67.6,15.8,29.0,0
67.2,71.9,5.6,50.2,0
54.2,96.3,0.5,65.0,0
99.2,32.4,19.9,59.8,0
77.8,39.1,22.7,79.1,1
43.3,40.4,23.1,34.8,0
38.9,47.3,0.7,37.1,0
40.7,89.5,17.8,80.4,0
42.8,34.4,12.4,30.6,0
45.9,51.8,22.3,49.4,0
60.9,55.1,11.8,40.5,0
50.3,54.4,14.9,55.6,0
95.2,35.0,14.1,67.3,1
85.0,79.0,4.0,22.3,1
99.6,51.4,22.9,52.5,1
95.2,92.4,15.1,48.0,1
53.9,52.9,1.7,27.1,0
42.3,60.5,16.7,52.3,0
33.2,67.8,5.1,21.1,0
90.9,62.9,14.8,79.5,1
58.5,83.5,23.2,67.1,1
31.4,61.7,2.7,25.1,0
94.0,94.1,15.2,79.9,1
80.5,47.1,21.8,55.7,1
85.2,39.7,23.4,52.9,1
74.9,74.1,20.4,66.2,1
55.3,59.6,4.9,32.8,0
84.9,44.0,12.7,60.2,1
48.7,22.9,23.6,33.3,0
80.2,58.9,10.3,60.0,0
41.2,37.9,0.8,1.0,0
31.4,72.6,0.4,25.6,0
92.3,65.7,22.1,82.3,1
49.0,76.0,7.8,47.5,0
81.4,43.1,23.7,46.3,0
54.3,27.4,6.8,5.7,0
58.5,45.1,22.4,54.0,0
54.8,92.2,9.2,67.7,0
63.7,20.4,3.7,25.2,0
94.7,58.3,13.5,66.5,1
48.5,33.3,9.0,16.5,0
64.0,49.8,17.6,47.0,0
70.7,46.2,2.0,36.8,1
36.6,49.9,10.3,49.7,0
96.5,83.0,1.2,50.3,0
33.8,95.4,19.0,63.0,0
52.1,56.1,2.1,43.1,0
71.3,32.2,13.9,38.1,0
56.7,67.3,8.2,61.7,0
33.0,41.6,12.0,46.6,0
94.9,59.8,4.6,58.5,0
99.0,71.6,22.5,80.5,1
39.3,97.0,11.5,48.9,1
93.6,90.2,23.0,92.1,1
98.4,39.0,3.9,46.8,0
58.1,32.6,9.6,36.6,0
90.9,76.1,10.1,59.2,0
57.8,32.9,6.2,34.7,0
68.5,83.7,2.3,53.0,0
67.7,34.9,1.5,37.9,0
38.0,52.8,10.8,10.2,0
96.4,46.3,0.2,31.2,0
68.9,76.1,6.9,63.4,0
41.1,65.4,13.0,31.0,0
58.6,21.5,9.3,17.1,0
46.7,80.8,14.2,67.1,0
95.4,37.6,14.1,60.1,1
70.6,91.8,15.0,75.0,1
69.0,54.5,6.4,30.8,0
32.9,31.5,18.5,50.9,0
55.6,60.1,6.1,38.8,0
42.8,50.3,10.8,24.4,0
40.4,36.7,15.0,48.5,0
89.4,77.3,3.0,62.6,1
83.1,35.8,3.7,45.0,0
41.8,66.4,12.2,46.2,0
83.5,35.6,10.6,24.9,0
89.8,84.4,21.9,100.0,1
66.9,48.9,22.9,65.0,1
90.3,44.2,10.7,64.6,0
84.0,58.2,7.9,55.9,0
36.0,94.5,3.2,53.3,0
88.2,37.6,7.7,57.4,0
89.0,49.6,22.2,81.2,1
40.9,54.5,14.8,26.0,0
95.4,59.8,0.9,41.2,1
56.7,36.0,16.2,53.6,0
74.5,54.7,12.7,51.3,1
82.3,99.2,4.6,62.6,0
60.0,70.5,14.9,71.8,0
97.4,88.4,0.8,55.8,1
84.5,97.8,4.2,90.0,0
86.9,81.5,1.9,73.7,0
65.7,48.2,9.6,50.4,1
84.2,79.5,18.7,56.2,1
34.8,52.7,11.2,41.5,0
52.0,89.4,12.4,63.5,1
94.0,70.5,14.3,63.0,1
53.1,56.3,0.9,42.9,0
58.9,91.7,9.6,76.8,1
76.5,50.0,5.0,39.8,0
98.0,41.0,6.6,49.1,0
32.5,34.1,15.5,37.3,0
63.7,77.2,2.4,15.2,0
59.9,42.8,19.5,60.8,0
95.6,32.2,6.6,37.2,0
32.8,62.2,10.6,25.2,0
62.8,59.3,21.0,65.3,0
82.6,90.3,16.7,70.2,1
57.6,74.0,7.2,63.5,1
88.2,86.2,1.7,45.5,0
62.9,81.4,0.8,20.5,0
50.5,52.3,12.4,41.9,1
38.6,59.0,2.7,34.5,0
99.4,27.9,11.3,32.6,0
45.8,77.5,11.9,41.5,1
51.3,88.4,18.3,53.1,0
57.2,38.0,22.5,64.4,0
85.0,96.8,7.8,84.3,0
35.4,24.5,19.1,43.6,0
64.2,60.5,22.4,64.8,0
74.3,33.9,14.9,52.4,0
52.7,94.7,19.9,67.7,1
62.1,39.4,22.3,57.4,0
82.0,65.9,18.0,42.4,0
79.4,32.6,4.8,28.5,0
81.1,57.3,0.6,37.4,0
89.2,38.0,21.6,65.0,0
84.1,35.1,10.8,50.9,0
84.6,63.2,17.9,55.6,0
35.4,53.9,14.5,25.0,0
67.9,29.1,12.1,46.8,0
32.6,96.6,20.3,79.7,1
81.0,84.2,7.5,63.3,1
82.7,82.5,0.0,60.5,0
72.1,49.5,17.2,68.1,1
89.2,22.0,15.3,51.7,0
65.5,72.5,21.6,57.5,1
60.1,94.5,0.5,57.9,0
67.4,39.4,13.8,50.9,0
78.1,31.2,19.0,52.2,0
36.3,70.6,1.4,29.6,0
82.0,57.0,18.5,43.2,0
38.7,28.5,23.9,41.0,0
77.0,74.9,4.5,70.1,0
90.0,69.2,7.9,68.6,1
43.1,73.8,17.6,70.9,0
64.5,87.0,0.2,42.2,0
91.5,73.6,16.7,68.9,1
88.9,48.0,8.2,27.5,0
89.6,20.5,17.5,25.4,0
44.5,29.4,10.0,18.5,0
41.5,40.3,10.6,46.6,0
73.4,92.3,18.3,76.9,1
88.6,64.9,19.9,71.0,1
86.7,51.6,6.9,57.8,1
93.4,34.6,7.4,37.2,0
31.1,64.7,10.1,55.6,0
48.0,49.0,2.2,37.5,0
73.7,43.7,1.8,30.4,0
44.9,76.7,21.1,48.3,0
39.3,63.4,23.4,37.0,0
58.2,32.9,7.3,29.2,0
77.3,73.8,5.6,72.2,0
91.8,49.9,4.0,56.4,0
54.0,22.6,22.6,34.7,0
96.9,42.4,22.8,73.1,1
31.1,29.3,8.8,18.2,0
59.8,53.6,10.2,44.6,1
78.6,82.1,16.9,88.3,1
96.8,30.0,8.6,56.0,1
32.9,84.7,9.9,53.9,0
78.4,47.1,13.3,30.1,0
33.4,71.1,0.8,38.1,0
34.8,33.6,1.6,20.4,0
67.7,93.6,20.1,68.1,1
40.2,24.7,2.5,30.6,0
74.2,43.0,10.2,36.7,0
34.9,75.2,4.3,48.3,0
37.1,24.2,20.9,31.1,0
88.8,89.0,15.8,93.4,1
99.4,66.6,4.6,53.5,0
89.4,56.6,2.7,47.6,0
61.8,21.8,13.1,27.8,0
34.0,39.4,20.5,49.7,0
82.5,47.3,6.9,52.6,0
77.7,24.6,21.0,53.0,0
43.1,42.1,23.4,44.1,0
67.9,54.8,14.9,68.4,0
68.0,43.5,2.2,9.7,0
69.7,63.2,10.5,56.0,0
38.5,27.3,15.7,37.4,0
58.5,21.8,7.1,35.1,0
69.3,50.8,18.4,62.8,1
44.8,57.8,1.6,37.8,0
46.8,70.3,7.9,44.5,0
99.8,75.1,14.6,77.8,1
79.3,64.6,7.5,56.0,0
77.5,94.1,19.2,81.7,1
65.1,77.8,21.1,68.0,1
71.2,43.4,12.4,36.7,0
46.4,30.5,10.0,44.5,0
48.7,31.3,2.2,34.5,0
79.8,32.0,18.5,53.4,0
30.6,76.0,7.7,42.4,0
57.2,72.0,14.0,60.5,0
86.7,22.9,12.4,55.8,0
73.8,57.7,6.3,48.7,0
68.9,94.3,0.5,61.8,0
74.5,74.0,7.2,65.0,1
53.0,39.6,6.0,32.2,0
42.6,94.5,1.1,44.5,0
31.6,46.1,11.5,39.5,0
60.2,77.6,15.2,37.6,1
84.5,42.3,6.6,40.1,0
61.3,65.5,19.8,66.3,1
38.7,47.1,20.2,56.7,0
45.0,65.3,7.3,35.4,0
94.6,38.7,7.0,44.5,0
39.8,91.2,9.9,67.5,0
63.4,64.9,0.3,44.9,0
95.0,78.6,10.8,66.4,1
57.6,29.6,0.3,20.5,0
65.7,67.4,8.3,49.9,0
56.4,93.2,9.9,80.5,0
73.6,51.9,14.8,49.6,0
68.6,45.3,10.3,62.4,1
81.3,90.5,15.9,83.1,1
56.4,30.2,18.6,56.0,0
63.7,91.7,6.3,81.9,1
44.3,42.8,6.8,26.4,0
93.0,72.7,11.9,90.1,0
69.3,38.1,12.2,41.9,0
67.6,90.8,10.9,72.6,1
30.3,43.4,17.9,52.2,0
88.9,83.2,17.6,73.1,1
69.0,42.3,8.5,51.8,0
49.1,33.5,11.4,40.6,0
55.4,27.9,11.4,43.7,0
86.6,25.1,7.5,42.6,0
92.8,32.2,2.7,28.2,0
42.2,53.9,19.5,46.2,0
48.3,29.5,16.6,49.0,0
88.1,79.1,18.2,98.5,1
91.6,22.5,7.6,37.4,0
60.6,63.5,20.5,66.0,0
32.8,27.1,2.3,2.1,0
46.2,27.4,5.9,27.4,0
72.7,78.9,4.4,61.3,0
38.8,97.8,17.1,71.1,1
34.6,23.7,17.8,29.5,0
44.3,76.4,11.2,43.7,0
47.0,62.9,20.1,74.1,0
57.7,81.2,11.9,50.0,0
89.1,40.3,4.2,37.5,0
44.3,41.3,10.1,21.3,0
46.1,24.2,13.8,50.0,0
51.9,47.8,12.7,39.5,0
44.5,32.3,22.9,39.2,0
84.7,62.2,18.4,65.1,0
90.0,26.0,16.5,49.4,0
92.4,95.5,16.6,78.4,1
85.9,67.7,7.6,64.0,0
74.6,45.1,4.5,26.3,0
75.7,45.5,5.1,47.8,1
72.4,73.1,14.0,60.9,0
61.6,24.0,13.9,27.3,0
31.9,37.6,6.2,18.4,0
93.2,20.5,7.6,35.4,0
98.2,52.9,12.9,59.2,0
69.9,55.3,19.8,67.0,1
86.0,58.4,3.9,41.1,0
82.2,46.1,6.9,30.5,0
98.4,49.2,6.6,47.8,0
42.8,33.2,1.1,0.0,0
82.7,67.0,18.3,84.4,1
83.5,61.8,12.6,52.9,0
90.0,52.1,7.1,58.5,0
75.6,69.3,7.4,36.5,0
67.4,64.9,1.5,23.3,0
52.3,20.4,21.6,42.4,0
84.5,36.2,20.4,46.4,0
40.4,67.6,11.0,60.5,0
41.5,98.8,12.0,34.3,0
47.2,71.5,3.0,53.8,0
81.3,29.1,4.9,47.5,0
84.2,67.1,13.2,59.6,0
50.7,68.8,16.7,62.1,0
44.9,55.7,1.1,7.2,0
97.6,21.5,10.5,36.9,0
33.3,50.1,12.0,48.4,0
55.3,40.9,16.4,37.3,0
69.6,99.4,0.4,61.8,0
37.9,51.2,23.1,49.5,0
32.7,92.0,21.8,74.1,0
53.3,93.9,8.5,48.5,0
49.7,81.3,16.4,86.1,0
66.8,66.7,12.2,45.5,0
32.6,41.9,9.9,15.0,0
62.7,21.9,7.5,22.0,1
69.0,29.9,5.5,33.6,0
73.4,82.8,21.1,54.7,1
88.5,50.8,9.3,63.2,1
85.4,41.4,10.7,58.8,0
96.0,24.5,13.9,37.5,1
75.5,97.3,15.3,94.2,1
84.2,26.1,21.3,74.4,1
75.2,90.8,23.4,89.3,1
98.9,78.2,10.6,74.4,1
69.2,45.1,4.4,34.5,0
42.0,45.2,13.6,33.8,0
37.8,79.5,19.4,77.2,0
62.1,43.9,1.4,42.0,0
94.5,86.7,9.6,89.3,1
84.3,52.9,8.6,42.9,1
47.2,85.7,15.0,70.4,0
76.8,61.6,19.3,87.7,0
59.4,34.2,14.7,44.6,0
33.5,62.2,15.6,62.8,0
33.4,97.3,18.3,85.1,1
92.2,29.7,13.7,41.8,0
69.8,88.5,7.5,50.0,0
56.9,41.8,4.7,39.4,0
78.2,58.0,11.6,67.1,1
84.7,95.4,12.6,100.0,0
47.0,26.8,23.9,33.6,0
35.4,79.7,4.7,34.6,0
65.9,54.9,8.9,46.8,0
47.1,74.6,23.1,83.2,1
51.6,55.4,20.8,63.0,1
48.0,28.3,10.0,31.6,0
82.4,36.3,3.3,33.6,0
51.4,54.2,19.5,73.6,1
35.0,28.5,6.0,0.0,0
90.1,36.2,11.3,51.0,0
31.6,54.9,0.5,21.9,0
90.2,72.9,23.7,75.3,0
50.7,36.1,9.2,40.3,0
76.3,74.7,15.0,73.1,0
39.9,68.2,1.0,27.9,0
93.8,96.6,10.1,81.2,1
86.3,66.5,1.9,39.5,0
34.6,65.0,3.8,28.1,0
61.9,71.8,13.0,53.4,0
60.1,91.9,13.1,67.4,0
73.6,84.4,19.5,85.1,0
50.9,44.6,18.7,41.6,0
97.6,38.8,0.1,27.6,0
41.3,37.2,6.6,16.9,0
45.4,93.1,14.0,65.9,0
70.4,89.5,11.3,46.8,0
98.3,90.1,9.3,78.5,1
62.0,80.2,15.0,68.9,0
43.8,71.9,0.9,25.7,0
30.9,30.3,10.5,26.6,0
87.9,87.4,10.5,70.6,1
90.9,43.4,14.9,66.0,1
46.0,73.7,16.2,63.3,0
67.7,65.2,2.9,35.6,0
45.3,30.8,23.4,32.6,0
97.3,71.6,15.7,74.1,1
87.8,85.7,12.4,83.2,1
81.1,94.9,14.7,64.1,1
88.9,93.6,7.2,61.9,0
30.6,94.4,8.1,62.8,0
47.9,67.4,12.3,44.1,0
78.3,45.5,22.7,77.1,1
50.1,80.7,16.0,52.0,0
70.8,20.6,12.2,50.2,0
45.4,74.7,23.0,68.5,0
66.2,84.0,3.3,53.1,0
84.4,24.1,2.3,43.7,0
43.7,65.3,22.9,82.7,1
88.4,73.0,16.8,77.1,0
65.5,40.6,6.1,46.1,0
35.7,93.6,17.9,56.1,0
30.1,68.7,4.4,61.0,0
96.3,74.8,15.4,74.0,1
62.6,51.5,20.7,41.4,0
84.6,62.0,23.7,53.7,1
76.7,95.4,13.5,89.1,1
43.1,84.7,12.5,47.4,0
70.8,89.1,4.8,45.4,1
47.6,82.0,22.0,61.9,0
64.9,63.9,2.5,50.5,0
80.4,83.7,11.0,66.4,1
65.8,77.4,2.8,50.1,0
49.8,62.6,0.5,30.0,0
75.6,97.7,22.4,89.9,1
70.7,70.4,17.1,74.7,1
69.5,75.9,23.9,81.4,1
84.5,63.2,7.0,36.5,0
87.2,30.8,20.8,48.5,0
49.7,23.4,23.6,68.3,0
99.1,73.9,22.4,81.9,1
52.1,72.7,6.8,72.0,0
55.3,39.9,15.6,37.3,0
89.8,40.4,15.0,70.9,1
37.7,82.0,13.8,35.3,0
47.8,28.9,2.0,18.5,0
86.9,93.0,11.6,48.1,1
85.8,98.4,21.5,100.0,1
84.8,61.0,10.0,65.5,1
86.8,91.4,17.9,75.2,1
84.8,85.9,22.7,90.9,1
78.0,25.0,7.6,35.2,0
69.2,64.5,4.7,57.0,0
74.5,78.0,19.8,61.5,0
45.6,38.3,5.4,13.3,0
64.8,61.3,13.4,70.0,0
68.8,35.9,19.5,57.2,1
40.1,57.5,13.8,36.3,0
60.8,83.7,12.7,51.5,0
81.9,58.7,20.3,48.8,0
66.0,71.7,22.6,84.8,1
44.4,69.1,21.9,59.3,0
88.2,38.0,22.5,57.7,1
49.2,68.1,7.6,42.4,0
76.4,56.2,8.4,36.5,0
89.7,75.7,12.5,72.5,1
98.5,34.5,10.3,53.1,0
96.1,32.0,9.3,40.7,0
89.7,77.5,9.9,57.0,0
91.1,43.7,6.6,50.5,0
50.0,72.1,0.2,37.6,0
50.5,67.1,13.9,36.5,0
47.6,94.9,7.5,67.3,0
35.5,91.3,18.9,65.7,0
39.1,29.2,17.2,46.6,0
50.4,59.7,2.1,37.0,0
59.6,47.0,6.7,52.6,0
92.0,33.0,20.6,74.0,1
39.3,67.1,6.5,33.5,0
38.6,75.2,14.2,36.6,0
65.8,38.2,7.5,44.2,0
58.2,25.5,22.1,55.7,0
48.0,84.7,13.6,53.5,0
86.4,66.7,8.3,56.4,0
60.8,37.2,11.2,0.5,0
99.7,95.9,19.1,72.7,1
66.3,35.3,2.9,7.0,0
92.0,65.5,0.2,57.2,0
87.6,79.9,0.1,67.3,0
42.5,30.4,7.0,12.7,0
81.5,26.3,14.7,62.3,0
37.9,37.2,12.6,31.1,0
42.1,72.3,14.7,48.7,0
63.0,47.2,23.1,73.2,0
43.1,37.5,6.2,4.9,0
78.4,46.9,4.9,30.0,0
54.0,63.9,2.7,33.5,0
93.3,69.8,20.4,98.2,1
55.3,73.4,0.8,46.0,0
50.6,77.6,3.5,36.5,0
91.0,49.2,10.7,55.4,1
65.5,64.4,22.5,77.5,0
47.1,81.8,1.5,60.4,0
32.3,31.9,14.6,39.4,0
56.2,55.7,24.0,42.9,0
62.0,83.2,2.3,53.7,0
63.7,79.1,5.0,54.6,1
68.9,22.0,18.9,36.7,0
87.7,86.4,17.1,75.8,1
75.5,22.0,19.3,68.0,1
49.8,75.1,19.7,75.1,1
60.4,47.3,21.6,76.3,0
84.2,54.5,1.1,25.6,0
34.5,87.6,12.8,61.0,0
65.1,32.4,13.7,26.5,0
83.4,90.7,9.6,71.1,1
61.8,67.3,2.4,23.9,0
35.5,92.5,20.6,74.8,0
87.3,78.2,20.9,79.3,1
50.9,20.1,3.3,3.8,0
70.4,28.9,8.1,21.0,0
78.5,59.3,17.1,93.9,1
50.4,90.1,2.1,47.5,0
47.7,97.6,10.7,49.4,0
32.2,41.4,20.6,38.7,0
74.9,44.6,20.7,72.3,1
42.2,35.4,23.7,36.4,0
98.7,72.3,11.9,72.7,1
59.5,36.4,1.8,2.3,0
40.7,41.5,12.9,8.2,0
38.8,82.0,16.6,77.4,0
59.7,28.2,9.6,21.6,0
53.5,61.1,16.8,32.9,0
55.8,42.1,0.0,14.6,0
75.0,61.6,1.4,50.1,1
69.0,36.7,1.9,37.5,0
83.4,43.2,12.5,33.2,0
76.6,83.2,3.4,52.8,0
57.8,67.4,21.9,52.4,0
31.2,56.8,11.8,46.0,0
52.9,56.8,9.9,34.6,0
55.4,36.5,22.8,44.6,0
71.0,90.1,4.4,47.4,0
66.7,27.2,2.9,48.2,0
50.7,76.0,15.3,69.4,0
58.5,20.8,0.7,0.0,0
82.7,32.0,9.8,51.6,0
84.8,91.6,18.4,91.2,1
32.7,92.7,1.2,33.1,0
85.5,98.4,9.2,64.4,1
90.6,64.9,5.1,52.8,1
35.9,79.0,3.8,39.1,0
60.0,75.5,4.7,54.8,0
42.5,97.6,17.1,65.4,0
98.8,75.8,9.4,86.2,1
63.9,57.2,12.7,51.1,1
58.3,28.3,13.6,27.9,0
63.4,33.2,19.2,39.3,0
99.3,57.0,7.8,62.2,1
53.5,24.1,21.5,23.4,0
77.2,68.7,11.4,55.9,0
42.9,55.8,10.9,34.3,0
68.7,70.7,11.1,48.4,0
62.5,97.6,21.2,89.8,1
54.7,46.1,21.4,69.3,1
89.2,37.3,21.6,64.4,1
95.7,60.9,9.0,45.3,0
67.4,27.1,3.1,32.5,0
66.6,70.6,13.2,71.5,0
68.7,53.2,14.2,47.2,0
58.8,71.0,7.8,75.0,1
78.1,50.7,7.8,44.2,0
78.7,41.2,9.5,46.0,0
74.7,94.3,10.0,65.4,0
85.6,74.9,17.8,90.2,1
75.0,83.3,3.5,59.3,0
81.0,39.0,11.1,50.6,1
87.2,78.1,6.5,69.0,1
59.1,29.6,2.2,16.5,0
71.5,57.4,3.7,72.6,0
91.0,63.3,18.1,68.5,1
58.6,41.1,23.1,56.2,0
48.1,50.0,3.6,46.0,0
66.6,45.2,5.1,23.6,0
32.4,99.7,11.0,62.4,0
94.0,93.1,17.6,85.1,1
70.6,87.4,7.1,66.5,0
85.6,32.5,20.5,40.4,1
45.8,48.8,21.9,50.3,0
52.7,55.6,20.2,50.5,0
52.0,22.4,0.9,36.3,0
66.8,61.4,14.6,63.4,0
31.7,84.7,19.2,60.8,0
71.8,59.5,16.7,42.8,1
75.3,71.6,20.9,66.0,1
39.3,85.5,19.0,62.2,1
60.7,86.8,10.7,75.1,0
72.6,69.5,11.9,77.4,1
58.8,44.7,2.1,65.5,0
30.2,53.9,22.2,36.5,0
50.3,90.9,6.2,53.4,1
50.4,50.7,15.1,51.7,1
63.6,47.2,10.7,33.1,0
71.9,79.9,9.6,68.5,0
55.6,98.5,4.8,83.6,0
64.0,22.4,22.5,65.6,0
98.4,73.7,21.3,76.9,1
50.1,28.7,20.7,54.9,0
82.5,44.5,6.9,68.7,0
58.7,40.4,20.5,60.9,0
70.7,30.9,2.3,26.7,0
75.4,58.7,19.6,74.9,0
98.7,37.8,17.5,64.2,0
42.6,49.0,14.2,49.6,0
49.2,61.8,8.4,55.2,0
48.5,83.5,1.3,40.5,0
38.2,70.5,8.7,33.0,0
48.8,67.8,8.7,36.8,0
67.1,51.0,20.5,58.2,0
80.4,91.6,1.4,70.3,0
72.3,45.4,13.1,54.8,1
69.6,96.3,10.0,59.8,1
71.6,68.9,5.9,19.7,0
57.8,53.9,22.7,52.6,0
61.4,25.8,5.5,32.4,0
53.3,58.7,1.2,70.5,0
36.9,62.5,5.2,37.5,0
86.7,37.5,7.5,49.9,0
67.7,43.6,8.1,51.3,0
89.3,23.3,14.2,48.9,0
72.5,25.2,3.3,19.4,0
31.8,83.9,5.6,41.5,0
98.2,34.1,5.4,54.6,1
89.7,56.0,7.3,62.7,0
53.0,48.0,3.4,40.0,0
45.9,64.6,3.8,33.5,0
95.4,62.2,9.8,68.6,0
56.9,55.2,9.4,20.6,0
32.2,90.7,3.7,37.2,0
51.3,90.3,14.3,53.5,0
48.5,26.3,16.0,39.2,0
87.5,79.9,10.1,74.2,1
90.2,90.4,12.2,89.1,1
69.9,25.6,10.9,30.8,0
56.1,73.4,3.8,52.1,0
32.3,42.4,13.8,32.4,0
48.8,66.4,22.1,58.7,0
97.5,99.9,17.6,100.0,1
95.0,84.4,20.4,91.6,1
44.5,90.9,16.5,75.8,0
43.3,45.9,9.1,13.1,0
51.3,77.6,6.3,42.8,0
83.7,35.1,18.4,48.7,0
