floor_area_m2,bedrooms,building_age_years,location_score,has_balcony,monthly_rent_omr
177.8,3,2.9,6.9,0,766.5
65.7,1,25.1,6.0,0,256.4
164.0,2,21.9,7.8,0,735.7
191.3,5,0.1,3.6,1,852.9
215.6,5,11.6,3.8,0,822.1
192.2,4,13.9,9.4,0,910.6
257.2,6,13.2,7.5,0,1100.4
82.4,2,10.4,3.1,0,494.2
67.3,1,4.7,5.4,0,375.7
50.3,1,2.6,3.3,0,440.4
250.1,6,3.3,6.6,1,1115.5
208.4,3,16.4,8.9,0,842.0
137.9,3,10.1,2.5,1,546.6
116.7,1,24.6,6.9,0,433.9
145.5,2,16.0,4.5,1,595.5
164.3,2,11.5,6.2,1,693.7
202.1,5,1.3,3.0,1,906.2
181.3,4,12.7,2.5,1,677.9
99.7,3,3.1,5.9,0,605.8
231.4,5,7.1,4.4,0,881.8
52.2,1,0.0,6.3,0,470.5
246.0,6,15.4,5.8,0,1019.2
254.6,5,20.4,4.4,0,928.1
113.0,2,22.9,2.2,0,322.3
172.2,4,6.0,7.4,0,725.0
124.9,4,20.0,6.4,0,699.8
183.9,5,22.4,7.2,0,876.6
194.8,5,11.9,2.7,0,909.2
194.6,4,18.2,4.3,0,754.7
104.6,2,6.6,9.9,1,849.4
227.3,4,10.4,3.3,0,809.5
52.8,2,20.4,5.5,1,367.2
90.0,2,2.6,6.9,0,551.0
208.8,4,11.5,7.3,0,933.6
129.5,3,15.7,7.6,0,742.9
234.5,5,27.0,2.8,0,751.0
85.1,2,6.2,8.4,1,633.1
239.6,4,3.7,2.8,0,877.2
166.5,3,15.3,4.5,0,610.8
243.7,4,26.0,6.9,0,890.9
230.4,5,2.9,5.6,0,996.3
123.2,3,24.4,7.3,0,644.9
134.2,3,7.5,9.7,0,746.2
178.3,3,20.1,5.2,0,555.0
189.3,4,21.4,1.2,1,690.6
239.2,5,0.7,5.3,0,1038.5
82.8,2,26.0,7.1,0,492.8
131.6,2,5.3,10.0,0,733.6
121.4,3,1.3,7.5,0,730.5
255.9,5,2.8,5.2,0,1056.6
248.2,5,0.4,7.4,0,1051.8
205.2,4,11.8,3.1,1,741.2
145.0,3,0.3,1.5,1,613.5
153.4,3,5.9,4.1,1,595.6
222.4,5,23.0,2.0,1,791.8
167.2,4,18.8,6.8,0,733.6
253.6,5,6.2,7.0,1,1079.1
62.0,2,3.4,2.5,0,437.4
192.0,3,2.4,7.3,0,844.9
184.4,3,26.1,4.3,1,727.3
175.7,3,25.2,1.2,1,522.0
85.2,1,1.3,8.6,0,631.2
83.7,1,11.7,8.3,1,493.9
104.0,2,8.7,6.1,1,641.0
81.3,1,18.1,4.6,0,368.4
219.0,4,22.1,8.4,0,884.5
100.0,1,0.7,2.1,0,466.2
125.1,2,13.0,7.2,0,590.9
238.5,3,27.0,9.1,1,868.3
138.0,2,25.8,3.8,1,504.8
159.6,4,5.1,3.5,1,797.4
78.9,2,8.3,7.5,0,612.1
130.3,3,5.8,3.6,1,709.6
62.1,2,22.3,7.0,0,469.5
184.2,3,20.7,9.9,0,789.6
153.4,2,22.1,3.1,1,527.8
227.9,5,2.3,1.0,1,924.8
207.1,5,14.7,9.6,1,1087.0
253.9,5,6.3,8.8,0,1191.7
117.6,2,16.7,3.8,1,479.8
114.0,2,15.5,7.2,1,640.0
90.7,2,1.2,4.5,0,519.2
126.6,3,9.9,4.5,0,593.2
135.2,3,21.2,5.2,0,585.4
143.3,3,27.4,6.1,0,483.5
209.5,6,6.1,8.7,1,1147.9
229.5,5,21.4,2.3,0,778.2
137.2,2,12.8,8.8,1,672.8
223.7,5,22.7,9.6,0,880.6
103.5,2,10.4,5.9,0,572.0
198.3,3,6.7,5.1,0,763.0
141.4,3,2.6,5.3,0,678.3
182.3,5,19.4,8.6,1,902.0
186.8,4,3.4,9.2,0,919.4
138.1,2,5.9,6.2,1,718.4
117.7,2,27.5,1.7,1,370.3
190.6,3,0.8,3.3,0,565.3
178.0,3,25.6,1.4,0,450.1
174.2,4,26.5,7.7,1,724.4
164.5,4,16.3,6.2,0,766.8
195.1,5,6.1,4.1,0,829.9
202.9,5,12.3,3.1,0,790.6
227.3,5,24.7,1.6,0,647.2
78.5,2,1.2,3.8,0,472.7
51.9,1,23.4,1.1,0,162.3
74.5,2,17.4,6.8,1,454.1
210.1,5,2.8,5.2,0,901.2
244.3,5,4.1,5.3,1,1016.6
227.4,5,25.5,9.6,0,882.0
209.5,5,19.8,5.1,0,805.0
87.0,3,20.5,2.8,0,486.1
231.7,5,1.4,5.9,1,1008.8
61.8,1,3.4,8.5,1,522.4
74.6,2,12.3,9.9,0,622.7
61.0,1,24.0,8.0,0,434.4
211.9,5,5.0,4.1,1,950.6
74.1,2,0.4,7.1,1,620.4
91.3,1,22.4,2.4,0,356.6
149.0,4,22.5,8.9,0,694.2
227.7,5,13.9,9.9,0,1053.6
248.8,4,19.1,7.4,0,924.3
181.7,3,20.0,6.6,1,753.7
121.1,2,27.2,8.2,0,594.4
169.5,3,24.0,3.1,1,561.4
169.4,3,12.1,4.4,1,706.6
157.0,3,21.0,1.8,0,606.7
190.3,4,22.8,1.6,1,545.0
69.0,2,23.8,3.9,0,351.6
197.6,4,9.4,4.6,0,762.8
235.8,5,10.4,6.3,1,952.2
70.9,1,24.0,5.7,0,370.2
101.2,1,2.1,8.0,1,667.8
169.5,4,6.1,7.7,0,834.7
104.2,2,20.8,4.2,1,512.3
212.2,4,7.4,1.3,0,671.5
156.6,4,7.1,8.4,0,807.0
66.6,2,6.2,4.1,1,545.7
99.1,2,27.7,7.3,0,561.1
223.7,5,21.8,6.2,0,809.1
192.3,3,20.2,7.7,1,884.2
49.6,2,13.1,4.7,0,490.5
227.5,5,1.8,7.6,1,1104.1
86.8,2,12.9,1.8,1,433.0
76.5,2,11.0,1.1,1,399.9
45.4,2,8.3,4.0,0,433.1
69.7,2,24.9,2.9,1,359.6
220.9,4,26.7,1.0,0,684.8
159.2,3,23.6,5.7,0,579.1
156.7,4,6.3,9.0,0,769.6
103.5,1,24.1,5.4,0,369.8
254.3,4,21.7,7.8,0,905.8
203.0,5,16.6,5.2,0,723.7
232.4,4,18.8,3.7,1,815.1
191.2,4,26.8,2.3,1,589.3
170.7,3,21.6,8.8,1,659.7
182.7,2,20.0,2.1,0,557.7
149.4,3,8.7,4.3,0,683.5
94.5,3,17.8,5.7,1,654.7
71.3,3,21.2,5.5,0,475.4
54.2,1,5.7,4.7,1,521.4
81.3,2,7.0,6.5,1,604.9
254.9,5,6.8,4.0,1,893.4
87.8,3,19.2,7.9,1,508.0
199.9,4,10.3,7.0,0,851.0
171.9,2,24.9,1.9,0,493.9
254.4,6,14.4,7.7,1,1044.9
75.8,2,24.5,4.6,0,376.0
257.9,6,26.4,8.4,0,1119.1
97.1,2,22.5,5.1,1,573.3
98.5,3,23.8,2.2,0,378.8
189.0,4,10.5,2.2,0,557.7
219.6,3,11.8,1.8,0,766.4
133.7,4,19.6,8.3,0,695.5
174.3,4,6.2,5.1,0,704.5
205.3,3,18.9,2.7,0,476.7
246.6,6,16.3,9.0,0,1008.5
71.3,2,6.4,1.3,0,393.8
45.8,1,25.0,6.2,0,256.9
101.4,3,11.3,3.2,1,611.5
132.7,2,2.1,9.8,1,827.9
256.9,5,8.2,1.7,0,836.6
181.1,4,26.3,3.6,0,547.7
168.4,4,2.9,4.1,1,769.3
46.0,1,12.7,3.8,1,275.9
177.9,2,8.3,8.8,1,832.8
170.4,3,16.3,7.7,1,801.2
239.4,5,22.2,9.4,0,923.6
100.5,1,1.5,7.4,1,594.7
157.5,4,6.1,1.3,0,730.4
136.9,2,15.1,6.5,1,606.6
84.1,3,1.9,6.4,1,734.0
163.0,4,14.4,1.3,0,588.0
185.6,5,27.4,7.1,1,816.9
70.4,1,13.3,8.9,1,463.8
230.7,6,26.5,9.2,1,1105.0
225.3,4,21.7,8.7,1,833.6
101.7,2,9.2,9.7,1,717.1
210.2,5,17.7,7.2,0,938.2
236.5,5,4.2,6.8,1,1049.9
70.2,1,24.4,6.6,1,330.7
83.6,2,19.5,6.6,0,458.4
80.2,2,7.7,7.2,0,393.9
172.1,3,16.6,7.9,0,637.9
132.3,3,26.4,1.6,1,425.6
170.9,3,26.5,5.0,0,490.0
160.5,2,22.2,8.8,0,659.7
259.3,6,10.2,8.6,0,1331.0
99.5,1,14.8,9.9,0,505.1
61.4,2,11.6,6.1,0,473.2
252.9,5,18.7,4.1,0,823.4
57.3,1,26.9,1.3,0,160.0
213.2,4,1.9,7.2,1,943.9
84.5,2,8.5,6.0,0,541.7
94.1,2,26.4,7.0,1,474.9
149.8,2,1.3,7.0,1,760.1
151.0,3,12.2,9.7,1,776.6
183.5,3,13.9,6.8,0,733.9
151.4,4,2.4,4.2,0,654.2
123.7,4,17.7,5.1,0,660.7
256.0,6,14.0,2.1,0,944.2
233.9,6,0.5,9.3,0,1148.9
166.0,3,10.7,3.1,1,599.7
120.0,2,7.8,1.5,1,600.2
227.3,5,15.6,2.7,1,882.9
57.7,1,5.3,1.1,0,203.4
253.7,5,9.6,6.0,0,1130.1
165.8,4,26.7,8.9,1,853.9
201.5,4,1.1,7.0,1,921.1
95.9,2,15.6,2.5,0,429.8
70.7,1,17.7,2.4,0,315.5
208.4,4,20.4,8.9,0,794.5
257.4,5,3.9,8.3,0,1107.6
178.0,5,23.8,1.3,0,556.2
105.0,2,8.6,6.3,1,654.7
51.3,2,13.1,4.3,0,288.4
259.3,6,12.7,4.2,1,1036.6
167.9,4,0.0,6.2,1,858.0
73.5,1,11.7,6.2,0,380.9
244.5,5,8.9,3.9,0,938.6
224.8,6,10.9,1.7,1,844.3
162.3,4,9.2,1.4,0,613.9
247.1,6,19.2,8.2,0,1216.5
148.4,3,11.8,9.9,0,819.4
214.0,5,2.0,8.1,1,1083.4
164.2,3,20.1,3.8,1,618.3
110.3,3,12.2,5.7,1,720.4
82.6,3,2.7,1.1,1,599.8
118.7,1,20.9,9.3,1,612.8
155.2,3,22.6,7.0,0,546.5
94.5,1,5.8,5.9,1,544.6
237.2,4,18.7,3.4,1,844.8
93.6,2,26.6,7.1,1,415.0
195.1,4,14.4,8.8,0,829.9
97.3,2,12.5,5.2,1,589.4
222.2,6,16.3,7.8,0,946.6
224.8,4,23.7,6.8,0,897.4
157.5,3,16.4,4.6,0,599.7
84.5,1,9.3,5.4,0,458.0
79.1,1,23.7,5.9,1,449.5
143.1,3,25.7,7.7,0,613.6
92.9,3,21.2,1.5,0,333.1
112.7,3,24.8,1.1,1,409.3
53.5,1,21.2,2.3,0,253.2
58.7,2,7.5,6.8,0,533.8
107.2,3,22.3,5.6,0,513.8
80.8,1,2.2,1.1,0,296.7
251.9,5,1.1,4.4,0,998.6
46.3,1,24.6,4.4,1,302.6
240.3,6,21.4,3.0,0,812.9
152.5,2,13.8,4.9,1,693.9
108.7,2,26.2,9.6,1,610.0
107.9,2,27.3,2.6,0,383.8
134.8,2,13.2,7.8,0,622.3
168.5,4,19.1,3.7,0,678.6
131.0,2,19.7,1.4,0,421.8
118.9,3,23.0,8.4,0,630.1
81.4,2,10.7,3.6,1,483.8
145.2,2,13.8,5.1,0,549.4
224.0,4,4.2,6.8,0,892.7
157.2,4,26.1,6.6,0,684.4
255.9,6,7.2,4.1,0,1038.5
169.7,4,1.3,8.9,1,936.5
88.0,2,20.2,1.7,1,367.6
100.2,1,19.6,3.0,1,343.1
142.5,2,18.0,9.4,1,684.4
98.3,3,15.0,1.4,0,430.4
221.6,3,6.1,3.4,0,745.0
83.2,2,3.2,1.3,1,477.4
183.1,4,4.8,4.7,0,790.7
160.7,3,1.1,7.6,0,822.2
258.1,5,2.2,4.3,1,1070.4
238.2,4,27.3,4.1,0,677.0
111.3,2,23.8,5.2,1,584.7
205.3,4,22.0,9.5,1,848.3
164.6,3,24.3,6.5,0,568.0
96.2,2,15.8,2.1,0,409.7
219.1,6,15.2,5.0,0,959.1
46.2,1,24.1,1.4,1,160.0
47.5,1,24.8,8.9,1,377.3
123.4,2,21.5,6.5,1,567.3
66.2,1,6.6,5.0,0,423.0
186.5,4,19.9,6.0,0,740.9
159.1,3,3.2,6.9,0,784.3
214.0,5,20.8,4.6,1,814.2
210.9,4,22.3,1.4,0,704.5
61.3,1,13.9,3.4,0,342.9
107.7,3,15.6,1.8,1,621.3
197.3,4,17.6,4.8,0,754.2
88.0,3,6.4,2.5,1,528.1
98.5,2,25.0,5.7,0,410.1
75.7,2,12.3,7.9,1,647.5
128.9,2,14.4,5.2,0,613.3
108.4,1,11.8,1.3,1,293.4
169.7,4,24.2,5.5,0,655.9
104.8,1,6.2,4.2,0,491.6
251.7,5,9.3,6.6,0,960.6
76.3,2,18.6,2.6,0,387.5
57.2,3,2.0,6.5,1,647.3
145.9,4,1.2,2.8,1,760.6
114.2,2,18.7,2.6,1,465.2
163.3,4,4.1,8.1,0,771.6
176.6,3,15.8,9.4,1,761.1
109.8,1,0.7,9.0,0,661.2
183.0,3,22.4,9.5,0,818.9
116.5,3,9.8,2.0,0,545.6
180.9,4,27.5,8.1,0,676.8
237.6,6,14.0,1.3,1,990.8
137.2,2,24.2,1.9,0,350.3
216.1,5,4.0,7.4,0,995.1
129.5,2,2.2,8.1,1,723.8
176.9,5,7.7,6.1,0,803.6
66.3,1,25.8,1.8,1,193.4
133.8,2,6.2,2.9,1,583.4
201.3,4,23.6,7.0,0,744.2
199.0,5,24.7,1.9,1,672.7
230.8,4,27.9,8.6,1,887.2
246.9,4,15.7,5.1,1,967.3
198.2,4,12.6,3.8,0,730.6
50.5,2,3.2,2.0,0,298.3
96.4,4,16.0,4.3,0,514.0
65.8,2,0.1,6.6,0,583.7
195.0,4,10.8,5.8,1,891.6
216.4,4,15.3,5.1,0,785.1
219.2,3,5.5,8.2,0,1050.7
160.4,2,22.1,6.2,0,469.9
218.6,4,17.2,4.7,0,817.4
161.7,4,9.5,8.8,0,824.4
106.3,1,8.0,1.7,1,368.5
141.1,3,9.4,4.2,0,657.7
109.3,2,0.1,6.6,0,663.2
201.9,4,23.3,5.7,0,747.1
192.3,4,24.8,6.5,1,741.1
48.7,1,3.9,7.7,0,517.1
78.5,1,18.3,3.1,0,281.3
53.6,1,11.9,8.8,1,461.5
106.4,2,0.9,1.5,0,473.9
210.8,5,14.5,2.3,0,668.4
51.5,1,5.7,8.9,0,607.3
186.0,4,20.5,8.5,0,793.8
196.7,4,25.2,4.1,0,593.6
148.5,1,17.7,9.1,0,682.2
202.3,4,5.9,1.7,0,790.2
68.9,3,18.5,4.2,0,493.1
74.8,2,24.8,6.0,1,412.6
255.1,6,17.3,6.5,1,1047.8
115.4,2,16.4,5.8,0,541.9
238.9,5,27.9,7.7,1,988.1
80.1,2,26.2,8.9,1,613.6
112.4,2,7.3,3.1,0,460.1
179.9,4,18.4,9.2,1,867.6
187.6,4,25.3,7.3,1,757.0
45.6,1,17.3,7.5,1,448.2
199.2,3,22.7,4.3,0,612.3
224.7,5,21.2,8.6,0,931.2
253.0,5,23.7,6.8,0,920.0
62.2,2,0.3,7.8,1,581.7
181.6,4,4.6,4.7,1,726.7
132.5,2,10.7,9.1,1,679.3
101.8,3,9.6,9.5,1,792.5
223.6,4,7.7,9.3,0,895.4
72.2,1,6.4,4.0,0,335.6
118.5,1,28.0,2.9,1,356.9
190.0,3,6.4,7.1,0,730.1
236.0,5,19.8,8.0,0,990.5
86.3,2,18.0,7.4,1,527.7
98.2,3,3.9,4.5,0,524.3
155.4,4,3.6,8.1,1,821.1
53.6,1,17.2,8.7,1,447.3
215.4,4,18.3,8.8,1,882.3
66.3,1,27.5,2.3,1,295.9
112.2,3,6.1,8.7,0,681.1
256.5,4,16.8,3.9,1,860.6
66.8,2,17.5,1.9,1,364.9
219.1,5,0.2,2.4,0,954.1
67.5,1,12.4,7.6,1,495.3
132.7,1,11.7,8.1,1,612.0
203.1,5,26.7,1.3,0,614.0
78.7,2,5.6,4.1,0,465.8
121.8,2,1.8,2.8,1,537.7
240.7,6,25.3,9.1,0,1145.8
252.5,5,9.7,5.5,1,965.0
158.6,4,25.9,9.3,0,872.6
159.5,3,4.7,5.9,0,633.7
123.6,2,8.1,4.3,0,630.3
129.0,4,25.3,7.4,1,682.7
204.3,5,6.2,7.7,1,1000.7
182.2,3,3.0,7.4,0,843.1
175.9,4,15.0,1.3,1,695.3
61.0,2,17.4,3.3,0,231.6
251.4,6,14.6,7.0,0,1104.5
49.7,2,10.2,6.9,0,582.6
169.3,4,0.4,8.5,1,912.3
179.8,4,26.6,6.2,1,777.8
121.3,2,12.9,7.9,0,575.1
254.4,6,3.4,8.0,0,1325.6
183.6,3,22.4,4.8,0,611.8
258.8,4,22.2,5.5,0,988.6
63.5,1,8.7,4.1,0,452.7
194.5,5,9.5,5.8,1,860.5
243.9,4,16.5,7.0,1,899.2
73.7,2,23.4,7.3,0,540.7
222.9,4,19.7,8.7,0,856.0
119.9,3,4.8,7.4,1,823.6
122.7,2,3.3,9.0,0,797.1
93.0,2,2.9,6.6,1,644.3
215.7,6,17.3,2.3,0,803.6
169.8,3,5.2,8.0,0,804.6
46.5,1,20.6,7.5,0,403.5
98.6,1,10.8,9.1,1,630.2
244.6,6,11.2,9.7,1,1160.0
167.2,2,8.8,6.6,0,594.0
70.9,1,26.9,8.6,1,492.7
209.1,4,14.2,3.3,0,708.7
111.7,1,22.0,5.6,0,460.5
123.9,3,10.3,2.7,1,507.6
171.6,4,24.8,8.0,0,784.1
206.2,4,20.3,5.3,1,833.9
249.9,4,6.2,6.5,0,1075.2
229.1,5,6.0,8.0,0,1081.5
237.6,5,22.7,4.1,1,950.5
185.0,3,0.0,5.1,1,788.4
109.2,3,27.3,2.3,1,483.2
129.6,3,12.7,3.4,1,616.8
166.1,4,23.7,8.5,1,824.1
233.0,4,27.5,6.6,1,878.2
196.6,4,5.0,9.4,1,1043.1
59.8,2,10.2,5.8,1,526.7
211.0,4,8.5,3.8,1,727.0
227.2,5,10.3,2.4,0,851.4
237.7,5,3.9,5.1,1,1032.0
226.1,5,18.7,9.7,0,1056.3
200.3,6,6.7,7.6,1,976.0
155.1,3,5.8,4.7,1,608.2
114.6,2,9.5,7.9,0,660.7
247.9,4,12.8,6.1,0,873.3
179.2,2,12.0,7.4,0,642.2
145.6,2,19.1,1.0,0,337.9
245.9,5,6.9,8.1,0,1111.0
245.5,6,17.5,5.6,0,975.1
126.6,3,19.9,2.2,1,419.4
142.0,1,10.9,8.9,0,599.8
90.3,2,10.4,2.8,0,421.1
121.3,3,8.0,5.7,0,624.6
83.0,2,6.7,1.1,0,446.5
242.8,6,7.4,1.5,1,993.4
222.3,5,26.3,9.6,1,1066.4
64.8,1,17.4,9.0,0,512.5
68.3,1,12.7,9.1,1,540.8
208.1,4,24.6,5.3,1,720.0
211.1,5,20.4,2.7,1,771.1
107.7,3,26.3,6.8,0,569.8
116.2,2,21.0,1.6,1,398.7
178.8,4,14.9,5.3,0,695.9
146.8,3,3.0,8.6,0,760.5
97.6,3,1.7,8.0,1,747.2
88.7,2,25.8,2.7,1,348.9
55.3,2,20.5,6.1,1,508.3
198.2,5,18.7,3.3,0,737.5
240.3,6,21.6,2.3,0,881.0
128.1,3,5.1,3.4,0,578.9
146.8,4,14.7,8.1,0,803.2
105.1,3,11.0,1.8,0,427.1
158.1,4,25.4,9.1,0,768.8
205.3,5,23.7,1.9,0,639.5
79.2,1,16.9,1.3,1,364.8
67.3,2,15.2,8.6,1,601.8
92.9,1,2.6,4.9,0,512.5
188.3,2,21.9,2.2,0,424.8
206.1,5,9.5,7.9,0,999.2
244.0,6,6.6,4.4,0,1012.4
253.8,5,24.7,6.0,0,919.9
202.1,3,23.6,4.0,1,643.0
63.1,2,18.7,3.5,1,335.7
200.9,3,3.3,3.9,1,732.8
144.1,4,2.4,1.8,0,674.8
105.1,2,21.2,7.3,1,532.2
82.2,2,0.6,1.2,0,534.7
187.7,4,17.6,1.3,1,639.9
204.2,5,18.3,1.2,0,768.3
171.5,3,4.2,1.3,1,649.5
87.2,2,15.1,2.1,0,344.6
134.4,2,9.8,9.2,0,696.0
138.4,5,17.0,8.7,0,829.4
128.6,2,5.2,4.2,1,644.5
251.2,6,15.7,1.2,0,934.2
121.1,3,19.2,7.7,0,714.1
65.5,1,6.4,5.2,0,404.9
74.7,1,26.4,5.1,0,271.5
140.9,3,7.5,1.6,0,532.0
142.3,3,23.0,8.3,1,702.9
181.7,3,20.5,2.0,1,618.4
252.4,4,17.8,5.2,1,942.7
165.6,3,14.0,1.6,1,557.6
181.0,4,2.4,6.2,1,840.6
98.0,2,23.1,8.9,1,622.1
80.3,1,13.0,5.4,0,450.3
152.7,3,6.8,9.7,1,928.7
168.0,3,10.7,8.9,0,742.9
139.7,2,5.7,8.7,1,685.6
211.2,5,26.3,1.7,0,717.7
254.0,6,12.1,9.8,1,1251.8
120.2,2,14.7,4.2,1,523.1
93.5,2,2.9,2.2,0,376.7
48.2,1,26.1,6.2,1,339.4
115.4,3,9.7,9.7,0,767.9
154.3,3,3.2,9.1,1,891.4
185.2,3,2.8,6.7,1,902.1
140.6,3,10.3,8.1,1,772.0
112.7,4,13.2,4.0,0,587.0
59.3,1,2.0,7.4,1,593.7
77.8,1,4.7,5.8,0,449.1
259.8,4,17.6,3.4,0,853.4
62.4,1,9.5,6.0,1,441.8
50.8,2,21.3,8.6,1,436.2
62.4,2,13.5,7.6,1,527.6
130.9,2,15.0,9.8,0,705.2
109.4,2,16.1,3.5,0,544.8
205.2,4,26.2,5.3,0,643.1
52.5,1,12.9,4.5,0,240.5
213.8,5,3.3,6.7,0,925.0
258.7,5,8.1,5.6,0,1016.1
210.0,5,1.2,2.2,0,797.9
72.5,2,25.5,4.7,0,495.1
75.9,1,0.4,2.0,0,417.2
110.1,2,20.0,4.6,0,446.3
87.9,2,15.9,9.2,1,616.6
167.0,3,20.8,6.1,0,580.2
74.4,2,10.0,1.8,0,310.4
105.5,3,5.7,7.1,1,741.2
130.5,3,9.8,6.0,0,660.2
110.3,3,1.8,6.4,0,688.5
48.5,1,14.0,6.6,1,487.7
111.8,2,21.8,6.4,0,519.8
99.1,1,8.8,5.6,0,530.6
204.4,4,24.1,7.0,1,817.8
193.8,3,9.3,6.0,0,733.3
139.3,3,7.4,4.8,0,679.4
117.1,1,27.5,4.8,1,448.9
114.1,3,1.8,9.1,1,868.3
47.3,1,6.0,9.4,0,493.5
167.5,3,27.9,9.0,1,690.9
51.9,2,5.2,5.5,0,550.3
204.9,3,26.3,7.4,0,679.2
83.3,2,3.0,3.4,1,540.9
126.0,3,20.6,6.4,1,673.5
228.3,5,12.1,9.9,1,1152.4
245.9,6,12.8,9.5,0,1180.4
128.1,2,14.2,8.9,1,740.2
137.4,3,25.7,3.7,1,442.7
116.7,2,2.0,8.2,1,767.6
251.6,5,27.1,3.1,0,974.1
117.6,4,11.4,2.4,0,612.1
206.3,4,15.9,4.3,1,692.0
146.4,2,25.9,9.3,1,667.9
170.9,3,5.9,6.8,0,735.2
87.5,1,0.7,6.4,1,562.9
54.7,1,2.5,9.2,0,546.3
47.5,1,16.7,1.1,1,224.4
192.6,4,2.3,2.8,0,715.1
188.1,3,19.6,1.3,0,587.4
126.2,1,26.6,8.4,1,482.4
201.3,3,18.5,3.6,1,718.0
247.9,5,9.5,8.1,1,1151.5
124.4,2,5.8,1.4,0,477.7
248.3,5,4.4,6.5,1,1087.1
210.7,5,9.8,1.5,1,848.3
240.4,5,2.0,3.7,1,1010.6
69.8,1,0.7,2.8,0,470.5
256.0,5,17.0,7.8,0,1048.4
214.8,4,14.6,6.2,0,845.6
79.0,1,18.9,6.9,1,538.4
203.3,5,3.4,6.5,1,977.0
129.5,1,21.3,1.6,1,532.2
208.5,4,17.0,2.5,0,602.3
168.4,3,13.9,3.2,1,623.3
160.1,3,2.1,3.0,0,695.3
158.2,5,1.2,1.8,1,763.8
173.5,4,13.5,7.1,1,785.1
133.6,2,20.4,8.3,1,675.3
189.0,4,23.7,2.3,0,518.8
240.0,5,9.0,5.6,0,1010.3
99.5,2,23.6,5.4,1,479.1
95.2,3,3.1,1.9,0,590.5
188.3,3,25.7,7.7,0,733.0
166.4,4,21.5,8.4,1,826.9
66.7,1,13.0,2.0,0,244.2
130.1,2,18.4,4.6,0,439.0
59.4,1,1.7,4.8,0,364.7
213.4,5,22.6,8.3,0,861.3
222.3,5,25.0,3.8,0,763.6
186.8,3,14.4,4.6,0,697.1
259.7,5,2.1,8.0,0,1223.7
246.2,4,8.7,6.8,0,1005.5
69.5,2,12.7,8.5,0,546.3
195.8,4,20.9,2.2,1,667.4
156.1,4,24.3,7.8,1,785.4
233.9,5,26.1,6.0,0,864.3
145.6,2,21.0,5.1,0,526.6
51.5,2,17.9,4.3,1,370.3
237.4,5,1.2,8.0,0,1099.5
163.5,5,10.0,2.4,0,710.5
108.0,2,2.9,2.7,1,474.1
254.8,5,13.5,1.9,1,901.3
66.7,1,15.7,6.0,0,366.1
58.2,2,18.1,7.2,1,414.0
161.5,4,3.8,9.7,0,946.5
76.8,2,24.2,9.9,1,649.2
183.5,3,24.4,7.5,1,720.8
145.8,3,4.8,1.4,1,688.4
54.4,2,4.7,3.5,0,427.4
177.7,4,20.2,6.2,0,718.6
184.6,5,4.0,9.9,0,1073.9
104.2,2,22.6,3.6,0,383.7
162.2,4,24.3,6.2,0,708.7
224.3,4,0.8,7.0,0,917.7
106.9,2,12.1,8.4,0,568.8
170.1,2,6.1,7.1,0,668.6
116.7,1,22.1,4.3,0,430.2
199.4,5,19.3,9.4,0,948.2
139.9,4,21.6,9.7,0,674.6
176.8,3,8.6,1.5,0,620.2
91.0,1,24.8,8.8,1,537.4
224.6,5,0.3,1.5,1,920.1
50.4,1,26.3,5.5,0,228.6
127.9,2,24.7,3.7,0,350.0
47.6,1,16.0,8.3,1,393.9
160.7,4,27.6,1.2,0,512.2
177.5,4,16.2,6.9,1,899.5
48.4,1,17.1,2.7,1,323.2
179.5,4,27.9,6.0,0,779.3
160.9,3,9.1,5.9,0,692.1
243.8,4,18.1,4.2,0,754.9
220.3,4,19.9,3.1,0,814.0
91.1,3,17.8,1.6,0,383.6
67.4,2,5.0,1.8,1,468.9
103.7,1,12.1,2.3,0,406.7
213.5,4,17.8,2.2,0,733.7
125.2,3,12.7,3.2,1,525.4
193.7,4,8.4,3.1,0,707.4
88.1,2,20.1,2.0,1,380.7
188.8,4,18.3,7.8,0,863.4
164.6,3,1.3,3.8,1,655.5
58.5,2,17.6,2.9,0,390.0
58.7,2,0.4,4.1,0,456.2
59.4,1,22.1,5.0,1,337.8
94.1,2,1.7,4.6,1,549.3
246.2,4,27.2,5.5,0,853.6
126.8,3,17.1,3.3,0,427.0
219.2,5,15.3,3.8,0,844.1
170.6,3,9.8,2.7,1,690.1
173.5,4,13.1,6.2,1,762.1
259.9,5,6.4,2.7,1,922.3
93.8,2,19.8,5.8,0,596.6
190.6,3,15.7,8.2,0,806.5
100.3,2,10.8,6.9,1,607.5
132.9,3,13.0,9.0,1,839.4
157.3,5,21.7,3.4,0,659.8
163.2,3,12.4,1.4,1,623.1
251.7,4,23.6,2.5,1,917.0
183.2,3,4.2,8.3,0,772.9
202.3,4,16.6,5.3,1,832.1
210.5,5,22.4,4.5,0,755.9
255.1,5,26.2,9.3,1,1036.1
138.5,2,6.4,8.8,0,711.6
168.2,3,0.8,1.2,0,563.4
110.0,2,9.4,9.7,1,662.9
97.8,1,17.6,1.3,0,313.5
179.7,3,26.2,1.8,0,503.8
223.1,4,16.2,2.4,0,800.2
131.4,3,17.1,4.9,0,466.0
251.7,5,26.8,6.8,0,888.2
227.8,4,9.4,5.3,0,838.4
132.5,3,24.3,6.6,0,689.1
97.7,2,20.4,1.5,0,368.4
59.1,1,25.2,7.8,1,406.5
79.4,2,11.4,2.6,1,460.9
136.5,3,13.1,6.5,0,677.2
170.4,3,21.3,7.4,1,777.4
63.3,2,9.8,2.1,1,328.1
107.9,2,11.3,8.8,0,582.4
141.5,2,21.8,3.5,1,482.1
151.7,3,23.4,3.2,1,623.0
139.0,3,9.8,4.7,0,597.8
209.8,3,20.9,1.6,1,705.0
180.7,4,16.0,4.4,1,686.9
203.6,5,14.2,4.0,0,796.3
106.1,1,6.2,8.6,0,579.8
62.0,1,3.6,4.1,1,512.0
110.7,2,23.6,5.6,0,429.7
98.6,3,17.9,3.1,1,457.2
238.4,4,14.4,2.0,1,865.5
253.6,6,1.0,1.1,0,1054.4
199.7,4,3.2,5.7,1,874.6
216.0,4,18.7,10.0,0,905.8
223.9,5,22.6,7.4,1,981.7
229.9,5,25.9,8.9,1,919.1
200.6,5,18.9,5.9,1,812.1
165.0,2,15.2,6.7,1,692.6
188.1,4,9.3,9.5,0,915.3
94.4,1,1.0,1.4,0,393.4
169.3,4,11.0,1.1,0,559.5
135.8,3,22.1,2.8,1,581.1
214.3,3,12.7,7.5,1,950.2
197.0,3,14.2,9.3,1,875.3
98.2,1,7.6,4.7,0,521.3
201.9,4,12.6,1.4,0,656.0
161.2,4,9.3,7.8,0,830.1
137.1,4,5.3,6.2,0,875.8
154.5,4,12.8,6.5,1,746.7
55.3,1,4.1,4.5,1,322.0
105.1,3,3.9,6.0,1,676.5
236.8,6,27.8,5.9,0,889.5
92.9,2,12.6,5.0,0,464.1
177.1,4,15.6,4.4,1,678.1
134.7,4,21.7,8.7,0,734.5
220.1,4,14.4,5.1,1,972.6
199.4,5,22.2,2.5,1,698.7
84.0,3,8.6,9.9,0,707.6
253.8,5,13.0,6.8,0,925.3
166.2,3,15.3,1.7,0,580.7
