years_experience,education_years,management_role,skills_score,monthly_salary_omr
22.9,16,1,6.2,2483.5
2.2,16,0,8.0,1019.2
3.6,16,0,5.4,717.0
7.3,16,0,8.0,1169.6
8.5,16,0,1.9,1305.7
19.2,12,1,0.0,1771.0
3.9,18,0,7.0,1134.7
15.9,18,1,8.9,2328.2
2.8,16,0,9.1,1263.8
11.3,16,1,5.5,1485.6
16.3,16,0,7.8,1647.6
3.2,16,0,5.4,994.4
9.4,14,0,2.1,970.9
0.6,12,0,1.7,520.0
13.6,16,1,6.6,2093.4
12.0,12,1,7.8,1450.0
22.2,16,1,9.0,2441.6
4.4,16,0,5.8,1095.4
14.9,12,1,1.0,1504.9
3.8,12,1,2.2,821.7
16.0,18,1,0.1,1669.2
4.4,16,0,2.7,977.2
2.2,16,0,9.5,1044.7
1.0,16,0,6.2,857.3
14.7,14,0,8.6,1734.0
20.5,12,1,8.0,2073.3
11.9,16,0,8.0,1531.2
22.1,16,1,2.2,2374.7
0.5,16,0,2.5,560.2
6.0,14,1,4.8,1195.2
11.8,16,0,6.0,1346.9
4.2,16,1,2.2,1054.7
10.7,18,1,7.4,1953.3
17.8,18,1,2.9,2132.3
22.9,16,1,3.8,2161.9
13.4,14,0,5.6,1618.3
12.8,16,1,1.2,1659.8
12.8,16,0,2.0,1398.3
7.1,12,0,0.1,563.7
3.3,16,0,8.3,1213.3
1.2,16,0,9.3,939.4
0.2,16,0,5.5,850.3
19.3,16,1,9.6,2300.8
6.3,16,0,5.2,1160.7
13.1,16,1,8.6,1730.0
6.1,14,1,9.7,1226.7
20.9,14,1,1.8,1722.6
9.3,16,0,5.5,1287.4
7.5,18,1,6.9,1611.6
22.2,16,1,2.6,2151.7
21.6,16,1,8.6,2307.8
19.1,18,1,2.3,2317.9
17.7,16,1,3.3,2064.3
1.3,12,0,8.6,595.9
21.7,16,1,6.7,2280.8
2.8,18,0,8.9,1334.9
15.5,14,1,7.6,1655.2
14.8,12,1,7.2,1490.4
19.5,14,1,7.8,2053.7
22.0,16,1,6.9,2213.6
16.2,12,1,0.7,1552.5
3.3,12,0,7.3,662.7
8.2,16,0,5.4,1419.8
20.1,16,1,2.6,2125.7
16.9,14,1,1.8,1741.7
10.1,14,1,5.7,1593.3
4.0,16,0,5.1,901.8
7.3,14,1,5.6,1402.9
12.7,12,1,8.0,1722.4
3.7,14,0,1.5,916.3
11.6,14,1,6.5,1793.2
20.1,16,1,5.0,2327.1
7.3,16,1,4.6,1392.9
17.8,12,1,3.4,1712.2
17.7,14,1,5.9,1952.7
18.5,18,1,3.1,2033.8
6.1,14,1,4.0,1344.8
17.4,16,1,3.8,1910.3
9.8,14,1,8.3,1751.5
19.2,18,1,7.4,2395.0
15.8,18,1,1.0,2052.0
19.9,16,1,2.7,2133.5
0.1,12,0,8.7,734.6
2.8,14,0,5.4,809.6
4.6,18,0,0.5,1061.3
8.6,18,0,0.2,1268.9
17.6,16,1,3.1,1768.2
13.1,14,1,8.5,1699.8
19.3,16,1,6.2,2220.9
6.4,14,1,3.4,1393.7
12.5,16,1,1.9,1725.3
16.0,18,0,1.7,1699.2
23.0,18,1,2.7,2408.7
3.2,16,0,9.3,973.0
6.1,18,0,5.3,1346.8
5.2,16,0,3.7,884.8
22.6,16,1,8.2,2269.3
9.0,12,1,0.3,1032.5
20.2,12,1,5.2,1828.0
19.0,16,1,5.8,1978.5
12.6,12,0,1.4,1226.4
16.6,12,1,7.4,1779.7
0.3,12,0,4.1,427.2
21.3,16,1,7.0,2230.5
18.8,14,1,4.3,1929.5
4.2,18,0,0.5,1053.2
2.1,12,0,0.7,570.2
12.2,16,0,4.1,1479.7
18.0,16,1,4.9,1976.9
17.1,18,1,4.0,2114.7
1.4,18,0,8.7,1133.3
20.3,16,1,6.0,1930.7
15.4,16,1,2.6,1947.4
22.2,16,1,9.5,2167.9
6.2,12,0,5.0,595.9
10.0,16,0,0.6,1387.6
1.9,12,0,8.7,675.5
7.7,14,0,6.0,1067.7
11.4,12,1,8.3,1313.0
11.9,16,1,6.6,1494.1
12.0,16,1,3.2,2043.5
14.4,12,1,4.7,1465.2
7.5,16,0,0.5,910.2
3.0,18,0,2.1,1022.3
21.4,18,1,4.2,2452.1
20.4,18,1,9.2,2256.1
22.2,16,1,8.3,2316.6
12.6,12,0,4.2,1021.9
6.2,18,1,10.0,1946.4
6.4,12,0,0.3,451.1
1.1,16,0,3.0,753.4
14.7,12,1,6.2,1428.8
1.1,16,0,2.8,906.5
19.7,16,1,5.9,2019.9
8.8,14,1,5.4,1255.3
8.2,12,1,4.8,1196.4
4.2,14,0,5.4,838.2
19.7,16,1,8.3,2217.1
8.6,14,0,8.8,1141.7
18.4,18,1,9.5,2326.4
21.0,18,1,7.6,2578.5
8.5,16,1,4.2,1544.3
8.6,12,0,2.6,775.1
19.4,12,1,7.6,1876.0
9.0,18,1,4.6,1449.1
7.8,18,1,4.5,1567.6
9.0,16,0,5.6,1192.9
17.1,16,1,1.3,1886.5
7.4,16,0,0.8,1175.4
18.8,12,1,1.2,1758.1
9.7,12,0,2.4,590.2
3.9,14,0,4.1,892.6
16.8,16,1,3.5,1549.2
10.1,16,0,4.4,1372.8
13.3,16,0,9.1,1659.1
7.0,18,0,3.9,1580.6
3.8,18,0,4.3,1241.2
2.2,16,0,9.5,1156.6
13.0,16,0,1.1,1444.6
21.4,16,1,3.6,2221.5
6.3,16,0,2.9,1040.3
22.3,18,1,2.5,2405.3
13.3,16,1,0.1,1442.0
3.8,16,0,1.5,878.1
11.7,16,0,6.6,1772.7
17.8,18,1,7.7,2247.5
22.6,12,1,1.2,1823.2
13.1,18,1,7.8,2112.2
22.8,12,1,1.7,1676.0
3.7,18,0,5.1,1169.9
2.8,18,0,4.3,1144.4
20.2,14,1,5.1,2011.5
10.5,16,0,2.1,1471.1
20.5,16,1,3.3,2180.2
18.5,12,1,0.5,1593.0
7.9,16,0,2.4,1060.7
10.6,18,0,0.0,1645.1
22.2,12,1,3.8,1784.3
17.3,18,1,7.1,2264.7
3.2,16,1,6.3,1317.2
15.7,16,1,3.2,1803.6
16.7,16,1,8.1,2414.2
2.3,16,0,6.5,1009.2
3.6,18,0,7.8,1473.3
5.4,16,0,1.5,934.8
10.0,16,1,3.7,1771.3
8.3,16,1,3.4,1416.6
22.5,18,1,7.4,2692.7
20.8,14,1,4.0,2255.6
9.4,14,1,10.0,1464.5
5.1,16,0,0.3,909.0
0.6,16,0,4.3,459.7
6.9,16,0,3.9,1384.1
6.3,18,1,0.6,1649.7
3.8,12,0,3.4,618.3
17.5,12,1,9.7,1695.7
10.0,14,0,6.4,1192.8
1.1,12,0,2.2,377.2
11.2,16,1,5.8,1404.1
4.3,12,0,5.0,850.7
5.8,12,1,7.0,1066.4
19.1,18,1,4.4,2247.3
2.6,18,0,4.9,1138.9
3.7,16,0,3.3,681.1
0.1,12,0,5.6,692.4
9.6,16,1,0.4,1363.4
18.0,16,1,2.6,1931.0
20.8,16,1,4.8,2254.1
11.4,16,0,6.3,1752.2
7.6,14,1,6.8,1216.2
5.1,16,1,9.0,1277.9
18.3,16,1,1.5,1777.6
4.3,14,0,4.7,883.5
15.3,12,1,4.7,1358.1
8.7,12,0,9.9,1202.3
13.1,16,1,8.4,1873.4
18.1,16,1,8.1,2221.3
7.0,12,0,4.4,837.4
12.0,14,1,2.4,1528.2
0.7,14,0,1.0,474.5
12.3,12,1,0.8,1250.5
4.0,16,1,7.8,1074.5
21.7,18,1,6.8,2712.1
9.8,16,1,2.6,1367.1
21.5,12,1,6.0,1922.3
5.8,12,0,1.1,628.5
11.5,18,1,4.8,1646.0
2.3,18,0,4.1,1009.3
14.4,16,1,5.9,2012.6
16.3,12,1,4.7,1560.7
7.8,16,1,2.6,1364.1
17.7,18,1,2.7,2194.3
10.7,12,0,9.2,1120.2
15.3,12,0,0.8,1225.2
20.1,18,1,2.1,1887.0
12.9,14,1,8.9,1662.8
17.7,16,0,8.7,1918.6
15.4,14,1,9.6,1866.4
11.4,14,0,6.5,1399.7
11.6,16,1,2.6,1599.1
15.5,16,1,6.7,1937.1
6.9,12,1,8.6,1229.6
9.7,12,0,0.5,794.9
1.1,16,0,7.3,972.5
8.6,12,0,2.7,737.6
5.4,12,1,1.4,917.3
0.8,16,0,5.2,824.0
16.2,16,1,2.1,1958.1
17.5,14,1,9.2,1929.1
16.8,16,1,3.9,1977.7
1.2,16,0,9.9,963.0
2.7,18,1,0.0,1261.1
22.2,14,1,7.2,2341.0
10.1,12,1,5.0,1325.0
21.1,16,1,0.8,1953.6
13.6,16,1,9.9,1717.4
15.8,16,1,7.0,1992.0
20.7,12,1,7.0,1785.2
14.5,14,1,8.7,1705.3
12.6,16,1,7.4,1929.8
6.6,14,0,2.7,898.8
7.5,14,0,9.0,1306.0
11.1,16,1,6.5,1498.3
1.1,12,0,6.0,641.6
7.7,16,1,4.3,1415.5
5.1,12,0,7.3,1026.6
1.2,16,1,9.8,1391.5
12.0,18,0,0.5,1619.7
3.1,16,0,2.8,867.1
18.9,16,0,3.2,1882.6
3.1,16,0,1.9,932.0
13.1,16,1,4.7,1631.8
13.0,12,1,4.6,1386.3
5.8,12,0,9.4,1240.9
5.9,16,1,6.8,1416.8
19.5,16,1,0.6,1940.1
22.0,16,1,4.5,2244.5
20.0,16,1,8.5,2503.2
7.0,14,0,6.8,899.9
22.6,16,1,4.9,2222.9
13.6,16,1,9.0,2016.1
3.2,16,1,2.7,1168.3
4.5,16,1,1.3,1265.5
16.6,14,1,1.1,1766.2
13.3,18,1,9.0,2200.9
4.0,16,0,8.4,1114.8
1.1,12,0,8.7,702.0
9.3,18,1,1.5,1707.8
14.5,16,1,7.8,1985.6
14.8,12,1,7.8,1642.2
6.5,16,0,7.9,1339.5
14.0,16,1,4.9,1661.0
7.7,16,0,2.8,1282.2
8.8,16,0,2.1,956.3
0.4,16,0,0.0,693.2
5.0,12,1,1.2,900.7
19.1,16,1,7.8,2126.5
0.3,18,0,0.9,449.7
21.7,12,1,4.2,1924.2
5.1,12,1,0.9,807.1
8.5,14,0,6.2,1130.7
5.8,16,0,8.7,1308.0
18.2,16,1,9.0,2533.3
16.7,16,1,1.8,1655.9
9.1,16,0,4.3,1075.1
22.8,16,1,8.3,2526.0
4.4,16,1,9.5,1250.8
5.3,18,1,9.4,1678.1
16.5,16,1,8.9,2015.2
3.0,16,0,0.0,696.2
15.5,12,1,5.5,1657.8
0.8,18,0,2.4,660.2
7.0,12,0,7.0,842.0
20.4,16,1,6.6,2349.8
16.7,16,1,5.9,2027.1
8.1,12,1,4.5,1361.2
2.1,16,1,8.4,1294.3
15.6,14,0,0.3,996.8
8.2,12,0,0.8,985.9
17.1,12,1,6.1,1751.2
2.6,16,0,9.4,1100.3
4.7,16,0,0.8,760.6
4.7,12,0,5.3,907.6
0.8,12,1,8.5,880.8
1.9,16,0,9.1,1074.7
13.8,16,1,3.5,1658.4
13.1,16,1,8.5,1706.9
15.3,12,1,3.4,1918.8
0.4,16,0,3.7,838.8
0.5,16,0,7.0,833.6
20.4,14,1,3.2,2120.3
0.8,12,1,4.1,773.4
17.6,18,1,2.0,1903.8
15.3,16,0,3.4,1666.1
21.6,16,1,0.2,2255.2
8.6,14,1,1.5,1146.0
0.3,18,0,7.0,904.0
10.4,14,0,1.6,1214.9
16.7,18,1,4.6,2134.5
5.9,18,1,0.4,1569.0
18.4,14,1,8.4,1724.6
12.6,16,1,7.6,1731.0
9.3,18,1,7.5,1763.0
4.1,16,0,3.6,973.6
7.5,12,1,7.4,1098.0
4.8,18,0,3.7,1372.3
9.5,12,0,3.2,631.5
3.0,16,1,6.7,1067.8
4.4,14,1,9.9,1221.0
6.8,12,1,7.4,1209.9
13.3,12,1,9.9,1768.7
5.9,12,0,8.7,852.5
20.1,14,1,4.0,1975.9
7.1,14,0,5.6,1091.5
3.8,12,0,3.5,725.3
3.9,12,0,1.4,687.5
10.3,14,0,3.3,949.8
17.1,18,0,0.3,1852.2
12.3,12,1,9.8,1562.1
8.1,14,0,9.0,1558.7
19.5,18,1,0.9,2194.9
15.3,18,0,6.8,1755.0
19.7,16,1,3.3,2143.0
11.9,14,0,4.1,1304.0
14.5,14,0,4.1,1394.0
23.0,16,1,7.6,2206.6
17.0,18,1,9.7,2352.0
19.1,16,1,8.3,2337.0
7.3,12,1,3.1,1105.5
12.8,14,1,6.9,1596.9
20.5,16,1,7.6,2449.3
5.9,16,0,9.9,1244.2
9.1,12,1,8.0,1118.4
19.1,16,1,9.5,2263.8
1.4,16,0,4.0,765.1
8.4,16,0,2.1,1202.2
8.5,12,0,0.4,792.3
18.5,16,1,9.0,2316.1
0.2,18,0,3.9,821.8
19.8,16,1,1.4,2006.4
0.0,14,0,6.7,751.6
13.8,18,0,4.0,1681.5
4.1,16,0,7.0,988.8
10.9,16,1,0.5,1462.4
13.3,14,1,9.3,1936.7
1.7,16,0,4.5,1176.5
6.6,16,0,1.3,1261.7
4.7,16,0,8.5,1157.2
7.7,16,1,0.8,1361.4
10.5,16,0,4.1,1358.5
9.2,16,1,6.0,1756.9
11.2,12,1,7.0,1220.6
7.1,16,1,4.5,1543.1
8.5,16,0,2.1,1106.7
22.6,14,1,1.8,1955.3
14.0,16,1,5.2,1626.6
2.2,16,0,4.3,985.7
18.6,14,1,5.0,1822.9
10.3,14,1,1.6,1307.3
3.7,16,0,2.6,1081.9
19.4,16,1,0.0,2173.3
16.0,16,0,7.3,2052.1
17.5,18,1,2.1,1823.8
8.0,14,0,2.0,978.7
0.2,12,0,8.0,559.9
1.0,14,0,1.4,590.7
1.6,18,0,1.5,917.8
11.9,16,1,0.1,1546.5
7.0,12,0,9.6,1059.1
22.9,12,1,6.9,2106.9
14.5,18,1,1.2,1755.9
11.3,16,0,5.8,1471.4
15.6,14,1,0.8,1632.6
11.2,16,0,2.9,1641.3
18.7,16,1,9.7,2244.7
0.4,16,0,9.1,941.9
21.0,16,1,6.9,2352.1
20.1,12,0,7.7,1814.3
0.2,14,0,0.8,456.1
17.9,16,1,9.2,2418.1
18.8,18,1,3.0,2231.6
22.9,12,1,1.4,2075.9
15.0,16,1,3.4,1730.9
21.0,16,1,7.6,2144.3
2.3,18,0,8.5,1055.5
21.2,16,1,6.1,2192.9
3.6,18,1,9.5,1174.7
2.0,16,0,2.8,670.5
12.6,14,1,4.6,1701.0
13.3,18,0,8.7,1863.0
20.4,12,1,5.1,1796.4
7.7,12,1,6.3,1126.4
14.3,16,0,5.5,1584.2
8.1,16,1,9.2,1587.4
1.8,14,0,1.1,522.4
17.9,16,1,8.4,2257.8
5.9,18,0,4.8,1231.9
19.9,16,1,0.7,1890.2
1.8,16,0,1.6,752.3
18.1,16,1,8.8,2153.6
4.2,16,0,7.0,883.5
1.8,14,0,9.8,629.7
21.8,12,1,6.7,2253.1
21.9,12,1,3.5,2164.4
10.3,16,1,8.4,1453.5
15.2,14,1,1.4,1542.8
13.7,14,0,2.9,1226.2
7.1,12,1,9.8,1186.5
4.3,16,0,2.3,881.6
11.4,16,1,1.4,1359.1
5.8,14,0,1.6,875.9
5.3,18,0,0.8,1083.4
17.4,12,1,7.1,1720.1
2.1,14,1,2.8,927.0
17.2,14,1,7.0,2033.6
15.1,18,1,2.4,1970.0
20.9,16,1,6.5,2422.2
6.5,14,0,6.7,1042.9
7.8,16,0,3.1,1258.5
5.4,18,0,3.1,1294.4
12.1,12,1,2.8,1094.5
14.4,16,1,0.2,1684.1
1.6,16,0,0.0,702.5
1.6,14,0,5.7,848.5
11.1,16,1,1.9,1425.1
15.3,16,1,7.3,1893.5
22.1,14,1,8.1,2276.4
14.1,16,1,7.4,2020.0
5.2,18,0,1.9,1102.4
6.9,14,0,8.1,1169.8
4.2,16,0,3.3,936.4
22.6,12,1,9.1,2398.9
17.1,18,1,0.9,2066.1
10.3,16,1,5.4,1556.4
7.1,16,0,3.9,1055.6
22.2,14,1,7.2,2236.1
18.4,16,1,3.9,2227.2
0.4,14,0,3.6,814.9
22.2,18,1,5.7,2539.2
14.4,12,1,2.0,1467.9
6.4,16,0,5.7,1235.6
1.3,16,0,5.7,1132.4
13.6,16,0,1.3,1294.3
7.1,12,0,7.6,626.8
3.4,16,0,2.6,631.0
6.0,16,0,7.8,1349.8
8.7,16,1,6.6,1673.7
20.1,18,1,6.9,2329.1
20.2,16,0,3.8,1924.2
8.9,14,1,6.8,1280.8
8.4,12,0,9.7,1125.3
16.6,14,0,0.5,1211.8
17.5,16,1,3.8,1807.3
5.1,12,0,7.8,749.6
20.2,14,1,5.1,2015.4
19.5,12,1,6.7,1816.8
6.0,18,0,5.2,1339.1
1.8,16,0,7.1,912.8
13.9,12,1,6.8,1618.2
16.5,12,1,6.7,1745.2
4.9,16,1,8.5,1535.9
17.0,12,1,2.3,1608.8
17.9,16,1,8.6,2208.6
21.7,14,1,2.0,2017.8
3.6,18,1,0.2,1111.5
18.3,16,1,0.6,1671.4
6.5,16,1,6.0,1513.5
18.8,16,1,3.8,1931.1
10.9,18,0,6.7,1647.9
10.8,16,1,4.1,1807.4
20.8,16,1,0.5,2111.5
2.2,12,0,3.6,510.8
12.6,18,0,1.6,1665.0
20.6,14,1,1.8,1835.7
20.5,16,1,2.7,2105.7
7.6,18,0,4.4,1495.5
14.5,12,1,1.2,1531.6
7.0,14,1,2.9,1211.7
22.3,18,1,3.2,2117.4
18.7,18,1,2.4,2024.3
11.1,16,1,5.7,1496.4
0.5,16,0,3.5,782.1
16.5,18,1,7.3,2443.8
0.6,18,1,7.6,1470.0
13.9,12,1,9.2,1429.0
8.2,12,0,0.5,568.9
2.2,14,0,9.5,787.5
6.5,16,1,0.7,1278.1
22.5,18,1,4.9,2502.9
14.6,12,1,7.3,1626.0
15.4,12,1,4.4,1485.0
13.1,14,1,3.2,1446.2
22.0,16,1,9.1,2442.3
7.5,14,1,3.5,1040.8
21.1,12,1,5.9,2049.7
22.4,18,1,5.6,2506.7
10.2,16,0,3.7,1472.9
7.3,16,1,6.4,1466.7
15.8,14,1,1.4,1726.0
19.6,12,1,0.8,1617.8
6.2,14,0,3.8,1045.2
22.3,16,1,3.1,1947.1
2.1,16,1,1.6,1073.6
19.5,18,1,1.3,2152.8
15.3,16,1,5.4,1930.0
14.8,16,1,0.9,1706.9
7.8,16,0,3.7,1212.1
2.7,18,1,3.8,1168.3
11.4,12,1,1.5,1271.6
7.1,16,1,4.5,1294.4
5.6,16,0,1.5,1078.1
20.7,16,1,7.1,2194.0
16.3,16,1,1.8,1673.6
18.0,18,1,9.3,2096.9
2.6,16,0,1.6,860.9
4.0,18,0,6.0,1195.3
13.9,16,1,0.5,1629.1
14.1,12,1,6.4,1484.6
7.7,14,1,8.2,1520.7
2.0,16,0,6.9,937.1
17.0,12,1,1.7,1787.0
22.5,16,1,0.9,2092.7
11.3,16,0,2.5,1247.6
22.4,18,0,1.8,2147.9
12.7,16,1,7.2,1847.7
5.1,18,1,6.7,1490.9
16.7,14,1,1.6,1556.5
18.6,16,0,2.8,1486.3
22.6,18,1,3.1,2338.2
16.9,18,1,4.7,2237.6
20.8,14,1,5.9,1784.6
16.6,16,1,9.0,2132.3
11.7,12,0,2.6,1287.4
8.9,18,1,4.5,1547.9
15.7,16,1,5.1,2005.1
22.3,16,1,5.6,2074.2
14.3,18,1,0.4,2071.9
1.8,16,0,7.3,916.4
8.0,14,0,0.1,894.5
2.1,16,0,0.8,803.8
9.8,16,1,9.1,1910.6
2.0,16,0,5.0,929.2
11.4,16,0,8.4,1624.4
2.5,18,0,4.9,1066.2
5.6,16,1,1.2,1579.7
12.1,18,1,9.8,2112.2
8.0,16,0,6.2,1186.4
0.2,18,0,6.5,922.6
18.9,18,1,2.4,2201.4
16.2,16,1,8.5,1968.9
8.7,14,0,4.0,1020.7
15.0,18,1,9.5,2307.6
7.1,16,1,7.0,1519.5
0.4,16,1,2.9,764.7
20.2,16,1,6.2,2211.9
12.0,16,0,0.4,1357.4
9.6,12,1,9.3,1339.4
1.8,16,1,9.8,1401.9
3.6,14,0,6.7,653.3
15.3,16,1,3.6,1735.0
4.9,12,0,8.3,778.6
9.0,16,1,1.7,1404.7
21.8,18,1,9.9,2432.3
13.6,18,1,9.8,1944.3
12.6,18,1,3.9,1762.8
14.5,16,1,0.3,1661.4
7.1,16,0,8.7,1282.6
4.4,16,0,9.2,1240.4
6.3,16,0,2.0,1089.5
18.7,18,1,4.6,2289.1
16.4,12,0,7.2,1580.8
9.2,14,0,6.8,1226.9
19.1,12,1,1.4,1539.0
16.3,16,1,2.1,1812.7
16.4,16,1,2.9,1748.4
15.3,18,1,5.9,2310.5
13.8,12,1,3.0,1414.5
5.9,14,0,7.8,966.9
2.4,16,0,0.4,719.9
6.4,16,1,9.9,1549.1
21.0,18,1,6.7,2291.9
1.4,16,0,7.4,637.4
5.0,18,0,1.2,1033.9
22.6,14,1,0.2,2071.9
4.2,16,0,3.3,940.7
10.5,16,1,5.9,1421.7
18.4,16,1,8.7,1789.0
7.4,18,0,3.8,1338.1
3.4,14,0,8.7,845.0
9.4,16,0,3.7,1433.0
4.7,16,0,9.1,1275.2
12.5,18,1,8.5,1854.8
7.6,18,1,4.3,1491.6
9.4,14,0,2.0,1129.7
14.6,16,1,5.1,1866.5
22.4,16,1,2.3,2242.2
3.0,16,0,6.5,1007.6
9.6,16,0,8.2,1397.9
13.6,16,1,5.3,1890.1
11.1,14,1,5.0,1376.7
2.8,14,0,9.8,838.5
20.8,16,1,4.9,2065.7
19.4,14,1,0.6,1802.9
22.6,14,1,3.6,2040.1
3.7,12,1,0.0,988.8
9.3,16,0,4.2,1306.0
12.8,16,1,3.0,1680.4
5.0,16,0,2.1,954.0
12.5,14,1,8.5,1653.5
15.2,16,0,2.3,1508.2
8.4,16,0,4.5,1622.9
1.5,12,1,7.0,653.6
17.6,16,1,9.2,2113.1
20.3,16,1,5.0,2143.1
21.4,16,1,3.1,2205.8
9.8,14,0,8.0,1312.2
15.3,14,1,0.1,1488.7
7.2,12,0,2.7,589.5
4.7,16,0,2.5,869.4
3.8,16,1,6.9,1323.9
13.2,16,1,2.1,1420.2
6.1,14,0,5.5,773.3
22.5,18,1,2.3,2534.8
1.9,16,0,4.5,908.3
6.7,12,1,7.1,1217.2
7.6,12,0,0.6,786.0
6.1,14,1,2.1,1054.6
10.7,16,0,7.3,1356.2
8.8,16,0,9.0,1151.8
15.1,14,1,3.9,1740.1
21.9,12,1,1.7,1812.2
9.9,14,1,2.7,1215.1
0.1,16,0,5.5,880.0
6.1,16,0,2.9,1031.7
18.3,14,1,4.4,1889.9
10.0,14,1,7.0,1588.6
11.8,12,1,2.4,1261.2
21.1,16,1,2.0,2137.2
12.1,12,1,0.3,1266.0
8.7,12,1,4.8,813.5
17.0,18,1,7.1,2170.5
15.6,16,1,0.6,1774.6
12.4,16,1,4.6,1795.3
13.1,16,1,5.7,1857.6
6.2,16,0,9.1,1252.1
3.5,16,0,5.9,1094.4
22.2,18,1,4.7,2556.5
19.1,16,1,9.0,2219.6
12.8,14,1,5.5,1526.2
10.7,16,1,9.6,1716.8
4.7,16,0,8.7,1191.5
14.6,14,1,4.8,1772.8
17.9,16,1,3.9,2039.2
13.4,16,0,8.0,1721.4
8.4,12,0,0.7,765.8
18.4,16,1,8.7,2035.5
9.3,16,1,9.6,1863.9
21.5,16,1,9.2,2384.0
6.1,18,0,7.3,1305.0
7.0,18,0,9.1,1799.4
22.0,12,1,1.2,1745.9
21.8,16,1,4.4,2040.9
11.3,12,1,4.2,1361.6
11.3,14,1,1.0,1103.5
3.7,16,0,3.2,1062.1
22.6,14,0,8.5,1885.5
13.0,16,1,9.9,1939.5
8.9,16,0,1.1,1128.0
10.1,12,0,5.8,998.2
18.4,14,1,4.6,1862.0
11.9,16,1,4.1,1632.4
0.5,16,0,4.5,680.4
10.8,18,1,4.8,1664.2
17.9,12,0,8.3,1461.9
22.8,16,1,8.2,2114.2
17.4,18,1,3.9,2217.1
14.8,16,1,6.9,1624.4
10.9,18,0,6.3,1469.9
3.3,14,0,5.3,829.0
1.7,12,0,6.1,415.7
