observation_id,x,y,source,cluster
OBS-001,1.0,3.0,Original 33 points,2
OBS-002,2.0,4.0,Original 33 points,2
OBS-003,3.0,3.0,Original 33 points,2
OBS-004,6.0,20.0,Original 33 points,4
OBS-005,6.2,21.0,Original 33 points,4
OBS-006,6.5,22.0,Original 33 points,4
OBS-007,5.8,22.0,Original 33 points,4
OBS-008,7.0,23.0,Original 33 points,4
OBS-009,7.1,22.0,Original 33 points,4
OBS-010,7.2,21.0,Original 33 points,4
OBS-011,10.0,20.0,Original 33 points,1
OBS-012,10.0,24.0,Original 33 points,1
OBS-013,11.0,19.0,Original 33 points,1
OBS-014,11.5,22.0,Original 33 points,1
OBS-015,11.4,21.5,Original 33 points,1
OBS-016,11.6,22.0,Original 33 points,1
OBS-017,10.4,21.5,Original 33 points,1
OBS-018,2.5,4.5,Original 33 points,2
OBS-019,1.5,2.5,Original 33 points,2
OBS-020,2.0,5.0,Original 33 points,2
OBS-021,1.8,4.8,Original 33 points,2
OBS-022,2.0,2.0,Original 33 points,2
OBS-023,2.3,2.5,Original 33 points,2
OBS-024,6.5,24.0,Original 33 points,4
OBS-025,10.5,23.0,Original 33 points,1
OBS-026,10.6,22.0,Original 33 points,1
OBS-027,10.9,25.0,Original 33 points,1
OBS-028,7.0,19.0,Original 33 points,4
OBS-029,1.0,15.0,Original 33 points,0
OBS-030,2.0,15.5,Original 33 points,0
OBS-031,1.5,16.0,Original 33 points,0
OBS-032,2.2,17.0,Original 33 points,0
OBS-033,12.0,7.0,Original 33 points,3
OBS-034,2.62,4.41,Simulated extension,2
OBS-035,2.19,3.3,Simulated extension,2
OBS-036,1.37,2.51,Simulated extension,2
OBS-037,4.01,3.77,Simulated extension,2
OBS-038,1.6,1.88,Simulated extension,2
OBS-039,2.82,3.05,Simulated extension,2
OBS-040,2.08,2.69,Simulated extension,2
OBS-041,2.36,3.9,Simulated extension,2
OBS-042,2.3,6.01,Simulated extension,2
OBS-043,-0.21,4.18,Simulated extension,2
OBS-044,1.76,3.11,Simulated extension,2
OBS-045,1.5,3.31,Simulated extension,2
OBS-046,1.19,4.49,Simulated extension,2
OBS-047,2.72,3.58,Simulated extension,2
OBS-048,2.79,3.57,Simulated extension,2
OBS-049,2.09,2.98,Simulated extension,2
OBS-050,2.49,2.5,Simulated extension,2
OBS-051,0.94,2.63,Simulated extension,2
OBS-052,2.94,3.8,Simulated extension,2
OBS-053,2.73,3.82,Simulated extension,2
OBS-054,2.68,3.67,Simulated extension,2
OBS-055,1.28,5.23,Simulated extension,2
OBS-056,2.07,4.33,Simulated extension,2
OBS-057,3.16,5.21,Simulated extension,2
OBS-058,2.69,4.28,Simulated extension,2
OBS-059,2.0,3.71,Simulated extension,2
OBS-060,2.63,3.4,Simulated extension,2
OBS-061,2.75,3.77,Simulated extension,2
OBS-062,2.4,5.17,Simulated extension,2
OBS-063,3.03,4.91,Simulated extension,2
OBS-064,2.61,2.24,Simulated extension,2
OBS-065,2.1,2.56,Simulated extension,2
OBS-066,2.08,2.48,Simulated extension,2
OBS-067,1.89,4.59,Simulated extension,2
OBS-068,2.03,4.5,Simulated extension,2
OBS-069,1.45,4.54,Simulated extension,2
OBS-070,2.0,3.02,Simulated extension,2
OBS-071,1.9,2.12,Simulated extension,2
OBS-072,2.45,5.06,Simulated extension,2
OBS-073,1.37,4.59,Simulated extension,2
OBS-074,1.86,2.49,Simulated extension,2
OBS-075,1.98,2.43,Simulated extension,2
OBS-076,2.48,6.12,Simulated extension,2
OBS-077,2.82,2.94,Simulated extension,2
OBS-078,1.46,3.42,Simulated extension,2
OBS-079,2.14,3.36,Simulated extension,2
OBS-080,2.77,4.0,Simulated extension,2
OBS-081,2.26,2.87,Simulated extension,2
OBS-082,2.84,4.55,Simulated extension,2
OBS-083,1.63,3.73,Simulated extension,2
OBS-084,2.85,3.52,Simulated extension,2
OBS-085,1.21,5.06,Simulated extension,2
OBS-086,3.02,2.38,Simulated extension,2
OBS-087,0.69,3.08,Simulated extension,2
OBS-088,2.91,4.29,Simulated extension,2
OBS-089,2.2,3.55,Simulated extension,2
OBS-090,2.15,2.93,Simulated extension,2
OBS-091,1.38,3.7,Simulated extension,2
OBS-092,2.38,3.31,Simulated extension,2
OBS-093,2.19,5.95,Simulated extension,2
OBS-094,2.09,2.98,Simulated extension,2
OBS-095,2.31,3.64,Simulated extension,2
OBS-096,2.23,15.03,Simulated extension,0
OBS-097,1.53,15.13,Simulated extension,0
OBS-098,1.75,16.75,Simulated extension,0
OBS-099,1.5,14.42,Simulated extension,0
OBS-100,0.97,14.92,Simulated extension,0
OBS-101,1.76,15.81,Simulated extension,0
OBS-102,1.6,15.88,Simulated extension,0
OBS-103,1.13,17.04,Simulated extension,0
OBS-104,1.93,16.53,Simulated extension,0
OBS-105,0.74,16.33,Simulated extension,0
OBS-106,1.97,14.85,Simulated extension,0
OBS-107,2.69,16.01,Simulated extension,0
OBS-108,2.09,16.36,Simulated extension,0
OBS-109,1.04,15.33,Simulated extension,0
OBS-110,2.25,16.73,Simulated extension,0
OBS-111,1.99,15.96,Simulated extension,0
OBS-112,1.81,15.98,Simulated extension,0
OBS-113,1.54,16.38,Simulated extension,0
OBS-114,1.82,16.28,Simulated extension,0
OBS-115,2.12,18.23,Simulated extension,0
OBS-116,1.34,17.24,Simulated extension,0
OBS-117,2.26,15.35,Simulated extension,0
OBS-118,2.54,17.47,Simulated extension,0
OBS-119,2.07,15.44,Simulated extension,0
OBS-120,1.83,15.82,Simulated extension,0
OBS-121,1.92,16.42,Simulated extension,0
OBS-122,1.94,16.15,Simulated extension,0
OBS-123,2.42,16.24,Simulated extension,0
OBS-124,2.29,16.26,Simulated extension,0
OBS-125,1.0,16.97,Simulated extension,0
OBS-126,1.99,15.46,Simulated extension,0
OBS-127,1.74,17.97,Simulated extension,0
OBS-128,1.81,15.59,Simulated extension,0
OBS-129,1.67,16.33,Simulated extension,0
OBS-130,2.37,15.41,Simulated extension,0
OBS-131,1.19,14.55,Simulated extension,0
OBS-132,1.94,12.92,Simulated extension,0
OBS-133,1.46,14.73,Simulated extension,0
OBS-134,1.02,15.94,Simulated extension,0
OBS-135,1.39,15.5,Simulated extension,0
OBS-136,1.54,16.21,Simulated extension,0
OBS-137,1.15,17.28,Simulated extension,0
OBS-138,2.49,13.4,Simulated extension,0
OBS-139,1.31,14.99,Simulated extension,0
OBS-140,1.34,13.97,Simulated extension,0
OBS-141,2.2,15.44,Simulated extension,0
OBS-142,1.77,12.76,Simulated extension,0
OBS-143,2.3,16.1,Simulated extension,0
OBS-144,2.53,15.37,Simulated extension,0
OBS-145,1.32,13.36,Simulated extension,0
OBS-146,2.38,15.48,Simulated extension,0
OBS-147,1.13,15.9,Simulated extension,0
OBS-148,1.26,14.88,Simulated extension,0
OBS-149,0.37,14.79,Simulated extension,0
OBS-150,1.23,16.61,Simulated extension,0
OBS-151,1.57,15.34,Simulated extension,0
OBS-152,1.26,15.39,Simulated extension,0
OBS-153,2.33,18.75,Simulated extension,0
OBS-154,1.5,13.37,Simulated extension,0
OBS-155,2.6,13.86,Simulated extension,0
OBS-156,1.94,14.61,Simulated extension,0
OBS-157,2.11,15.02,Simulated extension,0
OBS-158,7.14,21.35,Simulated extension,4
OBS-159,5.93,21.84,Simulated extension,4
OBS-160,7.56,21.39,Simulated extension,4
OBS-161,6.12,23.17,Simulated extension,4
OBS-162,7.26,24.02,Simulated extension,4
OBS-163,6.41,21.72,Simulated extension,4
OBS-164,6.81,21.64,Simulated extension,4
OBS-165,6.47,21.32,Simulated extension,4
OBS-166,6.1,21.02,Simulated extension,4
OBS-167,6.54,20.66,Simulated extension,4
OBS-168,7.08,22.14,Simulated extension,4
OBS-169,7.39,22.29,Simulated extension,4
OBS-170,6.56,23.34,Simulated extension,4
OBS-171,6.63,23.7,Simulated extension,4
OBS-172,6.43,19.84,Simulated extension,4
OBS-173,6.86,20.51,Simulated extension,4
OBS-174,6.8,21.4,Simulated extension,4
OBS-175,6.89,22.32,Simulated extension,4
OBS-176,6.85,21.52,Simulated extension,4
OBS-177,6.89,20.26,Simulated extension,4
OBS-178,7.46,20.16,Simulated extension,4
OBS-179,6.24,21.27,Simulated extension,4
OBS-180,6.43,22.49,Simulated extension,4
OBS-181,5.82,23.13,Simulated extension,4
OBS-182,6.96,22.7,Simulated extension,4
OBS-183,7.18,19.27,Simulated extension,4
OBS-184,6.4,21.41,Simulated extension,4
OBS-185,5.71,18.86,Simulated extension,4
OBS-186,6.68,20.88,Simulated extension,4
OBS-187,6.43,22.07,Simulated extension,4
OBS-188,6.94,21.97,Simulated extension,4
OBS-189,6.18,21.19,Simulated extension,4
OBS-190,5.8,20.89,Simulated extension,4
OBS-191,6.9,23.53,Simulated extension,4
OBS-192,7.25,21.62,Simulated extension,4
OBS-193,5.87,21.71,Simulated extension,4
OBS-194,7.05,22.09,Simulated extension,4
OBS-195,6.63,21.02,Simulated extension,4
OBS-196,7.05,23.03,Simulated extension,4
OBS-197,7.17,22.55,Simulated extension,4
OBS-198,5.98,22.02,Simulated extension,4
OBS-199,6.63,21.9,Simulated extension,4
OBS-200,6.5,21.44,Simulated extension,4
OBS-201,7.15,21.69,Simulated extension,4
OBS-202,7.42,20.19,Simulated extension,4
OBS-203,7.39,21.66,Simulated extension,4
OBS-204,7.74,20.43,Simulated extension,4
OBS-205,6.67,19.97,Simulated extension,4
OBS-206,6.63,22.47,Simulated extension,4
OBS-207,6.97,20.69,Simulated extension,4
OBS-208,6.59,20.81,Simulated extension,4
OBS-209,7.21,21.09,Simulated extension,4
OBS-210,6.53,20.51,Simulated extension,4
OBS-211,6.16,22.68,Simulated extension,4
OBS-212,6.7,20.56,Simulated extension,4
OBS-213,5.71,21.76,Simulated extension,4
OBS-214,6.53,21.31,Simulated extension,4
OBS-215,6.38,19.86,Simulated extension,4
OBS-216,6.69,20.28,Simulated extension,4
OBS-217,6.32,21.31,Simulated extension,4
OBS-218,6.3,20.84,Simulated extension,4
OBS-219,6.25,19.23,Simulated extension,4
OBS-220,11.0,21.54,Simulated extension,1
OBS-221,11.32,22.25,Simulated extension,1
OBS-222,10.97,22.78,Simulated extension,1
OBS-223,10.01,21.33,Simulated extension,1
OBS-224,11.14,23.91,Simulated extension,1
OBS-225,11.22,21.44,Simulated extension,1
OBS-226,10.05,22.6,Simulated extension,1
OBS-227,12.0,22.33,Simulated extension,1
OBS-228,10.18,22.92,Simulated extension,1
OBS-229,11.61,21.79,Simulated extension,1
OBS-230,11.6,22.8,Simulated extension,1
OBS-231,11.58,22.66,Simulated extension,1
OBS-232,11.56,22.21,Simulated extension,1
OBS-233,11.55,22.17,Simulated extension,1
OBS-234,9.97,21.85,Simulated extension,1
OBS-235,11.18,20.81,Simulated extension,1
OBS-236,10.29,22.41,Simulated extension,1
OBS-237,11.79,22.53,Simulated extension,1
OBS-238,9.82,23.35,Simulated extension,1
OBS-239,11.01,20.02,Simulated extension,1
OBS-240,11.51,20.95,Simulated extension,1
OBS-241,10.74,22.48,Simulated extension,1
OBS-242,10.85,23.7,Simulated extension,1
OBS-243,10.66,24.09,Simulated extension,1
OBS-244,12.23,21.76,Simulated extension,1
OBS-245,11.04,21.36,Simulated extension,1
OBS-246,9.92,24.35,Simulated extension,1
OBS-247,11.55,22.43,Simulated extension,1
OBS-248,11.09,21.79,Simulated extension,1
OBS-249,11.44,22.98,Simulated extension,1
OBS-250,9.81,21.79,Simulated extension,1
OBS-251,11.56,23.07,Simulated extension,1
OBS-252,11.2,20.94,Simulated extension,1
OBS-253,11.81,20.11,Simulated extension,1
OBS-254,11.32,22.35,Simulated extension,1
OBS-255,10.45,19.08,Simulated extension,1
OBS-256,10.82,20.54,Simulated extension,1
OBS-257,10.24,22.27,Simulated extension,1
OBS-258,11.34,23.13,Simulated extension,1
OBS-259,11.36,22.43,Simulated extension,1
OBS-260,10.35,20.45,Simulated extension,1
OBS-261,10.2,22.36,Simulated extension,1
OBS-262,11.1,20.69,Simulated extension,1
OBS-263,10.58,22.65,Simulated extension,1
OBS-264,10.96,20.71,Simulated extension,1
OBS-265,10.84,21.69,Simulated extension,1
OBS-266,10.17,21.04,Simulated extension,1
OBS-267,11.56,23.89,Simulated extension,1
OBS-268,11.06,22.51,Simulated extension,1
OBS-269,10.64,22.57,Simulated extension,1
OBS-270,10.02,21.93,Simulated extension,1
OBS-271,10.45,23.76,Simulated extension,1
OBS-272,10.5,22.88,Simulated extension,1
OBS-273,10.91,22.44,Simulated extension,1
OBS-274,10.72,21.39,Simulated extension,1
OBS-275,10.87,21.4,Simulated extension,1
OBS-276,10.26,21.33,Simulated extension,1
OBS-277,11.88,22.07,Simulated extension,1
OBS-278,10.62,21.71,Simulated extension,1
OBS-279,12.19,23.02,Simulated extension,1
OBS-280,10.46,21.77,Simulated extension,1
OBS-281,10.24,21.39,Simulated extension,1
OBS-282,11.44,6.66,Simulated extension,3
OBS-283,12.71,6.21,Simulated extension,3
OBS-284,12.14,7.45,Simulated extension,3
OBS-285,11.09,8.94,Simulated extension,3
OBS-286,11.33,6.96,Simulated extension,3
OBS-287,12.11,6.38,Simulated extension,3
OBS-288,11.67,6.61,Simulated extension,3
OBS-289,11.6,8.37,Simulated extension,3
OBS-290,12.76,7.62,Simulated extension,3
OBS-291,11.69,6.92,Simulated extension,3
OBS-292,11.71,7.64,Simulated extension,3
OBS-293,11.17,7.96,Simulated extension,3
OBS-294,11.77,5.73,Simulated extension,3
OBS-295,12.52,7.36,Simulated extension,3
OBS-296,11.02,4.72,Simulated extension,3
OBS-297,11.78,6.56,Simulated extension,3
OBS-298,11.42,7.24,Simulated extension,3
OBS-299,13.46,7.24,Simulated extension,3
OBS-300,11.83,6.77,Simulated extension,3
OBS-301,12.88,7.69,Simulated extension,3
OBS-302,11.79,8.07,Simulated extension,3
OBS-303,11.5,8.51,Simulated extension,3
OBS-304,13.24,7.18,Simulated extension,3
OBS-305,12.13,8.07,Simulated extension,3
OBS-306,12.53,7.03,Simulated extension,3
OBS-307,12.39,5.87,Simulated extension,3
OBS-308,10.99,6.04,Simulated extension,3
OBS-309,12.14,7.25,Simulated extension,3
OBS-310,12.39,5.92,Simulated extension,3
OBS-311,11.94,6.34,Simulated extension,3
OBS-312,11.88,5.89,Simulated extension,3
OBS-313,11.42,6.82,Simulated extension,3
OBS-314,13.18,7.42,Simulated extension,3
OBS-315,12.89,6.24,Simulated extension,3
OBS-316,11.31,7.06,Simulated extension,3
OBS-317,11.55,9.08,Simulated extension,3
OBS-318,11.96,6.2,Simulated extension,3
OBS-319,12.59,7.99,Simulated extension,3
OBS-320,11.27,8.27,Simulated extension,3
OBS-321,12.14,5.8,Simulated extension,3
OBS-322,11.77,6.6,Simulated extension,3
OBS-323,12.16,6.81,Simulated extension,3
OBS-324,11.78,6.02,Simulated extension,3
OBS-325,11.47,7.53,Simulated extension,3
OBS-326,12.43,4.38,Simulated extension,3
OBS-327,12.97,7.78,Simulated extension,3
OBS-328,13.31,7.35,Simulated extension,3
OBS-329,10.9,5.9,Simulated extension,3
OBS-330,11.13,5.54,Simulated extension,3
OBS-331,12.04,6.5,Simulated extension,3
OBS-332,12.73,5.81,Simulated extension,3
OBS-333,11.79,6.98,Simulated extension,3
OBS-334,12.1,6.3,Simulated extension,3
OBS-335,13.3,8.62,Simulated extension,3
OBS-336,12.08,7.33,Simulated extension,3
OBS-337,12.03,7.89,Simulated extension,3
OBS-338,12.22,7.18,Simulated extension,3
OBS-339,12.4,7.88,Simulated extension,3
OBS-340,13.47,5.65,Simulated extension,3
OBS-341,12.11,7.75,Simulated extension,3
OBS-342,11.76,7.64,Simulated extension,3
OBS-343,12.72,7.87,Simulated extension,3
