message,is_spam
notification important information offer prize winner thanks available link,1
voucher please thanks message colleague reply,1
college meeting link information,0
contact details winner today,1
reward please information next bonus schedule lecture,0
thanks deal please bonus notification,1
calendar prize review thanks next link update notification,1
thanks contact next details link information reward free,1
colleague college details tomorrow document information,0
information report college details update agenda message,0
link message prize tomorrow bonus available reply details,1
information calendar document reply next project message,0
college reply update notification colleague review details urgent reward next,1
today information available update message voucher,1
tomorrow document free office notification update details contact report available,0
tomorrow information seminar schedule important,0
message seminar next important available reply link schedule,0
offer reward next available reply link,1
update document details thanks reply schedule meeting information message,0
important thanks link schedule reply,0
message update schedule available,0
meeting lecture next review important notification available,0
reply discount contact college link message,1
discount project reward link important college,1
update urgent deal thanks message notification,1
notification lecture thanks contact available tomorrow,0
office notification report tomorrow college message lecture,0
please college offer voucher thanks notification,1
today claim update calendar discount lecture urgent notification,1
information available lecture thanks report link important details,0
voucher project discount please update contact bonus,1
message tomorrow update project reward calendar information meeting contact offer,0
thanks update free contact reply,1
reply tomorrow message meeting seminar next voucher,0
today tomorrow colleague lecture reply information bonus offer deal,1
free available office cash seminar details colleague important information please,0
contact details report project link notification,0
please lecture project link thanks important calendar,0
tomorrow agenda notification lecture colleague reply update available,0
important claim details today contact next tomorrow discount,1
available contact voucher information message prize,1
available contact document reply reward urgent review today meeting college,0
review meeting next contact thanks,0
urgent voucher next agenda college claim today details link reply lecture,1
today meeting colleague link message,0
details update information tomorrow colleague today reply,0
next update prize please notification available message,1
message next tomorrow information agenda details please,0
review contact message seminar link office,0
report notification tomorrow colleague today,0
calendar details notification reply,0
contact review reply today,0
offer information schedule update report project tomorrow claim reply college important,0
project bonus link next schedule today prize details,1
college meeting document notification today thanks seminar link message,0
seminar today thanks document link calendar information details,0
reply office thanks prize seminar notification tomorrow,1
message meeting tomorrow claim winner reply update review,0
thanks report bonus review college information,0
winner free tomorrow contact notification,1
link available notification free college reply discount update,1
contact winner next voucher tomorrow information please,1
information contact next details update agenda link,0
notification project important please message college next,0
cash college available tomorrow reward today contact notification prize,1
free message link schedule thanks please,1
offer notification information office discount update college link important agenda voucher,1
thanks office next schedule document college,0
next message college contact winner,1
reply college today important calendar notification office please,0
next important message calendar discount please winner update lecture,0
notification contact message available information important lecture,0
link available agenda review calendar today,0
today college please tomorrow link offer notification,1
update lecture next information schedule calendar,0
information calendar document lecture next update important,0
contact college colleague next document review reply link,0
reply tomorrow please thanks update offer voucher,1
notification details college prize office available,0
contact details message reward offer next thanks deal,1
tomorrow college project document information notification,0
urgent college thanks details contact reply notification reward free,1
contact available lecture important message,0
available office important next schedule tomorrow colleague,0
thanks details document voucher reply colleague information college update,1
available tomorrow lecture thanks,0
claim schedule link update meeting please,0
available details bonus discount contact notification winner link tomorrow,1
thanks information please link discount claim,1
contact details important deal bonus,1
meeting winner bonus link update office contact details,1
details project tomorrow next college reward colleague information deal,1
meeting details review available college report,0
today agenda schedule information document link details update notification,0
details reward next today document lecture tomorrow reply deal voucher,1
available important update seminar notification urgent review prize link college,0
review please important reply update report contact today,0
thanks notification next important college agenda,0
urgent tomorrow please available important,1
reply message calendar information details colleague next office,0
agenda today link meeting available tomorrow,0
contact please reward message next notification available claim discount,1
important notification contact meeting calendar link seminar details available,0
urgent important thanks college free cash notification,1
information deal today agenda notification available claim next link free,1
details colleague project deal message agenda today claim,0
document colleague message available details,0
contact project notification thanks link details,0
next link reward message prize voucher,1
details reply college calendar tomorrow prize message link colleague,0
available reply today free link urgent please important,1
important link discount review details contact thanks tomorrow offer lecture,0
next claim information message winner details,1
information details seminar available today document notification,0
bonus tomorrow offer winner college next,1
notification thanks meeting today link,0
important reward colleague calendar details thanks link contact please,0
important free today information notification,1
details important college schedule document available thanks information,0
message calendar thanks details college information colleague meeting notification,0
message review details tomorrow link college report notification seminar claim,0
calendar schedule cash available reply details information,1
reply update free next offer prize please,1
update reward next project meeting details tomorrow today claim,0
agenda cash offer voucher important thanks lecture link,1
details urgent information schedule review update cash notification seminar,0
notification update link lecture project,0
office information reply contact meeting lecture update,0
review today message tomorrow please report,0
reply link information contact deal message prize,1
document discount link seminar colleague update free tomorrow,0
review meeting project please reply tomorrow,0
today link tomorrow project message,0
available voucher message today contact next,1
reply link urgent next contact college,1
today prize claim please notification deal available,1
link review information reply today meeting tomorrow,0
next available link thanks voucher calendar reward please office reply,0
college prize deal available details contact cash information,1
office reply cash claim bonus notification thanks link,1
available notification please colleague seminar reply review,0
notification important winner next free please,1
calendar cash agenda reply college meeting thanks deal,0
notification college schedule information,0
information link project contact details available please,0
college reward update today reply urgent office agenda available thanks,0
seminar calendar contact college tomorrow,0
information important review discount voucher next,1
prize available notification details discount,1
thanks information document please cash lecture reward message college prize important,1
calendar reply deal schedule details information seminar message notification tomorrow,0
college claim today information important review tomorrow prize,1
seminar colleague agenda notification update please thanks,0
bonus information next voucher thanks tomorrow,1
cash tomorrow notification calendar thanks schedule college,0
link information update project office meeting,0
available details offer please update message tomorrow,1
details information next offer voucher,1
important reply information college colleague,0
reply next notification offer tomorrow,1
next thanks important contact available lecture today,0
voucher colleague available today please contact tomorrow document,1
update cash deal today thanks college office notification colleague,0
college prize document message thanks urgent cash today,1
important lecture please thanks claim,1
message tomorrow voucher link bonus,1
update details college available tomorrow notification project,0
agenda office contact details update,0
update meeting college today next important tomorrow project,0
urgent cash contact notification next prize,1
update bonus link available today details,1
voucher please winner notification today message,1
today reward document colleague college discount details meeting message,0
next available free message reward voucher,1
link message document available today information meeting,0
tomorrow update thanks colleague seminar,0
agenda contact reply notification message today link bonus,1
review notification link details update please deal seminar tomorrow,1
details review tomorrow next seminar please update office,0
offer important document report available thanks claim,0
link college lecture meeting tomorrow document information notification thanks,0
information notification thanks contact link next colleague,0
details contact meeting please important,0
update lecture report important message,0
contact reply report today link project prize details meeting,0
free tomorrow link update reply available,1
reward important thanks details discount,1
claim message discount urgent tomorrow details,1
claim information notification urgent message,1
document details calendar information lecture reply,0
today urgent update deal link details,1
available important information please college report project,0
information next office schedule tomorrow thanks,0
update today claim tomorrow,1
information reply cash important details please winner voucher,1
please important information reply free cash,1
project seminar reply please link colleague tomorrow thanks next,0
discount cash reward tomorrow college notification,1
details update prize discount please voucher,1
details colleague message link please schedule,0
review update meeting thanks contact,0
discount next thanks information,1
tomorrow office thanks details,0
please available winner tomorrow free,1
free notification tomorrow today winner update next cash college,1
reply link important seminar please,0
colleague available contact seminar notification,0
tomorrow message update thanks link document,0
agenda prize report message claim college cash contact,1
link details cash document tomorrow meeting contact college offer report,0
contact colleague thanks office prize important information free tomorrow,1
information important calendar please reply report thanks lecture notification,0
tomorrow update today cash prize bonus report,1
details urgent tomorrow calendar update discount reward,1
update report information link,0
lecture reply details urgent thanks message office college,1
seminar contact details please project,0
important information contact cash claim update thanks agenda,0
reward college notification tomorrow link reply claim update,1
tomorrow bonus link information college,1
link project update reply schedule,0
important today discount cash thanks,1
available contact reply notification calendar meeting office message,0
seminar available college message tomorrow office notification,0
voucher information urgent today notification tomorrow thanks details,1
contact details deal tomorrow,1
please today update details next report prize thanks urgent,0
update agenda today important notification,0
contact winner thanks voucher important please next,1
claim available college please,1
notification review lecture today reply link available schedule,0
message notification calendar reply,0
seminar link notification important next document winner,1
link notification claim cash next urgent today,1
document thanks link message schedule tomorrow calendar,0
bonus reply notification update next important,1
next college thanks voucher please urgent available important,1
agenda thanks available tomorrow important project next message seminar,0
calendar bonus offer next reward today report message,1
document update reply notification office college link,0
notification review lecture available thanks,0
lecture next colleague seminar available claim thanks contact update notification,0
claim college reward prize important notification,1
cash available bonus reply next urgent,1
schedule discount contact review reply thanks reward,1
voucher bonus college cash available reply notification tomorrow update,1
calendar next today link information document meeting,0
claim important offer free message link,1
colleague today college message important,0
document details important reply office project,0
today link important project contact lecture,0
next important update reward available urgent,1
important calendar reply message today,0
schedule message today winner calendar college reply important free voucher,1
tomorrow reply offer important contact next,1
thanks details reply message schedule notification,0
project thanks update report today message next,0
important please cash urgent link reply voucher,1
reward document offer message today details notification update,1
message cash prize available bonus contact please,1
lecture contact colleague today details project message reply,0
college update link discount next information,1
deal college information report thanks urgent offer reply,1
notification thanks please deal information details available discount voucher,1
urgent reply link discount free important,1
message agenda thanks today please details,0
message colleague report college update please thanks document available,0
offer college reply important cash,1
discount update today lecture tomorrow prize,1
thanks update calendar tomorrow available,0
notification message prize tomorrow thanks next,1
next colleague lecture thanks tomorrow contact available college,0
tomorrow next today reward,1
bonus discount available next link today voucher important,1
update winner thanks notification,1
reply cash voucher next tomorrow claim information available today,1
notification offer prize urgent details important,1
next details discount information prize reply voucher,1
agenda notification contact important reply reward deal meeting,1
today lecture college report update message tomorrow notification,0
reply reward contact voucher link tomorrow free document,1
offer information reward update thanks contact message next cash,1
report reply details contact please today update,0
contact next winner colleague prize calendar please link,0
college next tomorrow claim link important,1
contact winner important please today details urgent thanks reward,1
free information reward document notification calendar thanks tomorrow bonus available,1
important information prize update next,1
deal lecture reward calendar notification winner important next thanks contact,1
important review next college today tomorrow details schedule,0
office available agenda notification details important college calendar tomorrow,0
meeting thanks please link lecture available,0
next urgent tomorrow details contact link message voucher,1
information tomorrow update reply review office college,0
notification important seminar agenda meeting college,0
reply seminar notification update,0
next information link cash colleague message available meeting project,0
review today update message important thanks,0
information message colleague voucher college notification review claim,0
information notification next details tomorrow available winner prize,1
details today prize notification contact tomorrow information offer urgent,1
prize details notification seminar important free report calendar reply,0
thanks urgent reply bonus update prize,1
information please seminar reply,0
notification college message please discount information,1
colleague thanks office please details lecture,0
meeting reply update message information project please calendar,0
thanks details message prize voucher please important winner next,1
agenda today lecture schedule thanks reply please,0
link notification reward important tomorrow next bonus please,1
contact information update next cash bonus message,1
next document available thanks tomorrow,0
information today bonus reward free tomorrow,1
discount claim message reply available,1
reply deal message thanks link notification,1
schedule details next message document contact tomorrow information,0
colleague college update thanks notification,0
free tomorrow available message,1
thanks available review college today link important,0
today calendar details message office,0
important available document details reply,0
bonus contact next colleague today winner,0
next lecture contact colleague agenda link information,0
thanks project agenda today important reply message,0
update link details prize important available urgent,1
college meeting link message important details today,0
important meeting seminar available thanks today contact message colleague,0
claim information notification next link prize important voucher,1
discount deal reply voucher college today thanks message,1
message claim cash seminar please information available,0
agenda review tomorrow information document message,0
discount calendar details free next reward message report reply link update,1
notification seminar today college important details meeting colleague available,0
next tomorrow claim office review reply message,0
link notification please reply free,1
contact available winner details project important please message,0
thanks college message today meeting,0
today free notification available bonus message important,1
today project winner update reply office,1
reward reply message today details tomorrow contact,1
link update next please important colleague thanks agenda bonus lecture,0
link next contact please meeting thanks tomorrow,0
update thanks calendar important report,0
details information offer urgent next,1
details colleague tomorrow lecture important message today notification calendar,0
notification lecture important tomorrow link college message review,0
notification winner free please thanks message,1
update winner notification document reply,0
next notification contact please thanks deal colleague,1
lecture link next information college available reply,0
next bonus message contact deal document schedule college thanks link office,0
notification message document contact,0
reply information available next bonus details message,1
seminar information link claim free reply important office next,1
notification update details lecture college tomorrow bonus,0
contact urgent details claim reply,1
report available link update winner information contact,0
details message free please cash,1
notification college message report information please tomorrow,0
contact reply please message today voucher thanks prize,1
contact tomorrow meeting reply lecture update message thanks,0
agenda link meeting college notification thanks,0
contact available information reward reply urgent link free,1
college please details information prize link notification,1
link college contact prize notification today information,1
discount next thanks message deal information prize,1
free important please discount thanks,1
colleague college contact bonus important urgent offer please,1
next urgent important offer update,1
message please prize link project important next information reward,0
available reward winner details next urgent reply,1
urgent update link information today details,1
reply claim report cash details link seminar,0
message notification update lecture seminar next today,0
available tomorrow meeting information important next contact prize,1
important office available report thanks,0
calendar tomorrow college prize reward colleague update,1
colleague next college available information,0
details information message next tomorrow discount,1
update today seminar information available deal document cash,1
available today information update claim details please,1
important colleague reply notification tomorrow,0
reply bonus discount link message available,1
important reply details urgent information next contact,1
reply deal schedule update agenda notification details reward,1
update college schedule available today,0
available offer please important contact cash urgent information college,1
notification document update thanks please,0
available important today link project details reward,1
please winner reply link college,1
urgent reply voucher tomorrow update today link bonus please,1
seminar review today thanks update details free reply colleague contact,0
important project notification update document,0
today calendar please schedule college link tomorrow important,0
urgent lecture link prize today available contact reward agenda thanks,1
office today agenda thanks important reply project,0
update message next link important calendar,0
please thanks discount tomorrow,1
winner offer available message link voucher thanks project,1
available tomorrow today bonus message,1
next voucher reply contact please important,1
project tomorrow link today,0
project next office tomorrow reply message notification today,0
agenda report colleague contact notification important thanks,0
prize information thanks link available update next claim,1
link next information message colleague tomorrow,0
thanks reward claim information today contact details,1
project available tomorrow calendar details,0
available deal contact tomorrow offer important today thanks,1
tomorrow today winner college update,1
offer important tomorrow details reply please link,1
urgent seminar important claim update thanks schedule today information voucher notification,1
information voucher reply discount message,1
please message cash important information next,1
contact reply thanks important report today project prize meeting,0
notification cash message available please thanks today,1
college details reward discount message information offer notification,1
reply discount today link information update,1
calendar update project next information tomorrow today thanks,0
today bonus update reply link urgent prize,1
reply project free document notification thanks,1
message notification link lecture reply contact review next,0
bonus next reward today message urgent,1
document bonus reward please college agenda contact update,0
today report link offer update next discount schedule,1
colleague college deal notification please urgent reply important,0
deal link contact details,1
claim message today thanks update next,1
reply message next seminar details,0
offer voucher contact today important deal available,1
thanks information tomorrow details today discount free college urgent,1
schedule seminar report please contact today details,0
tomorrow today offer college,1
update details next project message,0
office document message important today tomorrow cash information,0
tomorrow calendar today deal information notification colleague report,0
thanks college message notification contact voucher next,1
next message discount seminar details college important available,0
tomorrow information prize contact thanks college claim document free notification seminar,1
next college cash today prize,1
message notification discount winner college colleague,1
please contact deal message reward cash important reply link,1
report link reply lecture important agenda thanks,0
project seminar next update contact agenda reply today,0
update schedule tomorrow report reply please next thanks,0
college deal discount next notification link thanks free,1
college seminar available next link details,0
reward today details available tomorrow cash update information,1
important claim college information,1
contact message link cash,1
cash tomorrow today message link discount information claim notification,1
next message today reply update schedule college,0
tomorrow colleague reply important next,0
reply link thanks agenda meeting next,0
update notification message bonus offer college,1
information deal meeting lecture tomorrow office next free please today,0
link deal thanks important claim prize college,1
document update please information thanks important lecture,0
calendar offer today available reply thanks,1
next free thanks offer available office review,0
important please reply college available seminar office,0
thanks details offer information message reward today reply,1
meeting contact seminar link message,0
college update review reward contact thanks link,1
details link notification update report available,0
colleague bonus thanks link contact free important message,0
reward thanks prize notification link college bonus reply,1
deal thanks bonus document please discount tomorrow next,1
tomorrow please office update report reply,0
details tomorrow link agenda project thanks message office,0
important details schedule link update prize thanks message report,1
message update details seminar agenda contact information,0
contact notification details colleague thanks report,0
message update claim important contact,1
cash update winner next reply,1
colleague document important update please college,0
document notification details project discount today,1
tomorrow discount important message contact please,1
next please offer message reply bonus,1
please notification discount college important message office schedule,1
report update contact tomorrow available,0
available update claim thanks,1
available message urgent document update deal today lecture details,1
update important deal details notification message,1
winner reply contact thanks please today message,1
review project reply lecture prize available contact next,0
urgent please notification prize update,1
update reply important deal voucher discount,1
information cash claim college discount please link contact available,1
tomorrow details agenda available notification,0
update college reward important review next information,1
available notification details colleague today thanks schedule urgent,1
next available reply lecture college,0
voucher urgent update link details,1
today available calendar review schedule thanks message,0
available reward thanks message,1
please important calendar next lecture contact schedule,0
link reward important deal today offer,1
college voucher update notification offer,1
office reply today please information colleague document deal next available,0
cash information voucher notification tomorrow,1
document today reply available,0
review important reward update deal contact,1
update college cash voucher available information,1
contact calendar today prize update voucher reply thanks available,0
contact link report office colleague important,0
information calendar document please office update,0
review calendar report details please available tomorrow important,0
details important college lecture,0
message contact discount link next,1
project available discount information urgent report review important,0
next details today message reply offer thanks,1
reward thanks details next available free today please,1
college thanks deal link please,1
tomorrow today details urgent voucher next reply,1
lecture available today thanks,0
college document colleague reply important thanks,0
reply schedule link next report today available document important,0
notification message reply free important,1
tomorrow discount thanks offer details next,1
notification please contact cash college message reply,1
available reply agenda schedule link meeting tomorrow,0
calendar information update message schedule,0
please bonus notification message winner offer important,1
next prize tomorrow project important contact information update colleague,0
urgent discount tomorrow important claim update,1
college tomorrow voucher details prize office,0
update notification seminar contact,0
update tomorrow notification please colleague thanks reward deal,1
tomorrow please reply college document,0
please information next tomorrow available claim message,1
college please review reply today urgent update,0
information seminar agenda please office contact important notification,0
seminar notification thanks reply contact,0
next voucher bonus message details winner,1
please information contact link seminar notification next,0
bonus please update reward notification important claim information today,1
important today seminar thanks,0
claim reply next colleague important message,0
please report notification discount information details next deal reward,1
tomorrow message meeting lecture important update,0
reply tomorrow today review project reward next deal schedule,0
colleague important details today notification calendar,0
please message link college winner reply claim,1
project details discount claim link available,1
message document notification please report college project,0
thanks offer link deal agenda meeting bonus tomorrow,1
contact reply document schedule calendar today link thanks,0
please reply schedule meeting tomorrow available next thanks,0
tomorrow reply report notification available document agenda,0
update details urgent discount next information notification reward,1
update schedule contact available notification,0
seminar discount colleague today deal next tomorrow reply college available,0
deal contact prize important thanks reply winner college,1
reply calendar project message tomorrow available notification,0
message urgent reward today important report seminar lecture,0
offer college voucher schedule available bonus next message colleague,1
lecture project review reply today link tomorrow,0
college notification please report thanks important details,0
important next please seminar thanks college available,0
contact reply next project,0
urgent information available college,1
project voucher agenda office information important message reply winner,0
reward next lecture important today thanks link voucher message document,0
college reply thanks meeting details,0
update meeting link thanks,0
tomorrow college meeting available,0
message report cash contact today thanks notification link,0
today colleague seminar notification claim college,1
message reply reward agenda today information link,1
notification document link report lecture available,0
details contact reply calendar today college available,0
details next available message important voucher offer please deal,1
message today tomorrow voucher review seminar details,0
important tomorrow contact notification link winner,1
colleague information message please today,0
link update information schedule,0
message link discount important available thanks reward college,1
link project important details agenda college information,0
next tomorrow schedule notification project thanks colleague,0
tomorrow thanks discount message important reply winner,1
notification reply schedule report review important tomorrow available link,0
information available link message important project notification,0
important update today information notification report,0
document reply update thanks link,0
agenda available update report contact important claim notification schedule tomorrow,0
colleague available next seminar prize contact important today college project,0
urgent college calendar please tomorrow meeting discount important thanks available prize,1
information notification meeting project college schedule please,0
deal next discount link please voucher available,1
please seminar college thanks office document,0
claim update message urgent notification tomorrow next schedule document,0
thanks seminar update lecture information college next,0
winner information today discount meeting thanks urgent,1
tomorrow today college please lecture,0
urgent update free bonus details link please tomorrow,1
claim information thanks tomorrow message office reply winner available agenda lecture,0
information available calendar free prize tomorrow deal agenda,1
seminar reply notification link please,0
thanks update deal today message contact please discount,1
today contact please tomorrow lecture colleague important college,0
offer winner review message college calendar tomorrow reply information thanks,0
details reply message voucher discount thanks schedule,1
agenda college notification please next details message schedule,0
update urgent colleague available reply agenda,1
project notification please reply link college,0
offer schedule contact college details free lecture thanks link notification,0
information available please review message update prize,0
thanks please available review bonus offer tomorrow colleague,0
notification link important urgent cash bonus,1
thanks tomorrow link notification cash update,1
important schedule colleague notification document link,0
details discount claim notification college winner information,1
today information important please colleague thanks,0
today cash please college available offer update,1
available please message calendar,0
message thanks next college bonus please information,1
information colleague next update agenda,0
prize winner bonus update information today,1
next please college contact message important seminar,0
