annual_km,fuel_l_per_100km,vehicle_age_years,synthetic_group
17761.0,8.7,3.2,1
40229.0,11.1,14.5,2
41343.0,13.0,9.9,2
26736.0,6.7,6.5,1
3671.0,5.7,3.0,0
42097.0,11.2,11.0,2
1397.0,6.0,4.1,0
20281.0,7.2,5.9,1
37018.0,11.4,13.4,2
35128.0,12.0,11.4,2
16887.0,7.8,8.6,1
16353.0,7.1,7.4,1
3882.0,4.7,3.2,0
800.0,7.4,1.2,0
6056.0,5.5,5.0,0
18836.0,8.8,5.2,1
47015.0,12.2,12.1,2
42038.0,13.7,12.4,2
44566.0,12.5,11.1,2
5764.0,4.7,1.3,0
9379.0,5.6,0.0,0
6740.0,3.1,0.0,0
17288.0,8.2,10.3,1
38399.0,13.0,13.8,2
17596.0,7.9,5.0,1
5497.0,4.9,3.1,0
40691.0,12.9,14.5,2
38781.0,12.1,12.6,2
40621.0,11.8,13.2,2
15882.0,7.8,7.6,1
9022.0,4.8,3.3,0
9827.0,4.3,4.1,0
36087.0,12.1,11.1,2
33084.0,12.9,11.2,2
8245.0,5.7,3.5,0
6468.0,5.6,2.9,0
6025.0,5.8,2.9,0
21264.0,8.0,9.6,1
15609.0,7.0,1.4,0
44126.0,11.7,10.5,2
8434.0,4.8,4.3,0
22358.0,7.4,6.3,1
36382.0,10.3,11.6,2
24365.0,7.8,7.8,1
19563.0,9.2,7.1,1
35470.0,11.1,7.1,2
39774.0,11.3,14.5,2
12429.0,6.8,5.2,1
41203.0,11.1,14.9,2
16175.0,4.1,3.7,0
10220.0,6.2,5.0,1
10223.0,4.9,3.6,0
18362.0,7.8,8.8,1
17809.0,6.2,5.7,1
16044.0,7.3,7.2,1
44579.0,11.9,14.5,2
40394.0,11.6,10.7,2
19610.0,5.7,5.9,1
45472.0,12.0,13.8,2
25474.0,7.2,5.6,1
34017.0,9.5,12.8,2
41441.0,11.8,11.5,2
3694.0,4.0,1.2,0
39576.0,11.4,14.1,2
9456.0,4.9,2.8,0
13744.0,5.3,8.1,1
43733.0,12.6,14.9,2
7560.0,4.0,3.2,0
41864.0,10.8,10.4,2
1049.0,4.9,0.0,0
16387.0,8.1,5.8,1
6585.0,5.7,4.5,0
3119.0,5.7,3.6,0
2856.0,4.9,1.5,0
14460.0,7.7,9.7,1
39225.0,10.8,10.5,2
26130.0,6.3,8.4,1
3340.0,6.6,1.7,0
42062.0,12.9,9.3,2
13643.0,6.5,5.1,1
41477.0,10.8,11.3,2
2320.0,6.6,0.0,0
2862.0,7.1,3.5,0
47467.0,11.3,13.0,2
41863.0,12.3,12.1,2
300.0,6.3,5.5,0
3726.0,6.0,0.1,0
18419.0,7.5,7.4,1
9275.0,7.8,4.1,0
18678.0,7.7,10.1,1
41561.0,12.4,11.1,2
32707.0,10.4,13.5,2
36121.0,12.9,11.1,2
41383.0,11.8,10.5,2
8103.0,3.6,5.5,0
8345.0,7.0,0.7,0
39009.0,11.3,12.3,2
22827.0,7.8,4.5,1
37695.0,10.8,18.0,2
42083.0,11.2,8.8,2
32939.0,11.7,13.3,2
43439.0,12.5,13.0,2
14220.0,7.5,4.5,1
15402.0,6.9,6.9,1
14023.0,7.7,4.3,1
12164.0,6.2,2.1,0
36275.0,12.5,12.0,2
5097.0,4.5,3.5,0
14599.0,8.4,7.3,1
7202.0,4.5,4.2,0
7722.0,5.6,4.0,0
20068.0,8.2,7.0,1
4931.0,4.8,0.0,0
44066.0,12.2,12.1,2
39382.0,13.1,13.4,2
41251.0,12.4,12.4,2
1863.0,5.0,6.5,0
45996.0,10.8,13.1,2
42358.0,12.8,11.9,2
40471.0,11.7,12.2,2
20315.0,7.5,4.4,1
15818.0,6.4,5.8,1
24485.0,6.6,9.1,1
17015.0,8.3,6.3,1
26194.0,8.8,6.4,1
6144.0,4.9,0.5,0
1482.0,4.9,3.6,0
20970.0,7.4,5.6,1
5104.0,5.2,3.9,0
6686.0,6.6,5.7,0
5412.0,5.8,7.4,0
16834.0,7.0,5.6,1
39984.0,11.2,12.5,2
6874.0,4.5,5.3,0
27332.0,8.7,7.6,1
18168.0,7.3,8.1,1
20182.0,7.0,5.7,1
20562.0,9.1,6.6,1
43415.0,12.2,10.7,2
16101.0,9.0,8.4,1
42529.0,13.6,11.6,2
45489.0,12.1,11.7,2
20169.0,5.7,7.6,1
22591.0,6.9,8.4,1
40099.0,10.6,11.6,2
9389.0,6.6,7.0,1
22681.0,6.4,9.2,1
6511.0,5.7,1.1,0
36309.0,9.7,10.4,2
18927.0,8.9,6.6,1
300.0,4.7,4.2,0
3963.0,6.2,4.8,0
9797.0,7.0,5.4,0
22910.0,5.2,5.4,1
5935.0,5.5,2.9,0
39175.0,10.4,8.4,2
21215.0,6.4,6.7,1
16556.0,6.5,9.3,1
38296.0,12.7,12.0,2
35500.0,12.3,10.2,2
11062.0,5.5,0.4,0
39601.0,11.8,12.9,2
25243.0,8.7,6.4,1
19952.0,7.9,9.3,1
4305.0,5.6,4.7,0
8947.0,5.2,2.3,0
31900.0,10.2,14.5,2
36985.0,13.3,13.7,2
5414.0,4.5,2.4,0
14057.0,7.1,4.6,0
40239.0,11.2,12.0,2
39019.0,12.7,10.0,2
14074.0,7.9,5.7,1
300.0,4.9,1.5,0
7873.0,4.1,4.1,0
20941.0,5.9,6.9,1
19183.0,6.8,6.3,1
5935.0,7.4,2.3,0
22076.0,9.2,7.7,1
35051.0,11.5,12.9,2
38179.0,12.3,11.0,2
37364.0,11.9,16.7,2
9645.0,6.3,2.1,0
18987.0,6.3,11.2,1
7171.0,5.9,3.5,0
39041.0,12.0,8.9,2
8966.0,5.6,3.3,0
20627.0,8.5,7.5,1
17163.0,8.2,5.3,1
11386.0,5.6,4.3,0
13687.0,5.4,4.8,0
20085.0,7.9,5.8,1
16417.0,8.1,7.6,1
20566.0,9.4,5.9,1
40952.0,12.1,8.9,2
9061.0,5.3,6.1,0
33763.0,11.5,10.9,2
17383.0,9.8,5.7,1
40814.0,13.0,13.7,2
37451.0,12.4,14.3,2
1898.0,7.1,3.8,0
37920.0,12.3,10.5,2
40453.0,11.1,11.8,2
44542.0,12.1,13.1,2
8893.0,6.7,2.8,0
14674.0,5.4,6.9,1
4049.0,5.5,0.0,0
22075.0,7.6,6.2,1
11421.0,5.2,4.0,0
22181.0,7.3,4.6,1
14628.0,7.7,8.9,1
36899.0,10.9,11.2,2
34752.0,13.4,13.5,2
9234.0,6.3,1.0,0
41534.0,11.6,14.6,2
45495.0,10.6,11.8,2
22026.0,9.2,6.7,1
46531.0,9.9,13.0,2
2327.0,6.4,0.2,0
17145.0,7.3,7.7,1
10199.0,4.4,4.8,0
1491.0,4.0,0.4,0
6016.0,5.2,1.1,0
22025.0,8.4,4.2,1
9012.0,7.4,7.2,1
1953.0,5.9,4.2,0
38220.0,10.7,14.3,2
10961.0,3.8,0.7,0
8579.0,4.4,0.3,0
22795.0,8.5,6.3,1
7739.0,5.8,4.2,0
41217.0,13.1,15.0,2
39989.0,12.9,11.8,2
16533.0,6.0,5.0,1
21683.0,7.9,4.8,1
26344.0,6.3,4.7,1
9624.0,4.5,4.7,0
37486.0,11.1,12.8,2
42759.0,12.3,11.5,2
37235.0,11.8,12.7,2
9599.0,5.8,4.5,0
2822.0,8.2,6.2,1
12091.0,5.5,2.6,0
20644.0,5.6,8.4,1
34853.0,10.3,8.7,2
34024.0,11.3,12.2,2
40978.0,11.5,12.7,2
3225.0,5.1,2.1,0
300.0,6.3,4.2,0
24239.0,7.5,8.1,1
42007.0,12.0,17.6,2
4204.0,5.1,3.0,0
5984.0,6.3,6.4,0
32091.0,11.5,9.0,2
21559.0,7.6,6.1,1
16811.0,6.0,5.1,1
40787.0,10.3,11.4,2
2252.0,4.3,0.6,0
41451.0,9.8,8.1,2
40001.0,11.5,11.5,2
11511.0,5.5,2.8,0
37418.0,10.8,10.3,2
7925.0,5.0,1.6,0
8714.0,4.5,2.1,0
40165.0,10.9,10.0,2
300.0,5.5,1.0,0
11895.0,4.5,4.8,0
10894.0,4.6,2.6,0
23845.0,8.9,6.5,1
12082.0,5.9,0.4,0
40375.0,11.1,11.0,2
17853.0,9.4,8.4,1
7007.0,5.3,4.8,0
24292.0,8.0,6.2,1
19610.0,7.2,8.6,1
20806.0,7.4,6.5,1
43413.0,9.6,13.6,2
37795.0,10.1,11.1,2
48763.0,10.8,14.1,2
8096.0,6.8,2.4,0
34131.0,12.1,13.3,2
40234.0,11.9,11.6,2
20208.0,5.1,5.5,1
17691.0,5.7,2.9,0
9982.0,4.6,1.9,0
1484.0,6.1,1.5,0
5277.0,5.6,7.2,0
39037.0,10.3,11.4,2
22552.0,6.7,6.4,1
1410.0,3.4,3.7,0
14574.0,7.1,6.9,1
40725.0,11.6,10.3,2
19032.0,6.1,7.9,1
41699.0,12.0,12.1,2
42749.0,11.2,9.5,2
15920.0,7.7,8.8,1
12625.0,7.8,7.8,1
40903.0,10.5,13.0,2
42392.0,12.7,10.5,2
46998.0,10.7,10.6,2
45622.0,12.5,14.2,2
18162.0,6.7,8.0,1
10261.0,6.3,6.0,0
42410.0,10.5,12.3,2
7630.0,5.2,2.6,0
38913.0,14.7,11.9,2
38970.0,9.9,14.1,2
37992.0,12.2,10.8,2
9417.0,5.9,7.5,1
44749.0,10.9,12.6,2
20120.0,4.3,6.5,1
36727.0,11.2,11.2,2
39618.0,12.9,9.1,2
43762.0,10.6,15.1,2
34489.0,11.1,11.6,2
6193.0,4.0,3.5,0
15607.0,7.9,12.4,1
14431.0,6.0,9.6,1
46566.0,11.0,11.5,2
48661.0,12.4,12.4,2
300.0,4.2,4.7,0
15237.0,5.9,6.7,1
6654.0,5.9,3.0,0
9771.0,4.6,7.4,0
15911.0,7.1,7.0,1
2447.0,4.0,3.9,0
16194.0,7.1,6.5,1
31027.0,10.8,11.8,2
41894.0,10.8,11.5,2
3629.0,7.6,6.1,0
4973.0,4.1,3.2,0
38502.0,13.0,9.1,2
37116.0,11.5,12.4,2
25551.0,6.2,7.7,1
38101.0,12.2,9.9,2
37523.0,11.6,13.7,2
43779.0,11.4,11.6,2
43810.0,10.6,11.2,2
3911.0,4.5,2.5,0
19531.0,6.7,6.1,1
3857.0,6.8,4.2,0
23547.0,8.0,9.3,1
2788.0,4.6,1.7,0
25561.0,5.8,10.5,1
39144.0,12.9,11.8,2
42267.0,9.8,12.5,2
7276.0,6.8,3.2,0
2587.0,5.9,1.8,0
44340.0,9.2,11.2,2
20220.0,7.5,7.2,1
41557.0,11.0,13.0,2
21149.0,6.9,6.7,1
10532.0,5.5,3.5,0
18580.0,7.3,8.0,1
4345.0,4.7,0.0,0
35477.0,11.2,14.9,2
9742.0,4.9,5.1,0
16721.0,7.5,7.4,1
38964.0,12.4,13.8,2
4481.0,5.2,3.3,0
20385.0,7.0,4.3,1
19215.0,5.7,5.8,1
2283.0,4.6,3.8,0
25542.0,6.8,10.0,1
16555.0,7.3,5.6,1
21811.0,6.6,7.8,1
20197.0,8.5,8.3,1
35689.0,11.9,7.7,2
42274.0,11.2,9.9,2
18073.0,7.8,6.8,1
18102.0,7.4,8.9,1
7292.0,5.8,3.3,0
4296.0,3.9,5.0,0
36622.0,12.2,11.7,2
300.0,5.8,0.0,0
25139.0,8.8,8.2,1
12329.0,5.2,4.3,0
2377.0,5.2,2.2,0
5429.0,4.5,5.9,0
19528.0,6.3,3.4,1
15909.0,6.4,6.6,1
41317.0,11.4,11.2,2
39851.0,11.8,11.2,2
49824.0,10.1,10.1,2
32142.0,11.9,10.6,2
300.0,6.7,1.7,0
42560.0,11.5,10.3,2
7332.0,4.9,5.1,0
17786.0,5.9,6.2,1
4499.0,5.2,3.0,0
47149.0,11.9,10.7,2
2025.0,8.0,3.6,0
40222.0,10.5,10.6,2
46434.0,11.2,12.6,2
40265.0,10.0,13.1,2
48000.0,12.3,11.4,2
34192.0,9.5,11.2,2
19258.0,8.0,6.1,1
37456.0,10.0,11.2,2
45615.0,10.4,12.8,2
43017.0,11.9,12.8,2
21572.0,8.3,6.5,1
45342.0,12.3,8.5,2
41759.0,10.5,11.1,2
38689.0,12.3,12.2,2
19194.0,6.8,7.2,1
2936.0,5.1,4.7,0
16057.0,6.2,4.4,1
46331.0,12.1,14.4,2
5966.0,5.2,2.0,0
5823.0,6.3,5.7,0
4907.0,5.0,4.4,0
18015.0,8.6,10.9,1
30544.0,7.2,7.7,1
31458.0,12.2,6.4,2
8982.0,5.7,3.0,0
15285.0,8.7,11.4,1
14752.0,7.6,6.3,1
3782.0,6.0,3.1,0
14367.0,7.1,6.7,1
34766.0,12.3,13.0,2
300.0,6.1,6.5,0
9070.0,5.4,0.0,0
18855.0,8.4,10.1,1
16521.0,5.4,9.7,1
4919.0,5.7,1.1,0
20854.0,7.9,5.0,1
25128.0,6.2,9.0,1
10820.0,6.1,2.3,0
20220.0,6.9,6.4,1
5785.0,5.0,1.5,0
5519.0,4.9,2.6,0
5936.0,5.6,2.1,0
12103.0,6.1,9.0,1
9589.0,5.5,3.8,0
11622.0,6.1,10.1,1
19025.0,8.9,9.7,1
4261.0,5.9,3.5,0
44922.0,10.9,12.6,2
39169.0,11.7,10.2,2
24358.0,6.9,8.3,1
39091.0,11.6,13.9,2
35355.0,10.0,13.0,2
25412.0,7.9,8.0,1
300.0,7.3,4.7,0
19773.0,7.3,10.3,1
21484.0,7.9,6.7,1
19324.0,6.3,5.4,1
8913.0,6.3,3.2,0
1641.0,4.7,5.9,0
18078.0,9.4,7.4,1
10053.0,6.1,3.2,0
44382.0,10.9,13.5,2
35219.0,10.8,15.4,2
41511.0,8.9,12.3,2
16816.0,5.7,7.3,1
10968.0,4.9,6.6,0
18015.0,9.0,4.1,1
17069.0,5.5,8.4,1
19467.0,7.7,6.2,1
43481.0,10.8,11.5,2
6019.0,5.7,3.6,0
12885.0,9.8,11.0,1
18163.0,6.5,5.5,1
38312.0,12.4,13.7,2
17618.0,7.6,8.2,1
39346.0,10.1,11.0,2
14324.0,7.1,5.8,1
23966.0,8.2,6.4,1
44208.0,10.6,7.6,2
300.0,6.4,2.8,0
34976.0,10.5,10.5,2
38685.0,11.7,13.9,2
7229.0,5.0,0.6,0
5345.0,7.7,5.2,1
5164.0,6.1,2.8,0
18241.0,7.7,5.9,1
22041.0,8.2,7.5,1
23695.0,7.5,7.2,1
41270.0,12.7,14.8,2
18351.0,6.6,5.9,1
36078.0,11.6,12.5,2
2237.0,6.3,0.4,0
20034.0,7.1,7.3,1
46161.0,11.4,14.4,2
42138.0,11.0,14.4,2
16211.0,7.4,4.2,1
18914.0,6.6,6.1,1
23816.0,7.5,6.8,1
300.0,6.3,1.8,0
14425.0,8.4,6.6,1
41451.0,11.6,11.2,2
23854.0,6.8,10.8,1
17850.0,5.5,4.9,1
14071.0,4.2,4.2,0
16409.0,5.2,4.2,1
17955.0,7.0,7.1,1
21800.0,7.1,7.1,1
36911.0,9.5,14.8,2
5093.0,5.1,2.2,0
3366.0,2.8,6.0,0
43056.0,10.7,6.5,2
2085.0,5.0,2.0,0
5347.0,5.1,0.0,0
24787.0,5.8,7.9,1
39431.0,11.6,12.8,2
29473.0,13.2,8.3,2
8284.0,5.9,5.5,0
37776.0,10.8,14.9,2
43164.0,12.7,10.5,2
34803.0,12.5,12.5,2
23572.0,7.4,4.0,1
40972.0,12.0,10.0,2
36424.0,11.0,11.4,2
6981.0,5.0,6.0,0
23051.0,8.4,9.3,1
40170.0,11.6,10.7,2
7510.0,5.0,0.9,0
10403.0,5.1,3.8,0
23268.0,6.4,9.5,1
38009.0,10.6,11.0,2
7181.0,6.1,3.8,0
40740.0,12.0,14.5,2
39705.0,11.4,13.7,2
11441.0,6.3,8.8,1
46725.0,9.0,11.5,2
9054.0,5.7,0.4,0
6544.0,5.5,1.7,0
35391.0,11.8,7.6,2
10450.0,5.3,4.6,0
13672.0,8.3,4.6,1
39287.0,10.8,12.8,2
14806.0,7.6,7.1,1
8022.0,5.5,6.5,0
14728.0,5.4,5.3,0
38862.0,8.7,10.9,2
23313.0,7.1,9.2,1
40198.0,12.3,9.6,2
14748.0,6.4,9.6,1
19003.0,7.6,5.0,1
