laptop,mouse,keyboard,headphones,tablet,case,charger,webcam,transaction_id
0,0,0,0,1,1,1,0,1
0,1,0,0,0,0,0,0,2
0,0,0,0,0,1,1,0,3
1,0,0,0,0,0,0,0,4
0,1,0,1,0,0,1,0,5
0,1,0,0,0,0,0,1,6
0,0,0,0,1,1,1,1,7
0,0,0,1,0,0,1,0,8
0,0,0,0,1,1,0,1,9
1,0,1,0,0,0,0,0,10
0,0,0,0,0,1,1,0,11
1,0,0,0,0,1,1,0,12
1,1,1,0,0,0,0,0,13
1,0,0,0,1,0,1,0,14
0,1,0,0,0,0,1,0,15
0,0,0,0,1,1,1,0,16
0,0,0,0,1,0,1,0,17
1,1,0,0,0,1,0,0,18
0,1,0,1,0,0,0,1,19
1,0,0,0,0,0,0,0,20
0,1,0,0,0,0,0,0,21
0,0,0,0,1,1,1,0,22
0,0,0,1,0,0,1,0,23
1,0,0,1,0,0,1,1,24
1,0,1,0,0,0,0,0,25
1,0,0,0,0,0,1,1,26
0,0,0,0,1,0,0,0,27
1,0,0,0,1,1,0,0,28
0,0,0,0,0,0,0,1,29
0,1,0,1,0,0,0,1,30
0,0,0,0,1,1,1,0,31
0,1,1,1,0,0,0,0,32
0,1,0,0,0,0,0,0,33
0,0,0,0,0,1,1,0,34
0,1,1,0,0,0,0,0,35
0,1,0,1,0,0,0,1,36
0,0,0,0,0,1,1,1,37
0,0,0,0,1,1,1,0,38
0,0,0,1,0,1,0,0,39
0,1,1,0,0,0,0,0,40
0,0,1,0,0,0,0,0,41
0,0,0,0,0,0,0,1,42
0,1,0,0,1,0,1,0,43
0,1,0,1,0,1,0,1,44
1,1,1,0,1,1,0,0,45
0,0,0,0,1,1,1,0,46
0,0,1,1,0,0,0,0,47
0,0,0,0,0,0,0,1,48
0,0,0,0,0,0,1,0,49
1,1,1,0,0,0,1,0,50
0,1,0,0,0,0,0,0,51
0,0,0,0,1,1,0,0,52
1,0,1,0,0,0,0,0,53
0,0,0,0,0,1,1,0,54
1,1,0,0,0,0,1,1,55
0,0,0,0,0,0,1,0,56
0,1,1,0,0,0,0,0,57
1,0,0,0,0,1,0,0,58
1,0,0,0,0,1,0,1,59
1,0,0,0,0,1,0,0,60
0,0,1,0,1,0,1,0,61
1,0,1,0,0,0,0,0,62
1,1,0,0,0,0,1,1,63
0,0,0,1,0,0,0,1,64
1,0,1,0,1,0,0,0,65
1,1,1,0,0,0,0,0,66
0,1,0,0,0,0,1,0,67
1,0,1,0,0,0,0,0,68
1,0,0,1,0,0,1,1,69
0,1,0,0,0,1,0,0,70
0,1,0,0,0,0,0,1,71
1,1,1,0,0,0,0,0,72
0,1,0,0,0,0,0,1,73
0,1,0,1,0,1,0,0,74
0,0,0,0,0,0,1,0,75
0,0,0,0,1,1,1,0,76
0,0,0,1,1,0,1,0,77
0,1,0,0,1,0,1,0,78
0,1,0,1,0,0,0,1,79
0,1,0,0,0,0,0,0,80
1,0,0,0,0,1,1,0,81
0,0,0,0,1,0,1,0,82
0,0,0,0,1,0,0,0,83
0,0,1,0,0,1,0,0,84
1,1,0,0,0,0,0,0,85
0,0,0,0,1,0,1,0,86
0,0,0,0,1,1,0,0,87
0,0,0,1,1,1,1,0,88
0,0,1,0,1,1,0,0,89
0,1,1,0,0,0,0,0,90
1,1,1,0,0,0,0,0,91
1,1,1,0,0,0,1,0,92
1,1,0,0,0,0,0,0,93
0,1,1,0,0,0,0,0,94
1,1,1,0,0,0,0,0,95
1,0,1,0,0,0,1,1,96
0,0,0,0,1,0,1,1,97
1,0,0,1,1,0,1,1,98
0,0,0,0,1,1,1,0,99
1,0,0,0,0,0,1,0,100
0,1,1,0,0,0,0,0,101
0,0,1,0,0,0,1,1,102
0,1,1,0,0,0,0,0,103
0,0,0,0,0,0,1,0,104
0,1,1,1,0,0,1,1,105
0,0,0,0,1,1,1,0,106
0,1,0,0,0,0,0,1,107
0,0,0,0,1,1,1,0,108
1,1,0,0,0,0,0,0,109
1,0,1,0,1,0,0,0,110
1,0,0,0,1,1,1,0,111
1,0,1,0,0,0,1,0,112
1,0,1,0,0,0,0,0,113
0,1,0,0,0,0,0,0,114
0,1,0,1,0,0,0,1,115
1,0,1,0,0,0,0,0,116
0,0,1,0,1,1,1,0,117
0,1,0,0,0,0,0,0,118
0,0,1,0,0,1,1,0,119
0,0,0,0,0,1,1,0,120
0,1,0,0,0,0,0,0,121
0,1,1,0,0,1,0,0,122
0,1,0,1,0,0,1,1,123
1,0,0,0,0,0,0,0,124
0,1,0,1,0,0,0,0,125
1,0,0,0,0,0,1,0,126
1,1,1,0,0,0,0,0,127
1,1,0,1,0,1,0,0,128
1,1,1,0,0,0,1,1,129
1,1,1,0,0,0,0,0,130
0,0,0,0,0,0,0,1,131
0,0,0,0,0,0,0,1,132
1,0,0,0,0,0,1,0,133
1,0,0,0,0,0,0,0,134
0,0,0,1,0,0,1,1,135
0,1,0,1,0,0,0,0,136
0,0,0,0,0,0,1,1,137
0,0,1,0,0,0,0,0,138
1,0,0,0,0,0,0,0,139
0,0,0,1,0,0,0,1,140
0,0,0,0,1,0,0,0,141
0,1,1,0,0,0,0,0,142
0,0,0,1,0,1,1,0,143
0,1,0,0,0,0,0,1,144
0,0,0,0,0,0,1,0,145
1,0,1,0,0,0,1,1,146
0,1,0,0,0,0,0,1,147
0,1,1,0,0,0,1,0,148
0,0,1,1,1,1,1,0,149
1,0,1,0,0,0,0,0,150
0,0,0,0,0,0,1,0,151
0,1,0,0,0,0,0,1,152
0,1,0,0,0,0,1,0,153
0,1,0,0,0,0,0,0,154
0,0,1,0,1,1,1,0,155
0,1,1,0,0,0,1,1,156
1,0,0,0,0,0,0,1,157
1,1,0,0,0,0,1,1,158
0,1,0,1,0,0,0,1,159
0,0,0,1,0,0,1,0,160
0,0,0,0,1,1,1,0,161
1,0,0,0,0,1,1,1,162
0,1,0,1,1,0,1,0,163
1,1,1,0,0,0,0,0,164
1,1,1,0,0,0,1,0,165
0,0,0,0,0,0,1,1,166
1,0,1,0,0,0,1,0,167
0,0,1,0,0,0,0,0,168
0,0,0,0,1,1,1,0,169
1,1,1,1,0,0,0,0,170
1,1,0,0,0,0,1,0,171
0,0,0,0,0,0,1,1,172
0,1,0,1,0,0,0,1,173
0,0,0,0,1,1,1,0,174
1,0,0,0,0,0,1,1,175
1,1,1,0,0,0,0,0,176
1,1,0,1,0,0,0,0,177
0,0,1,0,0,0,0,0,178
0,0,0,0,1,1,0,0,179
1,0,0,0,0,0,0,0,180
0,0,0,1,0,0,0,1,181
0,1,0,1,0,0,0,1,182
0,0,1,0,0,0,0,0,183
1,0,0,0,0,0,1,0,184
0,0,0,0,1,0,1,1,185
0,0,0,0,0,0,1,0,186
0,0,0,1,0,0,0,1,187
0,0,0,0,1,1,1,0,188
1,1,1,0,0,0,0,1,189
1,1,0,0,0,0,0,0,190
1,1,1,0,0,0,0,0,191
0,0,0,0,0,1,1,1,192
1,1,1,0,1,0,0,0,193
0,0,0,1,0,0,0,0,194
1,0,0,0,0,0,1,1,195
0,0,0,1,0,0,0,1,196
1,1,0,0,0,0,0,0,197
1,0,0,0,0,1,0,0,198
0,0,0,0,0,0,1,1,199
0,0,0,0,1,0,0,0,200
1,1,1,0,0,0,1,0,201
0,0,0,0,0,1,0,0,202
0,0,0,0,0,0,0,1,203
0,0,0,0,0,0,0,1,204
1,1,1,0,0,0,1,0,205
0,1,0,1,0,0,0,0,206
0,0,0,1,0,0,0,1,207
0,0,0,0,0,0,1,0,208
1,0,0,0,0,0,0,0,209
1,0,0,0,0,0,0,0,210
1,1,1,0,0,1,0,0,211
1,0,0,0,1,0,1,1,212
0,1,0,0,0,0,0,1,213
0,1,0,1,0,0,0,1,214
0,0,0,1,1,0,0,1,215
0,0,0,1,0,0,0,1,216
1,1,1,0,0,0,0,0,217
1,0,0,0,0,0,0,1,218
0,0,0,0,0,0,1,1,219
0,1,0,0,0,0,0,0,220
0,0,0,0,0,0,1,1,221
0,1,0,0,0,0,0,0,222
1,0,0,0,0,0,0,0,223
1,1,0,1,0,0,0,1,224
1,0,1,0,0,1,0,0,225
0,0,0,1,1,1,0,0,226
1,1,1,0,0,0,0,0,227
1,0,0,0,0,0,0,1,228
1,0,1,0,0,0,0,0,229
1,0,1,0,0,0,0,0,230
0,0,0,0,0,1,1,1,231
1,0,1,0,0,0,0,0,232
0,0,0,0,1,0,1,0,233
1,1,0,0,0,0,0,0,234
1,0,1,0,0,0,0,0,235
1,0,0,0,0,0,0,0,236
1,0,0,0,0,0,0,0,237
0,1,0,1,0,0,1,1,238
1,1,1,0,0,0,0,0,239
0,0,0,0,0,0,0,1,240
0,1,0,1,0,0,0,0,241
1,0,0,0,0,0,0,0,242
1,0,0,0,0,0,1,0,243
0,1,0,0,1,0,1,0,244
0,1,1,1,0,1,0,0,245
0,1,1,0,1,0,0,0,246
0,0,1,1,0,0,0,1,247
0,1,1,0,0,0,0,0,248
1,1,0,0,1,0,0,1,249
0,1,1,1,0,0,0,0,250
1,1,1,0,0,0,0,0,251
0,0,0,0,0,0,1,0,252
0,0,1,0,0,1,1,0,253
1,0,0,0,0,0,1,1,254
1,0,0,0,0,0,0,0,255
1,0,0,0,0,0,1,0,256
0,1,1,0,0,0,0,0,257
0,1,0,0,0,0,0,1,258
0,1,0,1,1,1,0,1,259
0,0,0,0,1,0,0,0,260
0,1,0,1,0,1,0,1,261
0,0,0,1,0,1,1,0,262
0,1,0,0,0,0,0,0,263
0,0,0,0,0,1,0,0,264
0,1,0,0,1,1,0,0,265
1,0,0,0,0,0,1,1,266
1,1,0,0,0,0,0,0,267
1,1,0,0,0,0,0,0,268
1,0,0,0,0,0,0,0,269
1,0,1,0,0,0,1,1,270
0,1,1,1,1,0,0,1,271
1,0,0,0,0,0,1,1,272
0,1,1,0,0,1,0,0,273
1,1,1,1,0,0,0,1,274
0,1,0,1,0,0,0,0,275
1,1,1,0,0,0,0,0,276
0,0,0,1,0,0,0,0,277
1,0,0,1,0,0,0,0,278
1,0,1,0,0,0,0,0,279
0,0,0,0,1,1,0,0,280
0,0,0,0,0,1,1,1,281
0,1,1,0,0,0,0,1,282
0,0,0,0,1,1,0,0,283
0,1,0,1,0,0,0,1,284
1,1,0,0,0,0,0,0,285
0,0,0,0,1,0,1,0,286
1,0,1,0,1,0,0,1,287
0,1,0,1,0,0,0,1,288
0,0,0,1,0,0,0,0,289
0,1,0,0,0,0,1,1,290
0,1,0,1,0,0,0,1,291
0,0,0,1,0,0,0,1,292
0,0,0,0,0,0,1,1,293
0,1,0,0,0,0,1,0,294
0,0,0,0,0,1,1,0,295
0,0,0,0,0,0,1,1,296
1,0,0,0,0,0,1,1,297
0,1,0,0,0,0,0,1,298
0,1,0,0,0,0,0,0,299
0,0,1,1,0,0,0,0,300
0,0,0,0,1,1,1,1,301
0,0,1,0,0,0,0,0,302
0,1,1,1,0,0,0,0,303
0,0,0,0,0,0,1,0,304
1,0,0,0,0,0,1,0,305
0,1,0,0,0,0,0,1,306
1,0,0,1,0,0,1,1,307
1,1,0,1,0,0,0,1,308
0,1,0,0,0,0,0,1,309
0,0,0,0,0,0,1,0,310
1,1,1,0,0,0,0,0,311
0,0,0,0,1,1,1,0,312
0,0,0,1,0,0,0,1,313
1,0,0,0,0,0,0,1,314
0,1,1,1,0,0,0,0,315
1,0,0,0,0,0,0,0,316
0,0,0,1,0,0,0,0,317
0,0,0,0,1,1,1,0,318
0,0,0,0,1,1,1,0,319
0,1,1,0,0,0,0,0,320
1,0,1,0,0,0,0,0,321
1,0,1,0,1,0,0,0,322
1,0,1,0,0,1,1,0,323
1,0,0,0,0,0,1,1,324
0,1,0,0,0,0,0,0,325
0,1,0,0,0,0,0,1,326
0,0,0,0,0,0,1,0,327
1,1,1,0,0,0,0,0,328
1,1,0,0,0,0,0,0,329
0,0,1,0,0,0,1,0,330
0,1,0,0,0,0,0,0,331
1,0,0,0,0,0,1,1,332
0,1,0,0,0,0,0,1,333
1,0,0,0,0,1,1,1,334
0,1,0,1,0,0,0,1,335
1,0,0,0,0,0,0,1,336
0,0,1,0,1,1,1,0,337
1,0,1,0,0,0,1,0,338
0,0,0,0,1,1,1,0,339
0,0,0,0,1,1,1,0,340
0,0,0,0,1,1,0,0,341
1,0,1,0,0,0,1,0,342
0,0,0,0,1,1,1,0,343
1,0,0,0,0,1,0,0,344
0,1,0,1,0,0,0,1,345
0,1,0,0,0,0,0,1,346
0,1,0,0,1,0,0,0,347
1,0,0,0,0,0,1,1,348
0,0,0,0,0,1,1,1,349
0,1,0,1,0,0,0,0,350
0,0,0,0,1,1,1,0,351
0,0,0,0,0,0,1,0,352
0,0,0,1,0,0,0,0,353
1,0,0,0,1,1,1,0,354
0,1,1,0,0,0,0,0,355
0,1,1,0,1,1,0,0,356
0,0,0,0,0,0,1,0,357
0,1,0,0,0,0,0,1,358
0,1,0,1,0,0,1,1,359
0,0,0,0,1,1,0,0,360
1,0,1,0,0,1,0,1,361
0,0,0,0,0,1,1,0,362
0,0,0,0,1,1,1,0,363
1,1,1,0,0,0,0,0,364
0,0,0,1,1,0,0,1,365
0,1,0,0,0,0,0,1,366
0,1,0,0,0,0,1,0,367
0,1,0,0,0,0,0,0,368
0,0,0,0,0,0,1,0,369
0,1,0,1,0,0,0,1,370
1,0,0,1,0,0,1,1,371
1,1,1,1,0,1,0,0,372
0,1,0,0,0,0,0,0,373
0,0,0,0,1,0,1,0,374
0,0,0,1,0,0,0,1,375
0,1,1,0,0,0,0,0,376
0,1,0,1,0,0,0,1,377
0,0,0,0,1,1,0,0,378
1,0,1,0,0,0,0,0,379
1,1,1,0,0,0,0,0,380
1,0,0,0,0,0,0,0,381
0,0,0,1,0,0,0,1,382
1,0,0,0,1,0,0,1,383
0,1,0,1,0,0,0,1,384
0,1,0,0,0,0,1,0,385
0,0,0,0,1,1,1,0,386
0,0,0,0,0,1,1,0,387
0,1,0,1,0,0,0,1,388
0,1,1,0,0,0,0,0,389
1,1,0,0,0,1,0,0,390
1,0,0,0,0,0,1,0,391
1,1,0,0,0,0,0,1,392
1,0,0,0,1,1,1,0,393
1,0,1,0,0,0,0,0,394
1,0,1,0,1,0,0,0,395
0,1,0,0,0,0,1,0,396
0,1,0,0,0,0,0,0,397
0,1,0,1,0,0,0,0,398
0,0,1,0,1,1,0,0,399
0,0,0,0,0,0,0,1,400
0,0,1,0,1,0,1,0,401
0,0,0,0,0,0,1,1,402
0,0,0,0,0,0,1,1,403
0,0,0,1,1,1,1,0,404
0,0,1,1,0,0,0,0,405
1,0,0,0,0,0,1,1,406
0,0,0,0,0,0,1,0,407
0,0,0,0,1,1,1,0,408
1,0,1,0,1,0,0,0,409
1,0,1,1,0,0,1,0,410
1,1,0,0,0,0,0,1,411
1,0,0,0,0,0,0,0,412
1,1,1,0,1,0,0,0,413
0,1,1,0,0,0,0,1,414
1,1,1,0,0,0,0,0,415
1,0,0,0,0,0,1,1,416
1,0,0,0,1,0,0,0,417
1,1,0,0,0,1,0,0,418
1,0,0,0,0,0,0,0,419
0,1,0,0,0,0,0,0,420
0,1,0,1,1,0,0,1,421
0,0,0,0,1,1,0,0,422
0,0,0,0,1,1,1,0,423
1,1,0,0,0,0,0,0,424
1,1,1,0,0,0,0,0,425
0,0,0,0,1,1,1,0,426
0,1,0,0,0,0,1,0,427
1,0,1,1,1,0,0,1,428
1,0,1,0,0,0,0,0,429
0,0,0,1,1,1,0,0,430
0,0,0,1,0,0,1,1,431
0,0,0,0,0,1,1,0,432
1,1,0,0,0,0,0,0,433
0,0,1,0,0,0,0,0,434
0,0,0,1,1,1,0,1,435
1,0,0,0,0,0,1,1,436
1,1,0,0,0,0,1,1,437
0,0,0,1,0,0,0,1,438
0,1,0,0,0,0,0,0,439
0,0,0,0,1,0,1,0,440
0,0,0,0,0,1,1,0,441
0,1,0,0,1,1,1,1,442
0,1,0,0,0,0,1,0,443
0,0,0,0,1,0,0,0,444
0,1,0,0,0,0,0,1,445
1,0,0,0,0,0,0,1,446
0,1,1,0,0,0,0,0,447
0,0,0,0,1,0,0,0,448
0,1,0,1,0,0,1,1,449
0,1,0,1,0,1,0,1,450
0,0,0,0,1,1,0,1,451
1,1,0,0,1,0,1,0,452
1,0,0,0,0,0,1,0,453
1,1,1,0,0,0,0,0,454
0,0,0,0,1,1,0,0,455
0,0,0,0,0,0,0,1,456
0,0,0,0,1,1,1,0,457
0,0,0,1,1,0,0,1,458
1,0,0,0,0,0,0,0,459
1,0,0,0,0,0,0,1,460
1,0,1,0,0,1,1,1,461
0,1,0,0,0,0,0,0,462
0,0,0,0,0,1,1,0,463
0,1,1,0,0,0,0,0,464
0,0,0,0,0,0,1,1,465
1,1,0,0,0,0,1,0,466
1,1,1,0,0,0,0,1,467
0,0,0,0,1,1,0,0,468
1,0,0,1,0,0,0,1,469
0,1,0,0,0,0,1,0,470
0,0,0,0,1,1,1,0,471
0,0,1,0,0,0,1,1,472
0,1,0,0,0,0,0,0,473
1,1,1,1,0,0,0,0,474
0,0,0,0,0,0,0,1,475
0,0,0,0,1,1,1,0,476
0,1,0,1,0,0,0,1,477
0,0,1,1,0,0,0,1,478
1,0,0,0,0,0,0,1,479
1,1,1,0,1,0,0,0,480
1,1,1,0,0,0,0,0,481
0,0,0,0,1,1,0,0,482
0,1,1,0,0,1,0,0,483
1,0,0,1,0,0,1,1,484
1,0,0,0,0,0,1,1,485
0,1,0,1,0,0,0,1,486
0,1,1,1,0,0,0,0,487
1,1,1,0,0,0,0,0,488
1,0,0,0,0,0,1,0,489
0,0,0,0,1,1,1,0,490
1,0,0,0,0,0,0,0,491
0,0,1,0,0,0,0,0,492
0,0,0,0,0,0,0,1,493
1,1,0,0,0,1,0,0,494
0,0,0,0,0,0,0,1,495
1,1,1,1,0,0,0,1,496
0,0,0,0,0,1,0,0,497
0,0,1,0,0,0,1,1,498
1,1,0,0,1,0,1,1,499
0,1,1,0,0,0,0,1,500
0,1,0,0,0,0,0,0,501
0,0,0,0,1,1,0,0,502
1,0,0,0,0,0,1,1,503
0,1,1,0,0,0,0,0,504
0,0,0,0,0,0,1,0,505
1,1,0,0,0,0,0,1,506
0,1,0,1,0,0,0,0,507
0,0,0,0,0,1,1,0,508
1,0,0,1,0,0,0,0,509
0,0,0,0,1,1,1,0,510
1,1,1,0,0,1,0,0,511
0,0,0,0,0,0,1,1,512
1,0,0,0,0,0,1,0,513
1,0,0,0,0,0,0,0,514
1,1,1,0,1,0,0,1,515
0,0,0,1,0,0,0,1,516
1,1,0,0,0,0,1,1,517
1,0,0,0,0,0,1,1,518
0,0,0,0,1,1,0,0,519
0,0,0,0,1,0,0,1,520
1,1,1,1,0,0,0,0,521
0,0,0,0,1,1,1,0,522
0,1,0,1,1,0,0,1,523
1,1,1,0,1,0,0,0,524
0,1,0,1,0,0,0,0,525
1,1,0,0,0,1,0,1,526
0,0,0,0,0,1,1,0,527
0,0,0,0,1,1,0,0,528
0,0,0,0,1,1,1,0,529
0,0,0,0,1,1,1,1,530
0,1,0,1,0,0,0,1,531
0,1,0,1,0,0,0,1,532
0,1,0,1,0,0,0,1,533
0,1,1,0,0,0,0,0,534
0,0,0,0,1,1,1,0,535
0,0,0,0,1,0,1,0,536
1,1,0,1,0,0,0,0,537
1,1,0,0,0,0,0,1,538
0,0,0,0,1,0,1,0,539
1,1,0,0,0,0,0,0,540
0,1,0,0,1,1,1,0,541
0,0,1,0,0,0,0,0,542
1,0,0,0,0,0,1,0,543
0,0,0,1,1,1,0,1,544
1,1,1,0,0,0,0,0,545
1,0,0,1,0,0,0,0,546
1,0,0,0,1,0,1,1,547
0,0,0,0,0,0,1,1,548
0,0,1,0,0,0,0,0,549
0,1,0,1,0,0,0,1,550
0,1,0,1,0,0,0,1,551
0,0,0,0,1,1,0,0,552
1,0,0,0,1,1,0,1,553
1,0,0,0,0,0,0,1,554
0,1,0,0,0,0,0,0,555
1,0,1,0,0,0,1,0,556
0,1,0,1,0,0,0,0,557
1,0,0,0,0,0,0,0,558
0,0,1,0,0,0,0,0,559
0,0,0,0,0,0,1,0,560
1,1,1,1,0,0,0,0,561
1,0,0,0,0,0,1,0,562
0,1,0,1,0,0,0,1,563
0,0,0,0,0,1,0,0,564
0,0,0,0,1,1,1,0,565
0,1,1,0,0,0,0,0,566
0,1,1,0,0,0,1,0,567
1,1,0,0,0,1,0,1,568
0,0,0,0,1,1,0,0,569
0,0,0,0,0,1,0,1,570
1,1,0,0,0,1,0,1,571
1,1,1,0,0,0,0,0,572
0,0,0,0,0,0,1,0,573
0,0,0,0,1,1,1,1,574
0,0,0,1,0,0,0,0,575
0,1,1,0,0,0,0,1,576
1,1,1,1,0,0,0,1,577
0,1,0,0,0,0,0,0,578
0,0,0,0,0,0,1,0,579
0,1,0,1,1,0,0,0,580
0,0,0,1,0,0,1,1,581
0,0,0,0,1,1,1,0,582
0,0,0,0,1,1,0,0,583
1,1,0,0,0,0,0,0,584
1,1,1,0,0,0,0,0,585
0,1,1,1,1,0,0,1,586
0,0,0,0,0,0,1,0,587
1,1,0,0,0,0,0,0,588
0,1,0,0,1,1,1,0,589
1,0,1,0,1,1,0,0,590
0,0,1,1,0,0,0,0,591
0,1,0,1,0,0,0,1,592
0,1,1,0,0,0,0,0,593
0,1,1,0,0,0,1,0,594
1,0,0,0,0,0,0,1,595
0,0,0,0,0,1,1,0,596
1,1,1,1,0,0,0,0,597
1,0,0,0,0,0,0,1,598
0,0,0,0,1,0,0,0,599
1,0,0,0,0,0,1,0,600
0,1,0,0,1,0,1,0,601
0,0,0,1,0,1,0,1,602
1,0,0,0,0,0,0,1,603
0,0,0,0,0,1,0,0,604
1,0,0,0,0,0,0,0,605
0,0,0,0,1,1,1,0,606
0,0,0,0,1,1,1,0,607
0,1,1,1,0,0,0,0,608
0,0,0,0,0,0,1,0,609
0,0,1,0,0,1,0,0,610
0,1,0,0,0,0,0,0,611
1,0,0,0,0,0,1,1,612
0,0,0,0,1,1,1,0,613
0,0,0,0,1,0,1,0,614
1,1,0,0,1,0,0,0,615
1,0,0,0,0,0,1,1,616
1,1,1,0,0,0,0,1,617
0,0,1,0,0,0,0,0,618
1,0,0,0,0,0,0,1,619
0,1,0,1,0,1,1,0,620
