monthly_spend_omr,visits_per_month,average_basket_omr,synthetic_group
256.4,8.0,73.0,1
621.1,14.3,231.6,2
619.4,15.5,239.5,2
261.2,8.9,83.1,1
316.5,8.4,47.7,1
676.3,17.5,190.6,2
666.7,13.7,232.2,2
327.5,10.6,57.5,1
612.5,14.9,239.1,2
221.0,8.1,81.0,1
292.9,6.2,77.3,1
659.8,16.5,219.2,2
327.7,10.0,65.5,1
380.5,7.9,56.6,1
65.6,1.2,29.6,0
275.9,6.5,98.2,1
296.6,7.2,68.2,1
338.2,9.0,69.1,1
638.5,15.2,247.4,2
622.4,17.7,270.0,2
98.8,3.5,9.6,0
344.2,7.1,79.3,1
95.8,1.9,19.9,0
685.9,14.4,261.9,2
110.8,3.8,6.3,0
312.6,8.2,82.3,1
89.6,2.5,39.7,0
627.7,14.8,218.7,2
678.7,14.9,220.8,2
343.5,6.9,70.7,1
695.0,15.1,200.5,2
647.8,17.6,271.0,2
84.5,3.7,36.9,0
665.7,15.7,263.1,2
347.5,7.4,107.0,1
717.5,14.2,251.7,2
85.9,2.8,53.4,0
610.9,14.6,221.8,2
82.0,2.0,42.3,0
343.2,6.0,91.9,1
275.0,7.9,77.6,1
264.4,9.2,64.4,1
651.4,16.2,215.3,2
635.3,16.4,203.3,2
48.1,2.6,10.1,0
341.0,5.5,93.6,1
654.1,16.7,252.6,2
622.0,14.8,226.2,2
660.6,16.4,226.9,2
640.5,14.5,198.5,2
84.6,2.6,37.0,0
67.1,1.6,21.6,0
584.9,16.4,248.8,2
670.5,13.6,211.0,2
693.5,15.6,195.9,2
694.3,15.3,224.8,2
91.7,2.1,39.0,0
617.9,15.9,230.2,2
62.8,2.2,78.0,0
91.4,3.1,28.1,0
76.0,1.8,15.9,0
77.6,2.5,38.9,0
683.9,16.5,227.8,2
83.1,2.6,33.8,0
661.4,14.9,261.5,2
340.6,7.6,47.2,1
74.6,1.0,35.8,0
322.7,8.3,44.6,1
48.4,3.0,33.4,0
689.3,17.9,242.4,2
276.2,7.7,100.6,1
644.2,14.5,260.6,2
659.6,19.1,221.9,2
317.0,7.1,71.0,1
280.6,9.8,72.6,1
295.7,4.9,75.2,1
299.2,7.0,86.0,1
336.0,8.1,98.3,1
285.8,7.1,83.2,1
726.1,15.7,221.8,2
253.7,7.4,85.3,1
255.6,7.8,51.5,1
632.6,17.4,215.4,2
48.2,2.8,0.0,0
678.5,13.1,237.6,2
91.3,3.7,46.7,0
303.6,5.8,104.5,1
623.3,16.5,265.3,2
319.9,8.8,55.2,1
667.5,17.0,236.7,2
642.5,17.3,225.2,2
657.1,15.3,195.2,2
385.3,6.3,61.9,1
570.3,15.1,216.8,2
130.4,1.0,40.9,0
312.1,5.1,70.3,1
288.8,11.4,88.5,1
239.6,7.1,82.8,1
329.5,8.4,77.2,1
111.3,3.7,37.5,0
306.1,7.9,89.0,1
298.0,9.4,87.0,1
364.2,5.4,93.0,1
592.4,13.7,215.2,2
5.0,4.6,20.2,0
630.4,16.4,236.1,2
277.0,8.2,56.3,1
582.6,16.8,225.9,2
539.2,15.4,228.5,2
92.3,2.9,43.2,0
725.3,16.2,220.9,2
52.2,1.0,15.2,0
328.9,5.9,110.6,1
96.7,1.1,45.1,0
635.8,15.1,215.8,2
349.3,7.5,84.4,1
331.4,9.1,97.7,1
680.6,16.7,254.1,2
90.8,1.4,25.7,0
294.2,8.4,138.5,1
93.8,1.8,17.7,0
648.8,16.3,247.8,2
293.1,8.2,93.3,1
144.6,1.0,27.1,0
687.2,17.5,214.8,2
53.3,5.3,50.9,0
301.9,10.4,79.2,1
338.4,10.3,63.2,1
711.5,17.5,215.3,2
95.7,1.1,15.0,0
272.6,7.5,47.0,1
683.8,14.4,234.5,2
662.8,17.9,211.5,2
322.1,6.8,85.9,1
74.3,2.6,33.0,0
334.0,5.9,105.5,1
640.1,15.9,230.0,2
111.5,1.4,24.5,0
93.7,5.4,42.3,0
630.3,13.0,231.2,2
308.5,6.1,90.9,1
288.1,9.2,91.8,1
719.5,16.4,212.0,2
282.5,8.3,115.1,1
643.3,15.8,210.4,2
616.0,17.0,250.3,2
268.6,8.7,55.6,1
53.2,1.0,16.9,0
306.2,7.8,80.7,1
602.6,18.7,220.8,2
676.9,15.6,226.9,2
88.1,5.1,43.7,0
264.6,8.0,113.0,1
522.6,15.7,240.8,2
351.2,9.5,99.5,1
689.8,16.8,248.4,2
302.9,6.7,94.8,1
290.2,9.9,68.0,1
628.4,16.9,201.8,2
345.3,5.5,117.3,1
678.3,17.7,201.7,2
675.9,16.4,245.4,2
665.3,16.4,214.9,2
661.1,15.0,239.2,2
646.2,13.3,227.5,2
315.5,8.6,71.8,1
645.8,14.2,223.4,2
50.6,3.8,40.6,0
588.1,15.5,231.4,2
343.9,9.6,85.4,1
127.5,1.0,65.4,0
694.7,17.1,208.3,2
115.8,3.6,13.5,0
296.6,9.7,96.4,1
677.9,18.0,242.2,2
683.4,17.3,220.1,2
649.1,15.2,200.5,2
320.0,7.0,97.5,1
289.2,8.8,83.8,1
259.1,8.3,91.3,1
323.3,9.1,75.2,1
71.9,2.4,35.0,0
288.6,7.7,96.8,1
157.3,1.6,49.1,0
272.3,7.0,110.0,1
356.8,6.0,99.7,1
306.8,6.8,86.0,1
646.6,15.2,230.5,2
627.4,15.3,237.9,2
657.5,16.3,239.6,2
609.4,17.1,260.3,2
121.7,3.0,71.5,0
691.3,17.4,231.0,2
355.3,6.8,72.2,1
40.5,2.6,4.7,0
682.3,13.7,240.9,2
245.4,9.6,62.8,1
623.9,17.8,242.0,2
62.5,3.1,63.5,0
209.8,6.4,85.5,1
377.4,6.1,73.8,1
51.7,5.6,32.9,0
324.5,8.9,58.7,1
78.3,4.0,50.8,0
91.4,2.2,21.7,0
329.8,7.7,125.4,1
303.6,9.3,88.2,1
338.0,6.6,73.7,1
102.8,3.8,29.2,0
224.7,9.6,97.2,1
605.6,15.3,230.6,2
657.6,16.2,279.3,2
670.6,16.6,208.1,2
351.7,9.8,81.6,1
113.8,3.3,35.5,0
329.6,8.8,129.0,1
109.0,1.0,13.8,0
725.1,15.7,213.3,2
284.6,9.1,103.8,1
39.0,2.9,30.3,0
636.0,15.5,213.1,2
95.0,2.1,27.3,0
657.9,16.4,234.0,2
352.6,7.8,90.6,1
345.9,7.8,84.1,1
157.6,2.4,30.3,0
105.9,3.0,24.9,0
278.7,8.0,52.0,1
637.9,21.0,245.7,2
296.3,9.0,106.5,1
277.9,8.2,98.6,1
646.9,16.3,246.5,2
292.1,10.4,104.2,1
638.1,17.4,235.3,2
627.3,15.9,231.8,2
114.8,5.4,44.8,0
690.8,16.8,234.2,2
620.6,17.8,218.3,2
701.7,15.0,219.8,2
364.5,8.1,81.5,1
341.6,8.1,56.5,1
152.5,2.8,12.4,0
174.4,3.2,48.6,0
672.9,15.6,225.4,2
61.0,2.3,24.7,0
245.2,8.5,101.8,1
325.7,9.2,112.9,1
620.7,15.9,216.7,2
667.1,15.9,218.3,2
331.0,5.8,86.3,1
650.6,16.6,230.6,2
301.8,4.1,53.8,1
357.4,6.4,93.4,1
51.4,2.2,57.2,0
271.6,8.1,85.7,1
146.4,2.1,26.5,0
85.3,1.2,31.3,0
659.4,15.8,230.2,2
112.5,1.1,32.7,0
640.9,17.8,252.6,2
53.9,2.1,56.1,0
277.7,10.1,86.0,1
363.0,10.0,87.6,1
83.6,3.9,47.2,0
300.8,7.5,87.3,1
80.2,1.8,32.5,0
367.8,9.5,64.3,1
312.2,7.0,84.8,1
286.9,6.9,87.4,1
717.8,17.7,259.2,2
680.6,16.0,241.2,2
600.3,15.2,227.5,2
126.9,3.2,28.0,0
312.8,8.5,87.8,1
61.7,4.6,36.9,0
329.5,9.1,89.6,1
723.2,17.3,236.3,2
290.5,6.4,49.6,1
281.5,8.1,82.2,1
702.0,15.9,246.6,2
20.0,4.7,20.5,0
81.2,1.1,27.2,0
299.6,7.3,78.3,1
66.7,3.5,10.5,0
706.3,16.0,233.2,2
65.7,2.8,30.8,0
295.5,7.9,84.8,1
272.4,7.8,91.0,1
361.1,10.8,85.3,1
80.5,1.6,43.7,0
642.5,15.6,220.2,2
650.9,15.4,213.6,2
143.3,1.8,50.6,0
289.9,6.8,62.3,1
82.9,2.4,45.2,0
665.9,15.5,229.7,2
658.2,17.0,220.1,2
621.3,16.1,232.2,2
685.2,13.7,253.1,2
89.2,3.2,39.7,0
356.4,9.2,84.5,1
638.5,14.1,257.3,2
631.3,17.1,245.6,2
278.5,7.9,112.4,1
663.9,17.1,231.1,2
689.8,16.0,220.1,2
269.2,6.2,79.9,1
658.8,14.9,239.8,2
67.2,1.3,41.4,0
135.0,1.2,35.0,0
701.2,15.3,224.8,2
613.8,15.1,238.5,2
15.8,4.0,20.1,0
272.4,8.4,98.5,1
54.2,3.5,62.2,0
645.2,17.5,195.4,2
64.1,1.7,51.9,0
110.1,1.2,40.2,0
82.6,1.2,53.1,0
320.3,8.7,101.2,1
275.6,8.2,104.0,1
662.8,16.1,208.6,2
378.6,8.0,112.3,1
632.7,14.2,226.8,2
282.2,6.6,79.3,1
309.3,7.9,69.8,1
663.1,17.2,232.5,2
160.9,2.9,68.2,0
304.0,6.8,58.2,1
585.3,16.1,229.1,2
122.0,4.0,31.2,0
276.5,9.0,98.1,1
81.4,1.0,57.5,0
634.2,14.9,225.7,2
298.0,9.6,54.1,1
334.9,8.5,92.6,1
336.1,7.1,96.3,1
273.3,6.5,110.3,1
286.7,8.6,101.3,1
300.9,5.1,87.5,1
346.5,8.5,81.4,1
28.9,2.9,34.2,0
96.4,4.9,0.6,0
81.3,2.6,40.0,0
680.2,17.6,205.1,2
666.1,14.7,206.3,2
760.6,16.2,248.7,2
58.7,2.0,46.7,0
108.3,3.3,21.0,0
291.6,8.3,71.2,1
75.3,4.1,41.6,0
118.6,3.9,0.0,0
102.7,2.1,11.7,0
683.0,15.8,228.0,2
130.1,3.1,20.5,0
111.0,1.1,34.0,0
684.9,17.6,222.3,2
621.9,15.2,277.0,2
76.4,2.8,34.4,0
625.9,16.6,225.7,2
380.5,10.2,100.9,1
271.0,7.6,61.0,1
394.8,7.6,92.0,1
352.7,8.6,56.6,1
748.7,19.5,235.7,2
398.9,6.4,63.8,1
641.0,17.1,210.1,2
295.6,8.3,95.0,1
680.2,16.0,221.1,2
72.1,4.7,28.8,0
358.2,8.1,103.3,1
368.9,7.7,120.5,1
293.8,7.2,57.5,1
112.1,3.3,29.0,0
698.8,15.2,242.4,2
275.7,7.4,90.0,1
621.4,16.5,230.2,2
162.7,2.2,20.7,0
639.5,15.6,236.4,2
302.9,7.3,84.7,1
670.7,18.1,256.4,2
290.9,8.0,94.3,1
640.1,16.1,230.0,2
313.8,8.0,111.5,1
641.0,17.0,230.0,2
20.8,5.5,32.1,0
691.8,15.1,230.9,2
602.1,17.0,237.7,2
315.0,10.3,59.7,1
350.7,7.9,91.8,1
255.1,5.4,94.0,1
677.2,15.6,230.9,2
641.1,16.7,254.1,2
85.8,1.9,35.8,0
647.4,16.1,222.6,2
277.4,6.0,102.6,1
611.8,17.4,231.5,2
588.7,17.1,235.4,2
59.1,2.2,26.6,0
57.4,3.5,27.9,0
667.4,17.1,252.0,2
104.7,1.0,40.6,0
646.9,16.4,237.8,2
687.1,16.8,237.3,2
674.8,15.2,236.9,2
643.8,15.1,198.0,2
268.4,9.2,79.2,1
75.4,2.3,0.7,0
321.8,7.2,95.5,1
672.7,15.1,213.2,2
339.4,10.2,104.3,1
644.7,16.2,251.5,2
107.1,1.2,52.9,0
78.6,2.0,57.6,0
107.6,1.8,19.1,0
331.9,7.4,100.1,1
673.7,14.4,211.3,2
16.4,3.6,33.5,0
33.9,1.8,35.9,0
657.7,17.8,246.3,2
668.2,16.7,250.1,2
356.6,10.3,111.3,1
681.3,16.8,220.1,2
610.2,14.7,213.6,2
617.1,14.2,244.0,2
635.1,17.6,258.8,2
643.8,17.4,208.3,2
119.8,2.9,42.5,0
599.8,18.1,260.9,2
139.9,2.8,28.4,0
294.4,9.3,111.4,1
664.7,17.3,209.4,2
118.6,2.8,30.4,0
35.3,2.3,28.5,0
259.7,7.2,83.0,1
116.6,4.9,0.0,0
71.5,1.8,45.3,0
599.3,17.3,236.5,2
82.1,3.3,15.0,0
313.5,9.5,85.2,1
651.4,18.0,208.3,2
323.3,10.0,74.8,1
295.4,9.2,74.1,1
324.0,8.3,118.0,1
637.2,17.0,253.4,2
631.6,15.1,220.5,2
98.5,1.9,33.1,0
282.2,10.5,104.2,1
326.4,10.1,84.3,1
251.1,7.2,87.2,1
56.2,2.2,38.8,0
132.2,2.0,26.6,0
670.7,16.0,227.3,2
112.7,1.9,35.8,0
37.2,3.5,30.0,0
45.1,1.0,20.3,0
676.3,16.5,190.7,2
138.3,3.8,7.5,0
648.8,16.2,248.1,2
270.4,7.4,76.1,1
733.2,18.1,229.9,2
96.0,3.3,24.6,0
109.6,1.0,30.7,0
646.9,16.5,244.9,2
124.2,2.9,13.3,0
116.1,2.0,50.4,0
82.5,1.0,15.3,0
70.6,1.0,0.8,0
315.5,4.9,59.3,1
281.2,10.6,76.0,1
665.0,17.2,224.2,2
731.1,15.0,208.9,2
619.3,15.8,235.2,2
346.0,5.7,70.3,1
110.8,2.1,46.8,0
79.0,1.3,45.2,0
74.8,4.9,59.0,0
647.6,14.8,261.4,2
306.3,10.0,101.8,1
37.6,5.2,16.6,0
148.6,3.7,15.9,0
43.7,3.8,33.5,0
134.2,1.6,24.5,0
138.4,4.0,51.2,0
232.0,7.4,107.8,1
313.3,5.9,73.0,1
356.1,6.5,127.6,1
122.5,1.2,49.7,0
622.2,14.8,224.4,2
264.7,9.5,41.5,1
624.5,15.7,220.1,2
80.4,2.4,14.6,0
683.5,17.3,238.8,2
84.8,1.0,13.5,0
280.6,7.4,90.6,1
271.7,7.4,61.6,1
104.8,3.4,40.9,0
104.5,2.1,42.6,0
292.7,10.0,85.0,1
617.3,15.4,226.4,2
316.1,9.5,96.6,1
600.0,16.1,225.2,2
693.1,16.6,211.5,2
171.4,1.9,20.2,0
243.8,7.5,106.5,1
660.4,15.1,235.5,2
646.0,14.5,222.2,2
710.2,18.1,224.2,2
274.8,9.0,79.5,1
669.9,15.4,238.9,2
69.9,4.3,49.4,0
590.8,16.2,214.1,2
400.4,8.8,87.2,1
283.2,8.0,98.7,1
334.5,9.5,76.4,1
612.5,14.9,206.4,2
595.6,16.5,251.0,2
78.3,2.2,17.6,0
5.0,1.2,18.0,0
156.5,3.4,35.5,0
122.0,3.9,25.8,0
102.5,1.0,52.8,0
648.4,17.2,250.5,2
145.2,1.0,38.8,0
361.5,8.6,54.8,1
631.0,13.3,257.6,2
650.8,17.0,243.2,2
338.4,6.1,102.0,1
327.3,6.7,100.7,1
294.0,9.3,59.5,1
623.0,14.3,254.2,2
75.6,4.2,54.4,0
315.5,9.0,114.6,1
713.6,16.7,233.3,2
315.9,7.9,92.5,1
372.8,6.8,61.3,1
667.3,18.7,205.3,2
91.4,1.0,43.6,0
349.0,6.9,90.9,1
617.5,18.2,243.4,2
267.0,9.5,99.1,1
42.1,4.2,33.6,0
655.5,17.2,217.9,2
303.6,10.6,89.8,1
664.4,16.4,261.3,2
5.0,3.6,25.4,0
675.8,16.7,248.4,2
354.7,7.4,89.8,1
673.4,17.1,223.7,2
673.2,17.1,224.0,2
82.2,3.1,56.1,0
670.7,15.8,233.9,2
333.9,6.4,80.4,1
287.0,8.4,60.2,1
73.9,1.1,24.8,0
679.7,16.5,245.3,2
644.9,16.7,215.2,2
627.4,16.6,250.2,2
631.7,18.5,257.8,2
336.7,6.9,96.3,1
289.3,8.3,73.2,1
111.0,3.0,65.9,0
627.2,14.7,228.7,2
111.8,4.7,40.0,0
169.4,2.0,36.9,0
306.0,8.4,87.8,1
647.1,16.1,244.8,2
724.0,17.3,224.9,2
611.6,15.0,280.8,2
103.0,2.7,25.0,0
669.5,16.9,235.7,2
307.7,9.8,95.0,1
317.1,8.5,97.4,1
288.8,7.6,85.1,1
267.0,8.1,79.0,1
102.0,2.6,49.4,0
653.3,15.8,221.7,2
652.2,17.4,234.5,2
655.5,17.0,217.0,2
265.5,7.7,93.3,1
345.1,8.7,98.1,1
608.8,16.0,229.9,2
652.2,17.9,236.6,2
694.3,16.9,242.2,2
87.1,4.1,15.8,0
101.8,2.3,29.7,0
662.6,17.4,224.5,2
316.3,8.3,75.2,1
316.9,10.1,72.3,1
547.2,15.5,224.6,2
58.5,2.1,41.1,0
32.5,4.1,37.1,0
92.5,2.1,35.1,0
699.7,13.0,225.4,2
367.7,8.0,111.0,1
295.2,7.5,91.2,1
67.6,2.0,12.0,0
84.1,2.7,29.0,0
142.5,2.4,28.2,0
63.0,2.7,29.2,0
720.2,15.7,230.5,2
640.0,13.4,242.7,2
659.0,16.2,243.6,2
79.5,3.6,41.4,0
383.7,8.2,94.6,1
638.5,14.8,218.4,2
703.3,17.3,212.7,2
285.5,9.0,71.7,1
75.1,3.1,61.5,0
573.7,16.0,217.8,2
648.6,14.4,236.0,2
707.0,17.3,235.1,2
627.3,13.4,239.7,2
616.7,16.5,239.6,2
281.9,7.8,86.5,1
292.4,7.1,87.8,1
621.9,15.0,244.8,2
649.1,15.0,209.5,2
696.2,15.1,265.3,2
81.6,1.3,52.4,0
629.7,15.3,223.1,2
634.5,17.0,228.4,2
41.2,3.4,43.1,0
78.8,1.0,23.8,0
359.2,9.2,75.8,1
660.9,14.7,257.9,2
125.1,2.9,18.6,0
617.4,18.0,208.2,2
71.1,1.3,20.2,0
711.2,13.5,223.8,2
