study_hours_week,attendance_percent,practice_quizzes_month,synthetic_group
4.7,55.8,0.2,0
4.6,38.6,0.8,0
19.1,100.0,12.5,2
3.6,47.7,2.0,0
22.4,92.1,12.5,2
1.3,49.5,1.6,0
4.9,51.6,1.1,0
21.8,97.5,11.5,2
11.2,75.0,5.5,1
21.0,87.3,11.1,2
4.9,51.8,0.5,0
18.9,94.3,13.6,2
16.8,95.1,12.6,2
10.0,74.1,4.3,1
10.0,70.0,3.9,1
10.6,67.7,6.0,1
2.7,49.7,0.8,0
3.1,45.6,1.2,0
18.1,96.0,12.5,2
19.4,87.4,12.5,2
20.4,90.0,13.5,2
16.6,83.6,11.0,2
0.0,61.7,1.9,0
5.9,80.0,4.9,1
20.7,92.4,13.4,2
9.1,70.4,2.7,1
20.8,95.0,11.5,2
0.4,59.3,1.4,0
1.5,44.4,3.0,0
17.2,76.7,11.5,2
19.2,81.3,11.2,2
20.6,93.6,12.0,2
3.4,50.0,0.1,0
18.3,100.0,10.1,2
19.6,82.6,13.3,2
6.9,77.9,5.0,1
6.9,57.2,1.1,0
0.0,48.8,2.0,0
1.7,57.7,0.0,0
19.2,79.9,13.5,2
19.2,97.2,13.9,2
19.5,90.3,14.0,2
4.4,64.7,0.8,0
9.5,69.9,5.8,1
17.1,87.4,11.6,2
10.2,79.6,6.4,1
19.6,89.5,12.1,2
3.4,50.8,0.0,0
10.3,68.0,4.6,1
18.5,93.5,12.1,2
3.1,40.6,3.4,0
10.8,81.8,5.9,1
6.2,42.8,0.0,0
7.0,43.8,1.9,0
3.0,53.5,1.6,0
19.2,83.2,12.0,2
9.4,79.8,2.7,1
5.6,57.5,0.0,0
22.3,93.9,13.5,2
1.0,57.2,0.0,0
6.5,73.0,4.0,1
18.4,91.5,12.7,2
11.0,71.2,3.7,1
4.7,51.3,1.1,0
16.0,93.1,10.6,2
19.7,93.9,11.8,2
1.9,53.7,0.3,0
4.2,50.6,1.3,0
19.2,96.3,12.9,2
6.1,53.6,1.7,0
18.4,95.7,13.6,2
22.1,96.0,13.9,2
11.7,64.4,6.3,1
8.8,75.7,5.0,1
19.5,98.1,10.7,2
22.1,98.0,13.2,2
11.1,68.5,3.7,1
9.8,84.8,4.2,1
3.3,60.9,2.9,0
3.9,36.7,2.7,0
1.3,43.7,2.7,0
21.9,84.3,11.5,2
6.7,68.5,6.7,1
9.2,70.4,6.3,1
19.6,97.4,11.0,2
19.0,100.0,12.6,2
24.5,86.7,8.2,2
24.7,100.0,11.5,2
4.2,49.7,0.0,0
0.0,52.8,0.0,0
2.0,46.9,3.5,0
19.8,100.0,11.7,2
9.2,75.3,5.1,1
24.5,87.8,10.0,2
10.8,71.8,4.5,1
8.3,75.7,2.4,1
3.3,44.6,2.5,0
11.8,81.2,1.9,1
18.4,99.3,10.7,2
19.4,89.7,11.8,2
2.5,47.3,0.0,0
4.3,41.0,0.0,0
7.8,81.9,2.4,1
19.9,94.7,10.3,2
8.4,71.4,4.9,1
10.7,75.7,6.2,1
5.6,43.4,1.3,0
3.0,46.9,0.5,0
3.6,49.6,1.3,0
9.2,79.9,4.7,1
1.4,50.5,0.0,0
9.6,71.6,5.2,1
16.8,100.0,13.6,2
18.4,85.4,11.9,2
5.0,53.6,0.4,0
6.3,59.8,3.5,0
4.2,54.0,2.8,0
20.4,89.5,10.2,2
20.0,98.8,12.4,2
20.9,100.0,11.4,2
21.6,88.1,9.6,2
6.4,49.2,1.2,0
20.6,90.8,12.6,2
20.7,100.0,13.3,2
2.1,45.0,0.8,0
11.6,80.6,4.3,1
22.3,96.3,10.4,2
3.4,46.4,0.0,0
4.1,55.1,0.0,0
23.3,93.4,10.9,2
0.9,47.0,0.1,0
9.8,75.0,4.9,1
21.1,94.9,13.8,2
0.4,51.8,1.7,0
4.0,54.9,2.9,0
20.5,89.2,14.8,2
8.7,63.5,5.7,1
18.8,93.0,14.2,2
21.5,98.9,11.7,2
23.6,98.7,11.6,2
11.9,83.3,6.4,1
7.6,78.7,4.6,1
21.4,91.2,10.4,2
4.2,47.2,2.2,0
7.1,75.4,5.1,1
12.1,70.1,5.0,1
8.9,69.1,5.0,1
4.2,46.1,0.1,0
22.0,95.7,11.1,2
18.4,84.7,13.0,2
18.2,97.1,13.0,2
21.9,89.2,11.5,2
7.7,73.9,2.1,1
22.5,88.2,10.4,2
5.0,41.9,0.6,0
4.7,49.4,2.6,0
19.9,87.8,9.8,2
22.2,85.2,11.7,2
17.0,96.4,13.8,2
6.8,53.5,0.6,0
5.1,58.7,0.0,0
17.0,90.3,13.5,2
19.1,94.9,11.6,2
23.7,88.1,12.4,2
1.7,50.3,0.0,0
10.3,69.3,5.7,1
9.6,70.8,5.2,1
17.2,79.2,10.5,2
9.9,73.2,5.0,1
10.1,71.8,5.0,1
16.0,97.5,13.3,2
4.3,56.5,0.3,0
2.0,38.5,0.0,0
8.1,70.3,5.3,1
22.1,93.8,11.7,2
20.9,84.6,12.7,2
3.8,54.5,1.0,0
20.6,95.2,11.0,2
0.0,58.2,1.1,0
0.0,50.2,0.0,0
8.0,66.0,4.3,1
19.4,100.0,11.7,2
5.7,81.8,3.4,1
3.2,46.6,0.9,0
2.1,50.6,1.6,0
4.1,47.7,1.3,0
21.7,93.4,12.7,2
17.2,91.2,11.9,2
4.0,45.9,0.9,0
20.2,96.8,14.5,2
17.6,92.2,13.0,2
1.4,51.5,0.0,0
19.2,90.3,11.5,2
8.9,70.4,4.3,1
1.9,47.7,0.6,0
18.2,84.2,12.9,2
23.9,89.4,9.6,2
7.9,70.7,4.5,1
19.3,92.9,11.2,2
0.0,45.4,0.0,0
8.7,78.2,4.6,1
4.5,50.3,0.7,0
19.9,90.9,9.0,2
19.5,84.4,11.5,2
10.0,78.9,2.5,1
17.4,94.1,13.9,2
10.8,81.0,4.9,1
10.2,70.7,5.0,1
12.1,74.5,5.0,1
12.3,59.1,4.4,1
3.4,51.3,3.9,0
12.3,74.1,5.5,1
19.8,88.5,12.7,2
0.0,50.3,2.8,0
21.9,89.5,11.4,2
3.0,55.4,1.4,0
6.0,44.8,1.8,0
17.8,100.0,12.4,2
21.1,97.0,13.5,2
9.8,68.0,3.9,1
17.3,96.4,11.9,2
2.3,58.1,1.1,0
17.6,85.8,13.5,2
3.1,54.6,2.5,0
10.1,71.3,6.3,1
1.5,38.0,0.2,0
10.5,68.5,6.0,1
7.4,73.8,5.2,1
3.4,49.9,0.5,0
1.9,43.6,1.8,0
2.4,45.2,1.2,0
5.3,58.5,0.3,0
9.4,76.6,2.3,1
6.0,45.2,0.0,0
1.8,55.3,0.7,0
18.7,91.8,7.6,2
1.8,51.9,1.1,0
16.4,96.0,11.7,2
3.0,47.4,2.8,0
22.9,98.9,12.4,2
2.0,40.5,1.6,0
25.3,91.3,11.9,2
17.6,100.0,13.1,2
13.3,71.8,4.9,1
22.8,93.4,10.1,2
12.0,67.4,5.5,1
9.7,69.5,6.6,1
2.8,41.9,0.0,0
5.2,48.0,0.0,0
14.9,85.1,11.0,2
2.0,48.2,1.1,0
11.9,75.2,4.8,1
20.6,97.6,14.6,2
3.4,55.4,0.0,0
5.8,45.3,0.3,0
9.6,68.7,5.0,1
1.8,46.8,0.6,0
11.7,77.7,7.3,1
12.8,73.3,4.5,1
21.7,94.0,10.1,2
9.5,63.9,3.5,1
0.0,52.4,0.0,0
5.3,44.6,0.2,0
3.0,51.9,0.0,0
11.6,76.1,6.1,1
5.6,52.0,2.1,0
20.4,89.4,10.7,2
11.6,71.7,3.1,1
8.1,75.9,4.5,1
23.2,100.0,12.3,2
7.3,78.7,5.5,1
10.6,66.2,4.6,1
11.4,70.9,5.9,1
22.7,84.7,13.4,2
21.2,100.0,12.2,2
5.7,69.6,6.0,1
0.1,49.8,0.0,0
20.6,98.9,12.3,2
11.2,77.0,5.6,1
23.8,95.2,12.2,2
1.0,44.6,0.0,0
4.1,50.3,0.0,0
8.2,58.3,5.5,1
9.6,73.1,4.5,1
2.7,43.1,2.1,0
3.6,64.4,2.3,0
4.5,42.2,0.4,0
9.7,77.6,4.2,1
13.5,74.7,3.9,1
12.4,74.7,5.0,1
19.2,92.6,11.3,2
21.9,93.8,9.6,2
3.3,51.5,1.6,0
13.1,76.3,3.7,1
5.8,74.8,5.1,1
3.0,43.8,0.2,0
2.6,46.3,0.0,0
2.7,35.4,1.4,0
7.2,74.5,2.8,1
20.6,90.7,12.0,2
2.9,56.3,1.7,0
10.8,72.8,7.5,1
0.1,41.9,1.5,0
8.9,76.8,3.1,1
17.1,95.5,11.7,2
9.4,65.8,5.5,1
10.2,71.0,4.7,1
22.0,93.7,12.1,2
19.3,100.0,12.4,2
17.3,93.3,13.2,2
4.6,53.7,1.0,0
4.0,43.7,0.5,0
5.0,42.4,1.3,0
3.4,46.1,2.4,0
12.5,70.6,4.5,1
6.9,63.0,5.3,1
8.2,73.7,7.0,1
18.0,100.0,12.7,2
9.6,71.3,6.4,1
16.0,96.9,12.5,2
21.8,90.4,13.3,2
2.9,56.1,3.1,0
7.7,54.4,4.7,0
3.7,54.9,0.9,0
21.8,81.2,10.7,2
3.5,52.8,0.2,0
19.4,85.1,11.0,2
7.4,82.2,5.3,1
15.4,77.2,6.0,1
2.8,42.6,1.8,0
11.4,79.3,4.9,1
20.0,93.1,13.2,2
10.2,77.3,2.8,1
11.1,74.8,5.6,1
10.5,80.6,6.4,1
13.9,70.5,6.2,1
2.0,44.3,1.6,0
9.0,81.2,7.8,1
7.8,73.4,5.3,1
20.0,91.9,12.7,2
9.0,63.5,5.9,1
20.4,94.5,11.4,2
18.0,91.6,11.9,2
3.7,51.3,0.6,0
3.5,61.4,2.7,0
8.8,66.9,7.0,1
4.5,48.1,2.2,0
4.8,53.4,0.2,0
6.2,50.6,0.6,0
22.2,96.9,11.3,2
20.1,95.5,13.1,2
3.4,49.6,0.3,0
4.7,77.3,4.9,1
4.8,51.9,2.1,0
7.8,74.9,4.1,1
3.0,53.1,0.0,0
21.4,85.8,11.5,2
8.8,92.1,4.8,1
1.6,54.4,0.5,0
11.9,68.0,5.3,1
18.1,95.3,11.9,2
2.8,48.7,1.9,0
4.4,52.7,3.3,0
19.1,99.2,15.2,2
13.7,74.7,5.2,1
17.3,82.9,11.6,2
18.8,98.7,11.2,2
16.8,93.6,11.6,2
2.5,37.2,0.0,0
10.4,77.4,4.7,1
17.1,84.1,11.3,2
0.1,50.6,1.7,0
2.8,43.0,2.1,0
21.4,87.8,12.2,2
2.0,58.1,0.4,0
13.8,73.5,4.6,1
9.8,86.2,6.2,1
0.0,48.6,1.1,0
4.1,51.8,0.2,0
18.8,91.4,13.0,2
13.5,73.2,4.9,1
6.8,70.6,4.6,1
20.6,88.7,12.7,2
19.6,94.6,16.3,2
19.0,92.2,11.6,2
3.9,48.1,0.0,0
4.9,39.5,0.6,0
6.4,38.1,2.0,0
18.2,93.7,14.0,2
19.1,86.3,9.2,2
17.7,93.9,12.9,2
3.3,47.8,0.1,0
21.5,88.5,12.0,2
2.7,47.0,1.1,0
19.4,100.0,13.4,2
20.3,95.3,12.6,2
22.8,84.7,11.0,2
9.6,74.9,5.8,1
11.1,71.3,6.2,1
19.6,96.3,14.0,2
20.0,98.2,10.6,2
0.0,41.0,0.2,0
6.7,51.6,0.5,0
19.3,96.5,12.0,2
2.8,48.4,1.3,0
23.0,100.0,12.0,2
2.8,37.9,0.5,0
6.8,52.4,2.9,0
15.7,86.7,12.5,2
7.8,45.4,0.0,0
12.3,70.2,5.7,1
22.0,99.0,8.1,2
21.8,100.0,12.5,2
20.8,98.9,9.7,2
10.3,74.2,7.6,1
4.1,43.2,1.4,0
18.9,85.1,12.2,2
17.3,96.8,12.6,2
11.2,65.8,5.6,1
3.0,59.7,0.0,0
2.5,56.2,1.8,0
9.9,73.0,4.9,1
4.7,42.0,1.1,0
11.9,64.9,2.3,1
10.3,74.5,4.3,1
20.2,99.2,13.0,2
9.5,68.6,6.6,1
18.1,85.2,10.5,2
16.3,76.5,11.0,2
19.7,100.0,11.0,2
3.1,47.0,0.0,0
19.9,100.0,12.7,2
9.0,80.2,6.9,1
21.8,93.6,12.0,2
3.3,58.0,0.6,0
10.2,76.4,4.4,1
0.4,46.9,3.5,0
20.2,90.0,12.8,2
8.6,73.2,8.3,1
2.5,41.2,2.0,0
6.7,51.3,1.9,0
22.8,90.3,11.7,2
19.0,99.3,14.2,2
20.3,85.0,12.7,2
21.0,95.9,10.4,2
9.7,72.1,5.6,1
10.5,70.7,4.4,1
20.7,87.6,8.9,2
12.4,69.2,6.9,1
9.4,77.2,5.0,1
18.6,96.9,11.9,2
1.5,51.8,0.0,0
8.5,74.4,5.3,1
5.4,51.5,1.8,0
7.5,80.4,5.7,1
23.2,100.0,12.6,2
8.4,74.7,4.0,1
20.6,89.5,10.2,2
21.3,96.0,10.5,2
18.0,95.5,9.8,2
10.9,78.7,3.9,1
22.2,99.5,13.8,2
2.9,49.7,1.5,0
0.0,42.1,2.0,0
17.4,89.4,12.3,2
16.5,96.8,11.3,2
11.4,67.5,6.0,1
21.0,100.0,12.6,2
2.9,48.4,2.1,0
7.1,54.8,1.5,0
18.4,90.7,13.3,2
17.6,99.1,11.7,2
2.6,43.5,1.1,0
17.5,92.7,13.6,2
19.9,92.2,13.3,2
7.7,71.3,5.3,1
10.6,71.9,6.6,1
7.5,75.5,4.6,1
19.1,85.6,12.3,2
21.9,89.7,12.4,2
20.4,90.6,14.0,2
19.2,100.0,12.2,2
19.7,99.0,11.6,2
22.8,87.5,11.7,2
7.9,77.7,3.6,1
22.9,97.3,12.0,2
3.0,57.6,1.9,0
10.2,73.1,1.3,1
4.1,47.2,1.2,0
24.1,86.6,11.7,2
20.4,98.0,12.3,2
4.9,61.0,2.9,0
3.0,56.8,1.9,0
19.6,88.2,12.8,2
5.8,52.5,1.1,0
10.8,73.8,4.4,1
9.2,75.6,4.7,1
6.1,53.7,0.0,0
13.8,71.8,4.3,1
11.3,59.5,2.7,1
4.3,48.6,3.9,0
9.6,68.8,7.2,1
18.1,100.0,14.1,2
19.6,100.0,12.1,2
8.0,80.9,4.6,1
0.0,43.1,2.6,0
11.7,78.2,3.4,1
9.7,69.7,6.7,1
22.1,96.6,13.8,2
22.0,88.0,11.4,2
16.8,91.3,11.7,2
10.6,72.3,5.7,1
2.1,54.1,1.7,0
17.5,84.3,13.3,2
10.6,76.7,5.4,1
13.0,75.9,4.5,1
11.2,71.7,5.9,1
5.2,52.2,0.0,0
20.9,91.4,8.9,2
4.6,41.9,1.4,0
10.0,80.9,6.8,1
9.2,70.5,3.9,1
22.3,100.0,11.3,2
16.5,90.7,13.6,2
4.7,55.2,1.0,0
1.2,53.4,2.7,0
22.0,89.8,10.3,2
9.0,86.8,5.8,1
11.4,67.1,4.8,1
1.4,44.7,1.0,0
19.2,92.1,11.7,2
22.0,87.6,12.3,2
9.9,74.8,4.3,1
21.7,96.7,13.9,2
9.6,70.9,5.0,1
21.9,91.5,13.5,2
22.5,94.4,11.5,2
11.8,63.2,7.3,1
1.0,39.8,0.1,0
0.0,48.1,3.9,0
10.0,59.5,4.6,1
6.4,52.4,0.8,0
16.9,96.5,11.8,2
6.6,59.3,0.0,0
2.4,45.6,0.0,0
5.0,47.7,1.6,0
1.6,44.7,2.0,0
6.8,77.3,5.2,1
16.3,91.1,12.2,2
2.9,48.1,3.9,0
4.0,52.9,0.0,0
19.4,97.3,12.7,2
19.8,100.0,12.1,2
20.6,100.0,10.6,2
9.0,73.5,4.3,1
4.3,46.9,1.3,0
9.3,77.7,4.8,1
10.7,74.8,2.5,1
4.8,50.8,3.1,0
4.2,48.7,1.1,0
19.1,96.4,13.4,2
7.6,69.8,2.5,1
1.0,54.1,2.4,0
4.9,78.6,3.7,1
12.1,76.2,5.6,1
10.8,74.5,4.8,1
19.1,94.4,11.9,2
0.8,49.3,1.8,0
20.1,91.8,13.1,2
24.1,91.3,12.9,2
