budget_omr,family_size,daily_commute_km,offroad_interest,fuel_saving_priority,suggested_category
24869.0,7,52.7,0.15,0.3,SUV
4254.0,7,43.8,0.3,0.07,Compact
4225.0,1,81.4,0.9,0.13,SUV
10638.0,4,10.0,0.9,0.47,SUV
21573.0,2,112.9,0.62,0.08,SUV
6030.0,5,75.3,0.5,0.32,SUV
12122.0,4,13.0,0.68,0.91,SUV
9733.0,1,13.6,0.78,0.96,Compact
11806.0,3,15.7,0.93,0.16,Sedan
14658.0,2,65.0,0.23,0.86,Sedan
12275.0,1,21.8,0.13,0.89,Compact
13463.0,2,98.3,0.92,0.41,SUV
3774.0,3,66.1,0.96,0.35,SUV
17445.0,7,36.5,0.4,0.86,SUV
19869.0,6,78.6,0.93,0.56,SUV
19180.0,1,22.6,0.33,0.16,SUV
7409.0,2,113.1,0.42,0.84,Compact
12347.0,7,121.2,0.36,0.55,Sedan
27876.0,2,124.0,0.87,0.54,SUV
6548.0,6,117.2,0.74,0.12,SUV
26176.0,2,52.2,0.98,0.95,SUV
10258.0,6,19.4,0.68,0.14,SUV
13558.0,5,27.3,0.2,0.07,SUV
27233.0,3,8.5,0.11,0.18,SUV
19206.0,5,79.8,0.71,0.27,SUV
27537.0,7,115.3,0.76,0.36,SUV
17805.0,5,68.3,0.49,0.06,SUV
5889.0,4,104.0,0.3,0.63,Compact
13548.0,7,38.5,0.52,0.16,SUV
23290.0,2,7.9,0.95,0.61,SUV
22120.0,1,110.7,0.75,0.55,SUV
13124.0,7,117.8,0.6,0.36,SUV
14410.0,3,26.0,0.23,0.17,Sedan
26676.0,3,121.3,0.38,0.53,Sedan
15363.0,3,40.3,0.54,0.16,Sedan
27426.0,1,63.6,0.86,0.49,SUV
20611.0,2,80.9,0.4,0.95,Compact
9601.0,3,35.9,0.49,0.15,Sedan
9921.0,1,101.4,0.09,0.91,Compact
27086.0,2,83.9,0.48,0.68,Compact
25848.0,7,116.0,0.47,0.68,SUV
8921.0,4,117.8,0.26,0.39,Compact
18912.0,1,72.7,0.15,0.22,SUV
19964.0,5,74.9,0.38,0.08,SUV
15367.0,4,20.1,0.72,0.82,SUV
16235.0,5,36.6,0.82,0.48,SUV
26046.0,7,66.3,0.2,0.06,SUV
23667.0,5,86.7,0.54,0.91,SUV
21269.0,3,15.2,0.71,0.22,SUV
5876.0,7,54.2,0.76,0.91,SUV
14788.0,2,34.7,0.18,0.01,Sedan
15750.0,4,37.1,0.11,0.95,Sedan
3544.0,6,12.7,0.1,0.24,Compact
16593.0,1,103.1,0.27,0.24,Sedan
10112.0,7,73.0,0.37,0.64,Sedan
20333.0,4,94.4,0.77,0.29,SUV
3929.0,1,69.9,0.7,0.1,SUV
10371.0,4,23.5,0.23,0.46,Sedan
15465.0,4,60.4,0.48,0.05,Sedan
17839.0,5,97.2,0.1,0.62,SUV
8533.0,5,101.1,0.56,0.52,Compact
8889.0,3,51.0,0.35,0.31,Sedan
6411.0,6,65.7,0.29,0.15,Compact
6742.0,6,77.5,0.26,0.07,Compact
26756.0,3,33.1,0.38,0.99,Sedan
10347.0,1,53.4,0.2,0.78,Compact
23701.0,5,58.7,0.21,0.25,SUV
13190.0,3,111.1,0.48,0.54,Sedan
14409.0,3,30.7,0.09,0.08,Sedan
22013.0,4,35.3,0.73,0.87,SUV
26306.0,4,61.3,0.82,0.05,SUV
20736.0,1,40.7,0.71,0.9,SUV
16746.0,5,43.1,0.04,0.66,SUV
21883.0,7,63.0,0.59,0.91,SUV
20240.0,1,117.0,0.38,0.39,SUV
25951.0,6,15.6,0.45,0.66,SUV
21206.0,5,83.2,0.53,0.07,SUV
22751.0,1,14.1,0.87,0.03,SUV
9248.0,1,51.7,0.11,0.59,Sedan
15151.0,2,116.7,0.67,0.37,SUV
14682.0,7,80.3,0.43,0.76,Sedan
19636.0,6,26.3,0.65,0.6,SUV
24037.0,6,22.5,0.33,0.99,SUV
21924.0,5,54.8,0.5,0.48,SUV
18278.0,3,124.1,0.05,0.77,Compact
11883.0,7,29.3,0.99,0.97,SUV
15512.0,4,45.2,0.04,0.44,Sedan
20448.0,2,19.6,0.2,0.87,Compact
8147.0,4,41.7,0.88,0.02,SUV
8225.0,7,85.8,0.65,0.83,Compact
14048.0,4,75.3,0.36,0.25,Sedan
19459.0,5,12.0,0.58,0.56,SUV
19814.0,5,49.1,0.64,0.32,SUV
20657.0,1,75.7,0.32,0.83,Compact
18291.0,4,46.7,0.33,0.8,Sedan
25764.0,4,32.4,0.87,0.76,SUV
21191.0,4,116.9,0.38,0.58,Sedan
13727.0,6,36.6,0.72,0.9,SUV
8933.0,2,11.0,0.43,0.8,Compact
20016.0,5,28.1,0.38,0.82,SUV
21947.0,2,55.9,0.16,0.61,Sedan
5657.0,1,67.1,0.44,0.66,Compact
3894.0,7,44.3,0.29,0.58,Compact
15527.0,3,65.8,0.6,0.21,Sedan
21063.0,7,88.9,0.48,0.17,SUV
21638.0,3,122.6,0.89,0.37,SUV
9549.0,2,26.3,0.49,0.48,Sedan
6495.0,5,9.1,0.36,0.94,Compact
20082.0,6,21.3,0.81,0.69,SUV
15001.0,3,107.8,0.13,0.49,Sedan
13487.0,7,50.6,0.94,0.07,SUV
6923.0,3,99.0,0.8,0.09,SUV
22264.0,4,115.9,0.89,0.5,SUV
13072.0,4,11.6,0.24,0.23,Sedan
6070.0,4,111.2,0.66,0.22,SUV
20299.0,4,75.7,0.62,0.22,SUV
21880.0,7,60.2,0.32,0.67,SUV
19755.0,3,126.9,0.39,0.4,Sedan
13306.0,4,25.2,0.4,0.8,Sedan
4434.0,3,64.9,0.41,0.05,Compact
12026.0,7,114.6,0.95,0.84,SUV
10943.0,5,55.8,0.53,0.64,Sedan
6361.0,2,35.7,0.54,0.49,Compact
9121.0,6,73.4,0.04,0.52,Sedan
25062.0,3,64.7,0.23,0.63,Sedan
26281.0,6,87.2,0.22,0.32,SUV
22823.0,7,50.7,0.07,0.5,Sedan
26270.0,4,77.4,0.91,0.34,SUV
10522.0,1,84.1,0.8,0.76,Compact
3581.0,1,16.4,0.92,0.13,SUV
18194.0,2,86.6,0.9,0.89,SUV
27169.0,7,17.8,0.5,0.88,SUV
23985.0,5,31.8,0.05,0.91,SUV
17464.0,2,79.6,0.5,0.91,Compact
17817.0,6,112.3,0.95,0.0,SUV
17050.0,3,104.8,0.72,0.8,SUV
12717.0,6,112.0,0.15,0.81,Sedan
6586.0,5,24.6,0.69,0.51,SUV
22730.0,1,80.7,0.09,0.81,Compact
19023.0,3,101.1,0.28,0.43,Sedan
24501.0,5,108.2,0.85,0.25,SUV
15183.0,6,88.1,0.69,0.32,SUV
25636.0,5,54.2,0.39,0.79,SUV
8026.0,7,77.8,0.77,0.49,SUV
15253.0,5,38.5,0.45,0.59,SUV
10668.0,3,10.4,0.18,0.98,Sedan
20380.0,3,15.8,0.3,0.69,Compact
14215.0,5,61.8,0.41,0.53,Sedan
24752.0,6,77.1,0.27,0.57,SUV
9959.0,1,93.0,0.75,0.29,SUV
10926.0,4,42.7,0.32,0.41,Sedan
7450.0,1,15.0,0.15,0.99,Compact
9032.0,2,94.1,0.11,0.53,Sedan
7748.0,7,77.4,0.17,0.18,SUV
10867.0,4,52.6,0.33,0.38,Sedan
9165.0,7,56.6,0.55,0.8,Sedan
7600.0,4,65.3,0.93,0.76,Compact
20923.0,6,111.7,0.08,0.63,SUV
13346.0,2,100.2,0.28,0.86,Compact
3872.0,5,118.3,0.65,0.41,SUV
25468.0,6,24.5,0.33,0.43,SUV
4143.0,2,107.7,0.49,0.53,Compact
15434.0,1,54.6,0.32,0.64,Sedan
22461.0,1,127.0,0.61,0.49,SUV
25580.0,2,65.1,0.24,0.27,Sedan
12172.0,7,107.7,0.28,0.12,Sedan
6443.0,6,69.0,0.64,0.73,Compact
13812.0,5,121.4,0.07,0.66,Sedan
12463.0,4,70.3,0.35,0.62,Sedan
5810.0,3,43.8,0.51,0.31,Compact
26216.0,2,82.8,0.79,0.76,SUV
24078.0,3,29.6,0.7,0.41,SUV
6026.0,7,83.9,0.45,0.15,SUV
22988.0,7,55.2,0.74,0.05,SUV
16200.0,6,82.9,0.52,0.26,Sedan
6769.0,1,95.5,0.17,0.67,Compact
22017.0,7,6.7,0.72,0.13,SUV
16542.0,4,65.9,0.21,0.98,Sedan
23001.0,4,104.8,0.91,0.12,SUV
4407.0,4,119.1,0.22,0.87,Compact
21142.0,3,117.8,0.14,0.63,Sedan
15278.0,2,75.4,0.15,0.1,Sedan
19503.0,4,52.2,0.69,0.4,SUV
11311.0,6,53.6,0.9,0.35,SUV
16659.0,2,110.8,0.73,0.76,SUV
21046.0,2,70.8,0.15,0.46,Sedan
5731.0,3,14.7,0.14,0.36,Compact
10708.0,4,31.6,0.14,0.31,Sedan
19496.0,6,83.8,0.39,0.21,SUV
6619.0,2,25.4,0.49,0.99,Compact
21552.0,6,59.6,0.17,0.27,SUV
12951.0,6,69.5,0.74,0.77,SUV
25871.0,6,43.8,0.58,0.86,SUV
25173.0,1,117.6,0.44,0.26,SUV
21548.0,3,125.2,0.21,0.37,Sedan
5499.0,1,111.6,0.31,0.4,Compact
16325.0,2,37.4,0.54,0.43,SUV
26529.0,4,20.2,0.15,0.22,Sedan
12615.0,4,122.3,0.35,0.66,Sedan
11215.0,6,56.9,0.84,0.6,SUV
9468.0,1,117.1,0.55,0.16,Sedan
10472.0,2,103.5,0.43,0.81,Sedan
23864.0,7,8.2,0.22,0.76,SUV
21336.0,1,7.8,0.36,0.84,Compact
6865.0,4,50.0,0.67,0.83,SUV
25711.0,3,105.8,0.05,0.77,Sedan
10014.0,6,86.7,0.34,0.43,Sedan
19299.0,7,42.9,0.38,0.97,SUV
12206.0,6,47.8,0.03,0.44,Sedan
21839.0,3,12.0,0.11,0.88,Compact
6175.0,1,39.1,0.09,0.33,Compact
6455.0,1,65.5,0.35,0.15,Compact
27918.0,4,46.2,0.98,0.56,SUV
4452.0,4,111.8,0.41,0.75,Compact
8851.0,1,101.3,0.43,0.32,Compact
23038.0,3,63.0,0.67,0.77,SUV
24070.0,3,5.1,0.61,0.77,SUV
23936.0,7,41.9,0.52,0.43,SUV
7846.0,5,24.8,0.57,0.92,Compact
15843.0,5,46.4,0.07,0.17,Sedan
24545.0,2,90.7,0.07,0.23,Compact
24319.0,3,116.6,0.43,0.51,Sedan
4763.0,6,72.6,0.56,0.18,Compact
12186.0,7,120.4,0.55,0.22,Sedan
22408.0,4,13.6,0.0,0.79,Compact
11203.0,1,42.8,0.03,0.48,Sedan
24792.0,4,14.7,0.07,0.45,SUV
26800.0,4,32.3,0.0,0.06,SUV
22930.0,5,36.7,0.49,0.64,SUV
17567.0,7,80.4,0.69,0.59,SUV
9937.0,7,23.9,0.09,0.44,Sedan
18597.0,6,27.2,0.75,0.96,SUV
20379.0,5,33.0,1.0,0.67,SUV
9322.0,2,75.6,0.62,0.43,SUV
12405.0,4,75.7,0.36,0.15,Sedan
20242.0,3,71.1,0.77,0.15,SUV
11153.0,1,81.7,0.41,0.77,Compact
25961.0,1,46.0,0.3,0.76,Compact
22506.0,7,37.6,0.39,0.83,SUV
12040.0,7,23.3,0.84,0.86,SUV
10062.0,4,98.2,0.04,0.78,Sedan
23571.0,7,7.8,0.83,0.86,SUV
18587.0,4,126.0,0.75,0.7,SUV
16458.0,5,92.6,0.22,0.77,Sedan
27476.0,3,82.0,0.64,0.3,SUV
18636.0,5,47.4,0.96,0.37,SUV
23518.0,6,108.8,0.72,0.89,SUV
10292.0,3,30.7,0.95,0.25,SUV
12185.0,6,48.8,0.34,0.95,Sedan
10795.0,3,85.1,0.25,0.33,Sedan
6453.0,4,42.0,0.2,0.9,Compact
5060.0,4,95.6,0.42,0.03,Compact
16025.0,2,33.8,0.74,0.29,SUV
6296.0,1,90.0,0.66,0.89,Compact
23331.0,1,13.1,0.22,0.34,Compact
14600.0,4,71.5,0.3,0.02,Sedan
10363.0,2,13.4,0.58,0.51,SUV
5143.0,7,39.7,0.3,0.9,Compact
9505.0,7,92.6,0.7,0.33,SUV
5293.0,7,112.5,0.35,0.0,Compact
6320.0,7,76.7,0.89,0.34,SUV
4165.0,7,103.5,0.81,0.98,SUV
13131.0,7,73.2,0.5,0.3,SUV
19326.0,1,41.5,0.56,0.68,Compact
22158.0,2,69.9,0.8,0.46,SUV
11487.0,1,37.2,0.5,0.71,Compact
9931.0,4,5.1,0.06,0.93,Sedan
20662.0,4,7.3,0.38,0.78,Compact
11015.0,1,68.1,0.98,0.21,Sedan
9907.0,3,121.2,0.97,0.04,Sedan
8411.0,5,94.4,0.27,0.73,Compact
24705.0,2,110.6,0.05,0.7,Compact
12045.0,6,95.1,0.88,0.42,SUV
14734.0,3,55.3,0.93,0.94,Sedan
24393.0,5,12.5,0.73,0.52,SUV
9882.0,1,28.7,0.96,0.32,SUV
8552.0,1,125.7,0.38,0.17,Compact
3610.0,7,35.8,0.9,0.75,SUV
6471.0,4,11.0,0.57,0.68,Compact
13325.0,1,41.9,0.08,0.99,Sedan
21685.0,2,112.2,0.2,0.72,Compact
13340.0,7,88.9,0.73,0.7,SUV
8085.0,3,115.1,0.59,0.49,Compact
16426.0,3,25.6,0.89,0.17,SUV
10842.0,5,70.9,0.45,0.91,Sedan
9292.0,1,28.7,0.91,0.37,SUV
23299.0,3,96.9,0.04,0.37,Sedan
12556.0,6,102.0,0.34,0.14,Sedan
11914.0,5,42.6,0.55,0.97,Sedan
21952.0,6,12.3,0.52,0.63,SUV
7199.0,7,64.4,0.25,0.63,Sedan
25942.0,7,24.3,0.17,0.34,SUV
15054.0,6,117.8,0.26,0.82,Sedan
10851.0,3,92.9,0.12,0.06,Sedan
20293.0,4,21.8,0.28,0.82,Compact
22413.0,2,23.9,0.28,0.72,Compact
13276.0,6,70.3,0.93,0.48,SUV
23962.0,7,27.5,0.65,0.32,SUV
18557.0,7,70.0,0.07,0.93,SUV
23317.0,6,53.2,0.79,0.59,SUV
20107.0,3,10.8,0.14,0.34,SUV
23155.0,3,45.5,0.05,0.65,Sedan
5487.0,7,73.2,0.81,0.0,SUV
6282.0,6,78.6,0.09,0.66,Compact
19917.0,3,43.5,0.7,0.32,SUV
6883.0,2,110.9,0.02,0.14,Compact
17917.0,1,19.2,0.35,0.83,Compact
15292.0,2,20.3,0.02,0.41,SUV
4433.0,3,18.9,0.46,0.99,Compact
27722.0,4,37.1,0.16,0.73,Compact
19487.0,1,22.7,0.56,0.23,Compact
13541.0,7,129.9,0.3,0.8,Sedan
13530.0,1,102.0,0.29,0.35,Sedan
16375.0,7,54.9,0.19,0.7,Sedan
21826.0,1,108.8,0.4,0.46,SUV
20780.0,4,40.5,0.51,0.86,Compact
20974.0,7,23.9,0.42,0.62,SUV
20081.0,7,76.2,0.03,0.52,SUV
20739.0,6,38.9,0.77,0.76,SUV
15120.0,3,39.6,0.96,0.76,SUV
24493.0,4,74.2,0.81,0.09,SUV
25091.0,4,24.3,0.49,0.78,Compact
5571.0,5,78.4,0.83,0.1,SUV
19052.0,3,17.4,0.4,0.8,Compact
4762.0,3,50.0,0.69,0.13,SUV
27665.0,2,113.8,0.75,0.84,SUV
21932.0,2,33.6,0.42,0.2,SUV
10452.0,5,110.4,0.99,0.23,SUV
10486.0,7,113.0,0.87,0.13,SUV
19883.0,6,76.9,0.87,0.7,SUV
26584.0,3,128.2,0.84,0.7,SUV
27108.0,3,113.4,0.07,0.58,Sedan
14731.0,6,13.1,0.16,0.88,Compact
16497.0,7,39.2,0.85,0.68,SUV
9781.0,3,55.0,0.82,0.2,Sedan
26547.0,2,38.0,0.21,0.03,SUV
25290.0,7,7.6,0.37,0.78,SUV
6640.0,3,37.1,0.63,0.73,Compact
23316.0,7,33.0,0.72,0.48,SUV
13515.0,3,119.8,0.13,0.3,Sedan
15469.0,1,65.7,0.15,0.39,Sedan
26267.0,3,11.0,0.81,0.66,SUV
11058.0,6,32.9,0.9,0.02,SUV
10156.0,4,17.6,0.29,0.17,Sedan
15600.0,7,52.0,0.0,0.65,Sedan
11146.0,4,35.8,0.4,0.2,Sedan
7004.0,6,100.6,0.58,0.55,SUV
7802.0,6,60.0,0.82,0.46,SUV
24979.0,4,39.8,0.42,0.55,Sedan
24527.0,1,102.2,0.07,0.09,SUV
11202.0,5,78.0,0.46,0.19,Sedan
24504.0,1,38.5,0.14,0.07,SUV
18833.0,3,104.2,0.62,0.42,SUV
23113.0,6,92.2,0.1,0.64,SUV
17055.0,5,64.4,0.59,0.53,SUV
3958.0,6,28.8,0.25,0.05,Compact
12873.0,6,24.1,0.05,0.42,Sedan
5981.0,7,105.7,0.6,0.99,Compact
10740.0,5,128.4,0.1,0.38,Sedan
23605.0,7,116.5,0.76,0.47,SUV
19128.0,6,60.2,0.14,0.97,Compact
10977.0,3,111.0,0.47,0.46,Sedan
18040.0,2,124.5,0.56,0.64,SUV
22573.0,3,104.7,0.28,1.0,Compact
9803.0,7,95.8,0.27,0.76,Sedan
22061.0,6,43.4,0.22,0.92,SUV
13513.0,7,85.7,0.09,0.52,Sedan
5303.0,4,40.5,0.05,0.03,Compact
22240.0,5,38.8,0.48,0.87,Compact
20223.0,7,105.7,0.91,0.08,SUV
7551.0,7,102.5,0.19,0.35,Compact
16612.0,6,62.3,0.91,0.5,SUV
14793.0,5,62.7,0.84,0.29,SUV
20432.0,5,87.3,0.1,0.81,SUV
20493.0,6,9.9,0.82,0.28,SUV
8819.0,4,95.0,0.21,0.17,Sedan
14037.0,5,124.8,0.78,0.89,SUV
4719.0,3,121.1,0.16,0.71,Compact
14159.0,3,19.6,0.66,0.07,SUV
10363.0,6,129.1,0.21,0.19,Sedan
9919.0,1,28.2,0.92,0.67,SUV
5406.0,3,68.2,0.24,0.23,Compact
6157.0,1,104.7,0.05,0.07,Compact
10708.0,3,11.3,0.46,0.58,Sedan
19466.0,3,77.5,0.16,0.99,Sedan
11463.0,5,95.4,0.6,0.7,SUV
26106.0,3,28.2,0.13,0.44,Sedan
15590.0,7,47.2,0.05,0.88,Sedan
12586.0,7,18.4,0.92,0.67,SUV
26158.0,7,87.9,0.68,0.13,SUV
6187.0,4,83.4,0.17,0.85,Compact
23371.0,6,81.0,0.03,0.4,SUV
6146.0,2,33.7,0.29,0.63,Compact
19784.0,2,36.5,0.16,0.56,Sedan
18782.0,5,96.6,0.54,0.78,SUV
10457.0,1,85.3,0.52,0.36,Sedan
27474.0,4,121.5,0.68,0.69,SUV
13933.0,7,83.8,0.59,0.04,SUV
8210.0,5,108.7,0.13,0.19,Compact
10763.0,5,104.8,0.89,0.34,SUV
23060.0,7,89.8,0.71,0.87,SUV
9954.0,7,110.1,0.88,0.01,SUV
12307.0,2,20.4,0.62,0.46,SUV
10238.0,7,7.3,0.54,0.91,Sedan
24279.0,4,33.6,0.47,0.26,Sedan
25300.0,6,30.2,0.4,0.19,SUV
10873.0,1,128.0,0.13,0.64,Sedan
12500.0,7,104.8,0.45,0.78,Sedan
10786.0,3,20.0,0.38,0.71,Compact
13454.0,3,18.2,0.81,0.22,SUV
18641.0,4,116.6,0.91,0.56,SUV
10334.0,6,69.2,0.53,0.69,Sedan
27536.0,4,73.8,0.46,0.2,Sedan
17884.0,3,81.4,0.14,0.14,Sedan
16314.0,1,110.5,0.82,0.37,SUV
26940.0,7,115.7,0.13,0.24,SUV
11986.0,2,103.2,0.21,0.53,Sedan
4740.0,3,98.0,0.74,0.03,SUV
25332.0,1,80.8,0.94,0.72,SUV
26011.0,2,104.9,0.23,0.14,SUV
22019.0,6,84.1,0.11,0.64,SUV
17892.0,4,86.0,0.9,0.07,SUV
10819.0,4,13.8,0.94,1.0,Sedan
14982.0,5,8.5,0.57,0.25,SUV
27606.0,4,126.6,0.28,0.37,Sedan
23347.0,7,99.1,0.8,0.22,SUV
10704.0,7,64.2,0.25,0.68,Sedan
14100.0,6,10.0,0.55,0.92,Sedan
18271.0,2,87.1,0.21,0.06,Compact
15106.0,4,71.3,0.51,0.36,Sedan
14880.0,3,50.7,0.3,0.19,Sedan
25944.0,6,111.2,0.59,0.73,SUV
19466.0,1,63.7,0.59,0.54,SUV
25887.0,7,96.4,0.63,0.87,SUV
4790.0,4,28.1,0.32,0.73,Compact
17302.0,2,84.8,0.06,0.82,Compact
18032.0,3,77.4,0.82,0.47,SUV
25443.0,7,11.5,0.48,0.06,SUV
27620.0,1,94.2,0.84,0.48,SUV
17605.0,7,110.7,0.5,0.87,Sedan
8106.0,7,129.8,0.88,0.37,SUV
17193.0,2,28.8,0.03,0.21,SUV
14775.0,6,130.0,0.63,0.5,SUV
11992.0,4,88.9,0.53,0.55,Sedan
11112.0,2,48.2,0.85,0.67,SUV
20023.0,6,50.4,0.87,0.88,SUV
11192.0,3,72.5,0.57,0.76,Sedan
6287.0,6,97.7,0.54,0.47,Compact
25173.0,2,22.5,0.2,0.02,SUV
15398.0,3,94.1,0.55,0.47,Sedan
15036.0,5,28.7,0.77,0.2,SUV
19072.0,6,14.9,0.83,0.65,SUV
11903.0,3,98.6,0.04,0.37,Sedan
12318.0,4,115.5,0.36,1.0,Sedan
14057.0,2,68.3,0.21,0.82,Compact
4508.0,3,106.9,0.17,0.05,Compact
15154.0,5,43.5,0.64,0.72,SUV
27678.0,6,81.6,0.73,0.86,SUV
27370.0,3,63.0,0.77,0.57,SUV
19837.0,7,84.8,0.78,0.17,SUV
7668.0,3,65.7,0.81,0.07,SUV
14365.0,5,17.8,0.12,0.99,SUV
23647.0,1,16.4,0.44,0.29,Compact
19896.0,7,102.9,0.28,0.96,SUV
3679.0,4,119.1,0.52,0.21,Sedan
27641.0,6,66.2,0.19,0.17,SUV
9908.0,5,97.4,0.2,0.38,Sedan
13144.0,2,19.6,0.5,0.17,Sedan
14910.0,4,66.6,0.47,0.35,Sedan
8587.0,1,51.7,0.45,0.59,Compact
8094.0,7,104.2,0.16,0.2,Compact
6151.0,6,45.1,0.93,0.71,SUV
25339.0,1,109.2,0.62,0.32,SUV
7754.0,5,100.8,0.33,0.08,Sedan
4955.0,6,27.4,0.83,0.34,SUV
23052.0,7,111.2,0.1,0.39,SUV
11309.0,4,63.4,0.39,0.57,Sedan
12922.0,1,7.7,0.65,0.96,Compact
5078.0,2,42.5,0.11,0.38,Compact
21736.0,1,92.8,0.9,0.4,SUV
8430.0,3,89.2,0.76,0.41,SUV
26336.0,6,27.4,0.66,0.57,SUV
12758.0,2,107.7,0.49,0.5,Sedan
13552.0,2,106.2,0.44,0.63,Sedan
16424.0,3,37.3,0.46,0.96,Sedan
14382.0,7,81.9,0.88,0.37,SUV
19495.0,7,62.4,0.95,0.45,SUV
11706.0,6,95.4,0.86,0.77,Sedan
13941.0,2,52.4,0.05,0.54,Sedan
15094.0,7,32.0,0.38,0.78,SUV
16766.0,4,59.0,0.53,0.39,Sedan
20596.0,1,62.2,0.98,0.7,SUV
25089.0,5,90.8,0.4,0.83,SUV
26256.0,4,71.6,0.79,0.26,SUV
10758.0,3,90.9,0.42,0.59,Sedan
14424.0,5,50.0,0.16,0.67,Sedan
26652.0,4,128.1,0.84,0.44,SUV
13644.0,7,122.0,0.54,0.53,Sedan
13060.0,1,21.2,0.5,0.33,Sedan
21427.0,2,128.5,0.26,0.33,Sedan
16460.0,6,116.0,0.92,0.95,SUV
19683.0,3,66.8,0.92,0.21,SUV
13268.0,1,72.4,0.74,0.05,SUV
21784.0,5,87.1,0.92,0.65,SUV
11127.0,2,113.7,0.68,0.97,Sedan
19412.0,4,78.4,0.52,0.78,Compact
16539.0,6,16.6,0.79,0.23,SUV
18358.0,6,102.9,0.25,0.51,SUV
27990.0,4,105.3,0.3,0.99,Sedan
11004.0,5,51.1,0.93,0.29,SUV
17556.0,2,18.4,0.4,0.13,SUV
24999.0,2,109.3,0.73,0.32,SUV
25870.0,2,55.3,0.24,0.39,Sedan
14371.0,6,45.6,0.99,0.72,SUV
26628.0,2,35.4,0.08,0.12,SUV
16630.0,2,45.4,0.73,0.46,SUV
9198.0,5,72.2,0.52,0.15,Sedan
20623.0,1,49.0,0.64,0.09,SUV
5490.0,3,11.9,0.68,0.11,SUV
25870.0,6,52.4,0.35,0.83,SUV
16691.0,3,14.5,0.16,0.67,Compact
6658.0,6,108.8,0.9,0.56,SUV
10389.0,3,107.2,0.95,0.17,Sedan
10637.0,2,82.2,0.33,0.33,Sedan
20877.0,1,76.8,0.23,0.98,Compact
23489.0,4,61.8,0.61,0.87,SUV
22686.0,3,9.3,0.21,0.41,Compact
18390.0,4,109.6,0.11,0.07,Sedan
8210.0,5,90.2,0.11,0.0,SUV
22667.0,2,61.8,0.96,0.13,SUV
11550.0,5,62.0,0.34,0.99,Sedan
12352.0,2,122.9,0.4,0.38,Sedan
13228.0,3,92.4,0.26,0.1,Sedan
25687.0,4,67.5,0.96,0.05,SUV
5112.0,2,28.9,0.92,0.08,SUV
22404.0,1,65.5,0.11,0.31,Sedan
9030.0,4,25.2,0.52,0.61,Sedan
14379.0,5,99.5,0.07,0.5,Sedan
7069.0,4,112.6,0.26,0.76,Compact
6794.0,5,60.8,0.99,0.34,SUV
18383.0,3,43.7,0.14,0.02,SUV
18746.0,1,105.2,0.38,0.06,Sedan
19372.0,4,40.2,0.11,0.47,Sedan
8824.0,4,23.2,0.17,0.65,Compact
4672.0,2,68.7,0.34,0.37,Compact
27672.0,7,26.7,0.87,0.4,SUV
27843.0,5,77.5,0.3,0.56,SUV
7030.0,5,21.5,0.6,0.46,SUV
23823.0,1,93.3,0.07,0.93,Compact
17862.0,6,17.9,0.03,0.61,SUV
27700.0,3,67.2,0.15,0.56,Sedan
9722.0,6,63.9,0.4,0.33,Sedan
7903.0,4,8.6,0.84,0.65,SUV
7731.0,2,18.1,0.36,0.64,Compact
11641.0,3,124.9,0.05,0.89,Sedan
7543.0,4,22.6,0.76,0.64,SUV
22678.0,6,49.4,0.95,0.71,SUV
16195.0,5,48.5,0.25,0.9,Sedan
14047.0,4,22.7,0.45,0.58,Sedan
5506.0,4,12.5,0.59,0.4,Compact
22263.0,1,43.8,0.94,0.59,SUV
10505.0,6,72.9,0.19,0.26,Sedan
7005.0,7,98.9,0.93,0.07,SUV
17981.0,2,109.9,0.72,0.73,SUV
26080.0,3,122.8,0.06,0.01,Sedan
26725.0,3,40.3,0.9,0.47,SUV
14442.0,1,127.2,0.57,0.97,Compact
20483.0,5,58.5,0.54,0.46,SUV
18068.0,1,14.6,0.82,0.93,SUV
14114.0,6,67.0,0.66,0.86,SUV
11103.0,1,5.8,0.41,0.71,Compact
15910.0,6,97.3,0.96,0.69,SUV
23035.0,3,103.6,0.3,0.4,Sedan
21704.0,3,19.0,0.6,0.26,SUV
10005.0,1,9.3,0.55,0.2,Sedan
27522.0,7,60.4,0.15,0.55,Sedan
27164.0,3,36.1,0.13,0.55,Sedan
12344.0,5,86.4,0.97,0.59,SUV
8171.0,7,33.5,0.46,0.81,Compact
19991.0,6,117.2,0.57,0.78,SUV
4122.0,2,47.8,0.49,0.18,Compact
5065.0,2,94.6,0.05,0.16,Compact
19396.0,4,25.8,0.45,0.61,Sedan
13325.0,5,39.9,0.9,0.67,SUV
4609.0,4,75.6,0.22,0.59,Sedan
23331.0,7,73.9,0.4,0.08,SUV
13613.0,3,57.4,0.74,0.34,Sedan
21392.0,2,60.0,0.45,0.9,Compact
14430.0,3,120.9,0.89,0.18,SUV
19991.0,3,40.2,0.09,0.2,Sedan
23790.0,4,65.7,0.23,0.02,Sedan
5718.0,4,27.4,0.71,0.47,SUV
27164.0,3,17.0,0.87,0.9,SUV
10600.0,5,31.1,0.82,0.51,SUV
21690.0,4,21.2,0.53,0.18,SUV
26951.0,6,81.3,0.6,0.4,SUV
20888.0,3,75.9,0.9,0.9,SUV
15623.0,6,62.3,0.7,0.46,SUV
8743.0,1,54.5,0.78,0.14,SUV
27085.0,1,76.0,0.43,0.4,SUV
