state,row,col,action,action_name,next_state,reward,done,goal
0,0,0,0,Up,0,-1,0,0
0,0,0,1,Down,5,-1,0,0
0,0,0,2,Left,0,-1,0,0
0,0,0,3,Right,1,-1,0,0
1,0,1,0,Up,1,-1,0,0
1,0,1,1,Down,1,-1,0,0
1,0,1,2,Left,0,-1,0,0
1,0,1,3,Right,2,-1,0,0
2,0,2,0,Up,2,-1,0,0
2,0,2,1,Down,2,-1,0,0
2,0,2,2,Left,1,-1,0,0
2,0,2,3,Right,3,-1,0,0
3,0,3,0,Up,3,-1,0,0
3,0,3,1,Down,8,-1,0,0
3,0,3,2,Left,2,-1,0,0
3,0,3,3,Right,4,-1,0,0
4,0,4,0,Up,4,-1,0,0
4,0,4,1,Down,9,-1,0,0
4,0,4,2,Left,3,-1,0,0
4,0,4,3,Right,4,-1,0,0
5,1,0,0,Up,0,-1,0,0
5,1,0,1,Down,10,-1,0,0
5,1,0,2,Left,5,-1,0,0
5,1,0,3,Right,5,-1,0,0
8,1,3,0,Up,3,-1,0,0
8,1,3,1,Down,8,-1,0,0
8,1,3,2,Left,8,-1,0,0
8,1,3,3,Right,9,-1,0,0
9,1,4,0,Up,4,-1,0,0
9,1,4,1,Down,14,-1,0,0
9,1,4,2,Left,8,-1,0,0
9,1,4,3,Right,9,-1,0,0
10,2,0,0,Up,5,-1,0,0
10,2,0,1,Down,15,-1,0,0
10,2,0,2,Left,10,-1,0,0
10,2,0,3,Right,11,-1,0,0
11,2,1,0,Up,11,-1,0,0
11,2,1,1,Down,11,-1,0,0
11,2,1,2,Left,10,-1,0,0
11,2,1,3,Right,12,-1,0,0
12,2,2,0,Up,12,-1,0,0
12,2,2,1,Down,17,-1,0,0
12,2,2,2,Left,11,-1,0,0
12,2,2,3,Right,12,-1,0,0
14,2,4,0,Up,9,-1,0,0
14,2,4,1,Down,19,-1,0,0
14,2,4,2,Left,14,-1,0,0
14,2,4,3,Right,14,-1,0,0
15,3,0,0,Up,10,-1,0,0
15,3,0,1,Down,20,-1,0,0
15,3,0,2,Left,15,-1,0,0
15,3,0,3,Right,15,-1,0,0
17,3,2,0,Up,12,-1,0,0
17,3,2,1,Down,22,-1,0,0
17,3,2,2,Left,17,-1,0,0
17,3,2,3,Right,17,-1,0,0
19,3,4,0,Up,14,-1,0,0
19,3,4,1,Down,24,10,1,0
19,3,4,2,Left,19,-1,0,0
19,3,4,3,Right,19,-1,0,0
20,4,0,0,Up,15,-1,0,0
20,4,0,1,Down,20,-1,0,0
20,4,0,2,Left,20,-1,0,0
20,4,0,3,Right,21,-1,0,0
21,4,1,0,Up,21,-1,0,0
21,4,1,1,Down,21,-1,0,0
21,4,1,2,Left,20,-1,0,0
21,4,1,3,Right,22,-1,0,0
22,4,2,0,Up,17,-1,0,0
22,4,2,1,Down,22,-1,0,0
22,4,2,2,Left,21,-1,0,0
22,4,2,3,Right,23,-1,0,0
23,4,3,0,Up,23,-1,0,0
23,4,3,1,Down,23,-1,0,0
23,4,3,2,Left,22,-1,0,0
23,4,3,3,Right,24,10,1,0
24,4,4,0,Up,19,-1,0,1
24,4,4,1,Down,24,10,1,1
24,4,4,2,Left,23,-1,0,1
24,4,4,3,Right,24,10,1,1
