failed_attempts,login_hour,source_risk_score,requests_per_minute,is_anomaly
1,9,0.021,4,0
0,13,0.268,11,0
13,2,0.718,153,1
2,13,0.375,3,0
0,7,0.023,32,0
4,14,0.051,5,0
3,20,0.052,26,0
1,14,0.072,17,0
0,15,0.12,11,0
0,16,0.387,34,0
1,18,0.274,2,0
1,18,0.089,12,0
4,10,0.26,18,0
2,15,0.09,34,0
2,14,0.139,18,0
3,12,0.175,11,0
2,15,0.329,32,0
3,14,0.155,5,0
0,20,0.082,29,0
0,15,0.113,26,0
2,8,0.146,6,0
3,12,0.113,10,0
2,18,0.264,6,0
4,13,0.065,25,0
3,10,0.187,22,0
2,18,0.196,27,0
2,21,0.209,19,0
16,1,0.722,87,1
1,21,0.395,2,0
2,21,0.053,7,0
3,17,0.073,20,0
3,19,0.253,20,0
2,21,0.313,31,0
2,18,0.175,23,0
21,3,0.914,72,1
2,16,0.015,29,0
2,19,0.058,12,0
4,8,0.205,27,0
1,9,0.183,34,0
0,19,0.199,20,0
5,13,0.365,31,0
1,19,0.215,11,0
1,18,0.28,25,0
0,19,0.2,6,0
0,13,0.447,30,0
0,10,0.051,26,0
1,15,0.215,4,0
0,17,0.258,17,0
3,20,0.165,1,0
1,20,0.177,12,0
13,3,0.908,86,1
0,7,0.202,21,0
2,18,0.268,22,0
0,10,0.444,10,0
0,21,0.247,27,0
4,10,0.174,28,0
1,18,0.022,9,0
1,21,0.525,25,0
1,10,0.352,11,0
1,10,0.22,24,0
0,18,0.08,30,0
1,10,0.126,27,0
1,19,0.387,4,0
0,8,0.173,20,0
2,17,0.137,4,0
2,21,0.347,7,0
3,13,0.1,32,0
1,7,0.047,32,0
0,19,0.016,11,0
2,7,0.176,31,0
1,20,0.237,14,0
2,13,0.338,5,0
1,12,0.155,7,0
1,15,0.239,3,0
0,11,0.194,20,0
8,3,0.872,70,1
0,8,0.063,1,0
0,14,0.188,17,0
1,17,0.146,16,0
1,12,0.12,34,0
2,13,0.134,2,0
1,10,0.196,4,0
1,13,0.077,14,0
0,17,0.336,19,0
1,11,0.243,1,0
0,12,0.122,32,0
1,9,0.305,17,0
1,15,0.07,5,0
10,0,0.791,129,1
4,11,0.013,10,0
2,19,0.089,19,0
1,18,0.15,21,0
10,2,0.761,116,1
1,14,0.184,22,0
4,17,0.179,5,0
0,7,0.114,25,0
2,12,0.048,25,0
1,14,0.242,34,0
2,15,0.438,25,0
0,14,0.261,28,0
0,10,0.089,31,0
2,19,0.097,26,0
1,13,0.025,8,0
16,2,0.93,149,1
0,9,0.158,29,0
0,17,0.235,6,0
0,7,0.106,3,0
2,16,0.067,12,0
1,9,0.166,21,0
1,13,0.389,15,0
1,19,0.204,11,0
1,15,0.078,23,0
3,20,0.098,29,0
2,11,0.211,7,0
2,9,0.299,15,0
0,21,0.347,11,0
1,15,0.065,10,0
0,16,0.014,17,0
1,17,0.242,28,0
5,21,0.102,11,0
1,7,0.212,9,0
2,16,0.073,12,0
1,18,0.018,29,0
9,3,0.922,210,1
1,20,0.415,24,0
2,8,0.353,28,0
1,15,0.146,18,0
1,18,0.38,11,0
0,10,0.22,4,0
1,12,0.163,28,0
3,17,0.07,32,0
1,14,0.204,32,0
2,7,0.247,27,0
0,11,0.055,16,0
0,8,0.092,7,0
0,17,0.181,14,0
2,15,0.292,11,0
1,14,0.234,13,0
1,10,0.307,33,0
17,4,0.755,205,1
0,13,0.233,8,0
1,18,0.333,5,0
0,9,0.062,16,0
3,7,0.07,10,0
3,12,0.14,14,0
1,18,0.151,28,0
0,7,0.114,19,0
1,16,0.103,12,0
0,18,0.245,29,0
0,11,0.083,4,0
0,12,0.169,27,0
1,8,0.229,19,0
2,20,0.154,23,0
0,20,0.15,5,0
0,19,0.112,34,0
4,14,0.478,2,0
15,2,0.866,206,1
1,21,0.092,13,0
1,14,0.176,30,0
1,12,0.23,22,0
2,8,0.173,5,0
3,20,0.054,17,0
4,11,0.07,10,0
1,8,0.158,6,0
1,7,0.115,3,0
2,21,0.109,11,0
0,21,0.26,23,0
2,9,0.15,7,0
3,21,0.133,15,0
3,15,0.273,1,0
0,15,0.039,27,0
1,15,0.334,16,0
1,7,0.419,3,0
2,9,0.24,27,0
2,20,0.048,12,0
0,20,0.177,28,0
2,13,0.192,15,0
0,21,0.11,20,0
3,15,0.213,32,0
4,20,0.146,10,0
1,21,0.185,4,0
3,20,0.004,18,0
1,21,0.167,24,0
1,12,0.025,34,0
2,10,0.058,33,0
0,20,0.101,21,0
2,20,0.125,3,0
0,21,0.02,34,0
2,8,0.141,31,0
0,17,0.196,29,0
0,19,0.111,17,0
1,20,0.155,8,0
0,8,0.18,34,0
6,19,0.232,9,0
2,11,0.311,9,0
1,20,0.038,19,0
0,7,0.172,23,0
1,7,0.145,22,0
2,8,0.089,14,0
2,11,0.103,1,0
10,20,0.088,29,0
0,13,0.201,27,0
17,1,0.95,92,1
0,7,0.581,21,0
0,14,0.231,31,0
0,14,0.093,14,0
1,11,0.064,33,0
3,17,0.077,7,0
1,12,0.233,28,0
1,7,0.048,30,0
2,8,0.05,2,0
2,17,0.134,22,0
16,1,0.788,78,1
0,19,0.04,18,0
0,12,0.34,16,0
3,18,0.087,24,0
1,18,0.276,9,0
3,7,0.425,11,0
2,8,0.278,29,0
5,10,0.036,12,0
0,17,0.098,29,0
3,12,0.104,30,0
0,19,0.12,4,0
2,17,0.167,18,0
15,3,0.907,113,1
3,16,0.25,33,0
0,20,0.255,18,0
1,20,0.37,29,0
1,15,0.188,20,0
2,16,0.051,31,0
3,15,0.265,22,0
0,11,0.133,23,0
2,19,0.151,6,0
1,13,0.187,34,0
3,9,0.141,10,0
0,21,0.078,21,0
2,10,0.149,17,0
4,17,0.097,33,0
1,10,0.101,1,0
2,15,0.235,28,0
1,20,0.062,33,0
2,14,0.192,25,0
0,10,0.052,12,0
17,2,0.924,194,1
13,3,0.849,109,1
1,19,0.28,21,0
0,14,0.372,30,0
0,21,0.039,1,0
4,18,0.14,21,0
1,20,0.226,34,0
4,7,0.1,12,0
8,5,0.823,218,1
1,19,0.163,34,0
3,7,0.129,24,0
4,21,0.275,19,0
2,19,0.229,29,0
0,16,0.045,15,0
2,14,0.142,15,0
1,18,0.105,19,0
2,11,0.192,11,0
0,12,0.031,27,0
1,16,0.053,17,0
4,13,0.044,4,0
0,7,0.183,4,0
0,12,0.127,12,0
1,17,0.098,13,0
3,8,0.138,28,0
3,11,0.193,14,0
8,3,0.8,186,1
2,12,0.326,26,0
0,16,0.246,19,0
8,4,0.873,121,1
3,18,0.176,11,0
2,11,0.326,28,0
4,14,0.147,28,0
1,7,0.167,9,0
0,12,0.145,3,0
3,15,0.107,5,0
1,7,0.33,21,0
0,13,0.175,8,0
1,8,0.106,19,0
2,10,0.076,11,0
0,17,0.34,17,0
1,11,0.164,23,0
1,12,0.201,9,0
1,14,0.094,12,0
0,9,0.159,26,0
1,13,0.1,33,0
1,17,0.219,29,0
1,21,0.091,30,0
0,12,0.496,21,0
20,1,0.785,77,1
0,9,0.057,23,0
1,19,0.123,32,0
2,10,0.124,16,0
2,21,0.247,20,0
1,11,0.042,20,0
2,21,0.069,17,0
1,20,0.276,2,0
0,11,0.148,3,0
0,14,0.129,15,0
1,21,0.123,4,0
0,19,0.061,30,0
4,11,0.171,4,0
1,14,0.1,1,0
2,9,0.237,12,0
2,11,0.217,10,0
11,5,0.763,206,1
3,16,0.443,14,0
0,13,0.117,7,0
13,1,0.963,102,1
0,17,0.324,17,0
0,7,0.066,16,0
1,18,0.115,18,0
3,13,0.101,7,0
0,10,0.208,17,0
1,15,0.324,33,0
2,9,0.269,10,0
0,16,0.153,1,0
1,19,0.142,10,0
0,9,0.185,1,0
15,0,0.837,76,1
1,16,0.107,4,0
0,17,0.384,34,0
12,5,0.826,163,1
1,15,0.336,21,0
2,14,0.197,29,0
2,11,0.353,5,0
0,15,0.089,33,0
1,14,0.082,33,0
3,20,0.152,14,0
1,15,0.251,7,0
3,20,0.205,2,0
1,17,0.195,6,0
1,21,0.093,4,0
18,1,0.894,105,1
1,20,0.021,21,0
10,3,0.954,154,1
1,19,0.056,34,0
0,12,0.021,18,0
2,10,0.191,19,0
1,15,0.247,23,0
1,20,0.167,25,0
2,8,0.089,6,0
2,7,0.086,27,0
1,11,0.108,30,0
0,11,0.142,24,0
2,20,0.09,18,0
2,19,0.029,24,0
1,14,0.197,28,0
3,8,0.257,19,0
1,10,0.177,9,0
0,14,0.123,20,0
1,7,0.254,31,0
16,1,0.935,178,1
0,20,0.139,21,0
0,21,0.359,23,0
1,19,0.07,11,0
0,14,0.166,11,0
1,11,0.102,21,0
1,16,0.08,8,0
2,10,0.004,3,0
5,14,0.108,24,0
2,21,0.146,19,0
0,12,0.082,30,0
1,7,0.075,23,0
1,18,0.443,20,0
3,13,0.071,7,0
10,1,0.721,202,1
0,21,0.097,34,0
0,20,0.189,8,0
2,15,0.038,2,0
0,15,0.267,27,0
3,14,0.207,8,0
3,14,0.405,16,0
0,10,0.076,9,0
9,2,0.702,183,1
2,13,0.168,18,0
3,9,0.164,3,0
0,15,0.223,15,0
0,15,0.055,14,0
2,8,0.077,17,0
4,10,0.286,29,0
0,17,0.082,23,0
1,8,0.137,18,0
1,11,0.235,25,0
0,7,0.142,15,0
0,9,0.203,27,0
0,8,0.024,4,0
1,11,0.072,25,0
0,11,0.14,9,0
3,7,0.105,10,0
0,9,0.365,24,0
20,1,0.752,121,1
1,14,0.122,16,0
1,18,0.149,29,0
0,17,0.041,18,0
1,20,0.121,18,0
0,14,0.027,27,0
4,11,0.096,31,0
2,20,0.058,12,0
0,9,0.221,18,0
0,12,0.097,1,0
1,15,0.363,26,0
2,15,0.226,21,0
0,15,0.163,29,0
0,7,0.087,20,0
15,0,0.808,80,1
0,19,0.131,31,0
18,5,0.784,191,1
0,20,0.171,1,0
0,16,0.307,25,0
1,21,0.044,8,0
4,14,0.178,3,0
3,17,0.297,33,0
21,3,0.945,173,1
3,9,0.182,34,0
3,7,0.024,33,0
1,19,0.024,32,0
1,7,0.089,25,0
1,17,0.276,2,0
13,2,0.748,128,1
0,15,0.479,15,0
2,13,0.282,33,0
2,9,0.138,3,0
1,14,0.085,18,0
0,21,0.301,2,0
0,18,0.244,26,0
3,17,0.167,13,0
0,10,0.153,1,0
2,10,0.082,5,0
1,15,0.187,17,0
2,12,0.268,29,0
1,9,0.029,27,0
2,15,0.287,22,0
1,19,0.166,18,0
3,12,0.282,12,0
2,11,0.073,8,0
1,10,0.037,1,0
1,15,0.231,29,0
1,16,0.319,9,0
1,8,0.16,23,0
2,15,0.281,19,0
1,7,0.264,9,0
4,20,0.068,8,0
2,16,0.137,2,0
1,20,0.122,21,0
1,16,0.147,2,0
1,11,0.19,14,0
1,12,0.261,6,0
2,14,0.13,16,0
4,12,0.177,30,0
0,8,0.092,16,0
0,7,0.098,31,0
2,20,0.033,34,0
2,13,0.164,29,0
2,7,0.096,4,0
1,12,0.062,18,0
2,15,0.159,30,0
12,3,0.915,207,1
2,13,0.305,29,0
12,3,0.825,226,1
1,13,0.341,6,0
1,19,0.033,12,0
13,5,0.855,73,1
10,4,0.967,166,1
2,15,0.062,32,0
0,15,0.248,25,0
1,20,0.135,12,0
0,17,0.056,27,0
1,14,0.12,20,0
1,21,0.218,12,0
0,21,0.196,3,0
5,10,0.138,19,0
0,12,0.097,9,0
4,13,0.013,5,0
0,12,0.167,9,0
1,11,0.09,10,0
0,21,0.016,29,0
0,13,0.178,3,0
0,12,0.086,14,0
3,11,0.121,6,0
0,20,0.148,15,0
1,17,0.106,26,0
2,8,0.034,33,0
1,11,0.232,13,0
1,9,0.028,21,0
1,11,0.137,15,0
0,14,0.098,34,0
3,15,0.105,16,0
4,17,0.193,24,0
4,21,0.262,5,0
1,18,0.042,2,0
1,20,0.038,20,0
0,14,0.07,16,0
0,10,0.21,4,0
0,19,0.081,15,0
0,19,0.122,1,0
11,1,0.714,220,1
1,21,0.411,12,0
1,13,0.191,25,0
1,12,0.166,32,0
2,17,0.013,21,0
2,7,0.282,31,0
0,18,0.422,9,0
0,20,0.029,8,0
3,14,0.193,34,0
1,18,0.38,6,0
1,13,0.021,30,0
2,19,0.126,10,0
0,10,0.129,21,0
2,21,0.105,5,0
1,12,0.084,27,0
2,8,0.324,17,0
4,14,0.094,29,0
1,20,0.111,26,0
2,15,0.061,28,0
3,20,0.11,10,0
2,16,0.233,15,0
12,2,0.928,160,1
1,14,0.092,20,0
1,10,0.196,6,0
0,15,0.057,4,0
3,21,0.297,27,0
2,11,0.137,32,0
9,4,0.897,102,1
1,20,0.234,18,0
2,10,0.058,33,0
9,5,0.984,175,1
0,10,0.115,10,0
1,18,0.005,29,0
0,20,0.133,24,0
1,16,0.217,26,0
6,20,0.225,32,0
1,11,0.064,17,0
0,10,0.179,6,0
0,20,0.362,16,0
0,13,0.233,32,0
4,21,0.083,32,0
1,16,0.151,31,0
1,20,0.045,20,0
1,7,0.129,32,0
21,0,0.742,126,1
0,15,0.215,16,0
2,8,0.076,20,0
10,5,0.769,162,1
2,9,0.04,15,0
3,18,0.231,34,0
4,8,0.09,6,0
1,18,0.15,3,0
0,7,0.282,34,0
4,17,0.39,20,0
1,14,0.214,11,0
2,18,0.131,17,0
2,10,0.351,26,0
2,7,0.072,34,0
2,20,0.075,18,0
0,20,0.209,13,0
0,9,0.57,23,0
1,21,0.039,26,0
0,18,0.202,26,0
1,21,0.09,18,0
2,18,0.247,4,0
2,7,0.276,25,0
2,17,0.095,30,0
3,10,0.188,10,0
0,13,0.154,8,0
1,16,0.194,24,0
2,7,0.161,22,0
0,13,0.026,10,0
1,7,0.048,2,0
3,19,0.211,9,0
2,19,0.031,8,0
11,1,0.756,81,1
1,7,0.053,16,0
1,9,0.262,4,0
2,21,0.2,28,0
0,8,0.248,30,0
4,20,0.179,17,0
1,12,0.229,5,0
3,19,0.174,30,0
1,21,0.356,24,0
2,15,0.252,17,0
17,5,0.707,102,1
3,16,0.049,8,0
4,17,0.274,28,0
4,9,0.123,30,0
0,11,0.093,27,0
3,19,0.073,26,0
2,19,0.107,5,0
1,16,0.229,21,0
3,8,0.042,34,0
0,8,0.039,23,0
1,13,0.116,3,0
2,15,0.058,17,0
2,8,0.034,8,0
0,16,0.014,32,0
2,16,0.112,3,0
2,21,0.34,2,0
1,9,0.063,19,0
1,11,0.171,21,0
1,20,0.18,6,0
2,13,0.226,20,0
2,17,0.056,7,0
1,14,0.28,17,0
2,9,0.422,32,0
1,12,0.105,21,0
2,11,0.182,11,0
2,17,0.164,3,0
3,9,0.108,14,0
2,13,0.124,24,0
0,14,0.107,11,0
3,21,0.058,8,0
0,12,0.099,7,0
0,19,0.186,28,0
4,16,0.092,2,0
2,9,0.225,11,0
4,13,0.061,32,0
1,15,0.159,24,0
1,13,0.34,32,0
0,9,0.251,22,0
0,12,0.093,21,0
0,14,0.128,14,0
2,20,0.142,14,0
2,10,0.23,19,0
0,18,0.033,24,0
1,18,0.084,11,0
1,8,0.28,21,0
1,10,0.24,30,0
0,7,0.222,31,0
0,17,0.013,16,0
3,16,0.214,6,0
1,15,0.04,31,0
1,14,0.076,18,0
0,17,0.075,20,0
0,15,0.039,10,0
0,19,0.091,18,0
0,19,0.071,23,0
0,20,0.037,5,0
3,15,0.256,13,0
2,19,0.21,9,0
0,8,0.134,6,0
0,16,0.094,22,0
0,21,0.058,9,0
1,13,0.119,18,0
2,15,0.185,8,0
1,14,0.027,8,0
1,19,0.195,30,0
2,12,0.052,22,0
0,17,0.122,26,0
2,18,0.036,13,0
11,0,0.932,211,1
2,12,0.469,27,0
2,14,0.078,6,0
0,19,0.202,19,0
1,20,0.066,22,0
0,17,0.018,28,0
0,12,0.158,28,0
1,12,0.199,24,0
0,18,0.131,17,0
1,14,0.332,2,0
17,4,0.943,100,1
0,8,0.331,6,0
0,10,0.15,15,0
2,21,0.289,2,0
2,13,0.183,11,0
1,20,0.078,32,0
2,7,0.153,7,0
2,13,0.092,23,0
4,7,0.096,23,0
1,9,0.223,33,0
2,11,0.408,11,0
0,11,0.078,10,0
8,3,0.739,95,1
0,20,0.176,30,0
1,10,0.215,32,0
1,18,0.03,29,0
1,9,0.308,26,0
1,17,0.083,22,0
0,17,0.044,8,0
2,19,0.184,9,0
4,17,0.076,15,0
2,17,0.026,17,0
4,16,0.176,12,0
0,8,0.241,8,0
16,4,0.842,118,1
0,11,0.24,11,0
1,14,0.009,5,0
2,16,0.077,22,0
1,20,0.083,3,0
1,10,0.329,25,0
2,21,0.184,34,0
3,17,0.257,5,0
4,11,0.109,24,0
3,15,0.131,30,0
17,4,0.922,166,1
2,11,0.137,2,0
2,19,0.059,27,0
0,19,0.151,29,0
0,8,0.329,11,0
2,21,0.356,15,0
1,20,0.086,14,0
0,14,0.273,19,0
0,12,0.346,21,0
4,12,0.273,7,0
0,7,0.093,3,0
5,19,0.076,23,0
1,7,0.13,20,0
3,9,0.027,3,0
0,16,0.163,31,0
4,7,0.489,21,0
2,19,0.311,8,0
3,9,0.05,14,0
1,16,0.315,15,0
0,19,0.172,30,0
0,9,0.038,26,0
0,20,0.157,29,0
4,8,0.404,2,0
2,10,0.257,10,0
1,20,0.089,11,0
1,21,0.281,33,0
0,18,0.103,23,0
0,15,0.065,26,0
0,17,0.068,27,0
1,13,0.226,9,0
1,16,0.211,22,0
1,21,0.21,4,0
2,9,0.161,30,0
2,16,0.009,34,0
2,13,0.146,23,0
3,17,0.083,14,0
2,15,0.173,34,0
1,18,0.277,7,0
1,11,0.219,19,0
3,16,0.32,6,0
2,16,0.081,26,0
1,17,0.157,9,0
1,15,0.037,6,0
18,5,0.706,88,1
3,20,0.296,31,0
3,17,0.168,15,0
0,17,0.095,15,0
1,11,0.075,6,0
2,12,0.109,19,0
2,20,0.28,32,0
0,10,0.228,32,0
1,14,0.187,29,0
4,7,0.311,8,0
1,19,0.112,5,0
1,11,0.047,14,0
2,9,0.176,3,0
0,16,0.088,8,0
1,7,0.164,4,0
3,7,0.102,7,0
1,8,0.141,14,0
3,10,0.125,29,0
1,15,0.162,11,0
3,21,0.409,31,0
1,13,0.131,3,0
4,14,0.178,29,0
3,9,0.13,16,0
1,13,0.143,28,0
0,7,0.243,16,0
2,11,0.136,5,0
3,12,0.288,4,0
5,20,0.048,6,0
2,13,0.12,7,0
0,21,0.147,4,0
2,9,0.187,21,0
1,11,0.207,34,0
1,14,0.195,31,0
19,4,0.841,97,1
3,12,0.14,27,0
1,10,0.212,29,0
1,20,0.131,8,0
2,9,0.074,24,0
1,13,0.146,6,0
2,20,0.097,20,0
3,9,0.407,17,0
2,10,0.009,13,0
