temperature_c,vibration_mm_s,pressure_bar,operating_hours,is_anomaly
62.06,2.14,28.33,3314.4,0
63.37,2.64,27.46,2715.6,0
72.79,2.67,22.74,1192.8,0
77.2,2.92,28.31,3361.2,0
54.45,2.24,21.95,3895.7,0
124.1,7.6,21.13,10.0,1
53.78,3.23,28.71,1326.7,0
72.77,2.46,25.32,1020.7,0
62.26,2.83,25.87,616.4,0
62.15,2.24,27.45,2518.6,0
71.09,2.05,22.36,2887.0,0
62.27,2.76,26.69,346.9,0
54.31,1.18,29.52,2551.5,0
105.39,9.98,6.15,3356.2,1
71.09,3.1,21.53,167.6,0
58.54,1.34,26.88,1687.0,0
62.86,1.44,31.96,3188.9,0
59.21,1.39,27.32,1427.4,0
63.36,2.99,28.35,2276.4,0
64.21,2.55,21.7,1006.4,0
77.14,3.29,25.39,2987.0,0
65.32,3.0,27.66,2188.6,0
68.7,1.33,26.43,673.4,0
70.14,2.9,27.87,3891.9,0
54.53,2.07,27.82,2505.7,0
61.35,1.32,27.98,510.3,0
65.58,3.14,28.23,3301.0,0
71.25,2.31,20.4,711.3,0
76.59,2.14,26.85,3652.0,0
63.8,3.55,24.96,2266.1,0
85.79,10.99,12.1,91.7,1
55.04,1.97,28.08,1138.1,0
62.21,1.78,28.18,1005.1,0
61.87,2.46,27.93,1310.7,0
50.11,2.88,23.21,858.3,0
56.12,2.32,25.53,101.5,0
63.48,2.23,29.92,3906.9,0
64.68,1.61,26.85,3334.2,0
53.95,2.78,26.73,3597.4,0
55.25,2.9,22.42,2535.7,0
52.73,2.08,23.98,3632.9,0
66.81,1.93,30.93,575.2,0
57.51,1.83,25.94,458.9,0
59.36,2.66,26.26,3035.9,0
50.93,3.26,29.25,2111.7,0
80.02,9.38,18.52,1957.6,1
73.61,2.51,26.49,625.6,0
72.53,1.83,24.57,3979.3,0
58.47,3.17,28.25,2881.6,0
86.56,8.09,22.73,3993.1,1
61.76,0.8,24.85,444.8,0
65.9,2.95,31.51,3789.0,0
64.19,2.59,26.73,3249.0,0
65.8,1.54,24.56,3280.9,0
79.78,3.58,24.64,3083.3,0
63.94,1.7,25.39,387.4,0
61.94,2.68,25.85,1515.0,0
66.04,2.28,26.97,3079.9,0
66.29,1.79,28.87,2487.6,0
66.62,2.29,25.26,1445.7,0
50.77,2.58,21.95,391.6,0
56.46,2.49,24.54,1393.7,0
69.14,2.37,28.03,35.3,0
54.21,3.0,29.48,1710.0,0
69.9,3.19,24.17,549.5,0
74.11,3.96,27.25,471.4,0
63.87,2.35,26.25,2864.6,0
69.58,2.39,22.78,2593.9,0
54.29,2.68,25.79,3153.4,0
77.99,7.0,18.66,1305.5,1
70.98,1.5,23.52,2587.1,0
64.01,2.33,26.72,2737.2,0
64.32,2.77,25.89,2981.0,0
70.75,3.64,24.03,553.7,0
65.77,2.6,27.26,3368.7,0
65.58,2.9,23.24,1780.3,0
65.6,2.18,23.63,1020.0,0
60.32,2.0,29.0,1784.3,0
76.66,2.47,27.2,740.7,0
62.86,2.92,27.31,2727.0,0
56.45,3.21,31.95,355.5,0
66.19,3.38,23.52,2038.1,0
60.67,2.42,23.79,2558.8,0
64.05,2.45,27.56,1126.3,0
58.61,2.54,29.39,1176.7,0
61.7,3.03,29.21,2699.6,0
67.29,2.07,28.17,3935.0,0
77.55,3.18,25.15,1017.7,0
101.26,7.57,14.76,1332.9,1
67.14,2.11,27.29,18.7,0
68.33,3.62,27.49,2405.2,0
66.47,2.37,26.68,2982.2,0
57.58,2.94,25.31,2305.4,0
58.48,3.07,25.21,1494.1,0
61.06,2.52,27.58,872.6,0
59.29,2.85,25.31,2909.0,0
59.61,2.52,28.77,3802.0,0
65.44,2.28,26.59,3405.9,0
61.27,1.74,23.71,1668.1,0
65.18,3.29,23.42,2141.2,0
59.92,1.9,25.9,983.6,0
61.06,1.74,27.12,1205.7,0
66.63,3.35,26.14,2371.4,0
66.1,2.83,24.74,366.4,0
62.62,2.62,29.92,1011.2,0
60.0,2.45,26.8,274.1,0
75.41,1.69,24.54,282.2,0
68.29,2.0,28.97,1529.7,0
67.02,2.57,26.37,2574.1,0
65.15,1.75,26.8,2131.7,0
57.03,2.31,25.13,140.7,0
63.0,3.16,27.53,1638.8,0
69.56,2.56,25.12,2524.9,0
59.96,2.67,29.83,3859.8,0
67.5,1.87,28.2,2855.6,0
100.39,7.99,14.37,1400.5,1
92.74,7.24,11.08,443.2,1
64.29,3.58,25.34,3604.2,0
101.13,10.45,10.76,2362.9,1
60.0,2.92,22.86,2547.6,0
65.05,3.21,25.26,532.7,0
67.9,1.52,29.89,2097.5,0
61.0,2.73,27.52,3266.3,0
64.81,2.39,24.41,733.5,0
71.66,3.3,31.08,2642.4,0
74.61,3.38,25.14,2625.9,0
57.46,2.14,27.12,2695.6,0
114.42,4.6,10.44,1659.1,1
61.94,3.13,25.86,44.4,0
69.03,1.63,24.02,1933.0,0
57.19,2.39,31.32,3715.4,0
59.4,1.74,24.01,3725.3,0
61.92,2.03,23.57,3198.3,0
110.28,8.07,15.87,1582.6,1
59.32,3.41,26.28,1891.8,0
69.68,3.03,21.74,427.0,0
66.85,3.0,26.27,2448.8,0
66.83,2.1,26.87,2967.9,0
77.97,2.64,26.77,2897.9,0
53.52,3.54,27.23,3190.7,0
93.5,5.83,10.99,388.9,1
70.05,2.91,28.97,2395.5,0
59.86,2.03,28.71,1555.5,0
56.71,2.68,31.32,2399.2,0
57.89,1.34,28.65,1119.7,0
56.02,2.13,28.0,590.1,0
58.2,2.22,27.7,1859.2,0
72.76,2.06,26.62,3626.3,0
79.96,8.09,14.65,446.5,1
63.78,2.72,27.69,2677.0,0
66.22,1.8,26.03,2925.6,0
68.16,2.54,26.2,514.6,0
63.02,2.63,25.14,831.9,0
64.15,2.73,26.03,2831.5,0
55.75,2.38,23.47,1238.6,0
79.58,2.62,24.19,769.1,0
65.33,2.74,29.97,1723.2,0
59.81,1.95,24.33,3343.7,0
63.3,2.92,25.4,14.3,0
59.63,3.33,28.34,2497.9,0
59.03,1.37,27.07,1972.5,0
61.97,1.28,26.53,3457.4,0
69.09,1.4,28.83,1384.0,0
70.06,3.4,28.36,2228.7,0
63.86,2.82,30.53,2888.0,0
55.9,1.28,26.2,494.5,0
62.79,1.69,28.09,1578.0,0
71.23,2.37,25.16,3851.5,0
92.23,9.11,13.43,156.5,1
68.88,1.9,26.83,1892.0,0
67.96,2.86,26.04,260.2,0
63.61,2.35,29.59,3800.0,0
56.87,1.77,25.14,680.7,0
70.59,3.23,28.74,896.6,0
67.22,1.73,26.74,629.8,0
67.77,2.9,20.11,1725.5,0
74.24,2.29,25.6,3652.0,0
62.67,2.8,23.56,735.5,0
53.19,4.0,25.89,109.6,0
77.93,1.86,27.81,180.9,0
67.12,2.5,26.28,3372.9,0
69.1,2.78,30.49,1138.3,0
56.37,1.8,27.19,3936.4,0
53.93,2.39,28.24,3638.6,0
77.18,9.08,15.63,440.0,1
65.54,1.55,28.48,3329.8,0
60.96,3.12,25.73,1523.1,0
71.42,1.95,30.1,68.1,0
51.11,1.9,24.88,3395.1,0
59.44,3.13,30.49,422.3,0
65.74,2.47,28.34,1459.0,0
66.22,1.76,25.72,3802.8,0
63.13,2.18,23.04,121.9,0
57.97,1.47,25.13,3841.6,0
67.18,2.53,29.73,1816.9,0
103.17,6.33,15.97,968.7,1
65.75,1.94,22.05,2243.5,0
59.0,3.1,24.85,89.1,0
60.91,2.84,25.22,2703.9,0
64.81,2.31,30.47,648.2,0
68.39,1.66,27.88,1548.4,0
96.52,7.45,16.26,1102.3,1
66.59,2.98,28.22,659.1,0
59.61,2.41,26.7,2449.7,0
59.71,2.3,24.08,2300.2,0
59.33,2.68,25.21,2304.4,0
68.48,1.78,24.34,3847.6,0
75.88,2.04,26.49,1144.4,0
65.38,2.24,25.86,3925.3,0
57.52,2.24,31.76,865.5,0
67.78,2.38,28.36,2541.5,0
63.76,2.89,25.69,2365.9,0
61.38,2.0,26.1,11.5,0
69.32,2.63,26.78,749.6,0
69.52,2.06,26.27,2438.0,0
62.67,2.85,24.24,2314.4,0
62.48,2.79,29.65,3345.7,0
68.98,2.4,24.86,3566.6,0
83.9,4.71,16.16,169.5,1
60.2,2.99,25.26,3987.4,0
55.22,0.9,29.71,3075.2,0
60.81,3.41,24.86,2784.9,0
64.31,2.21,32.16,3236.7,0
58.12,2.66,24.68,3459.8,0
78.41,3.08,32.15,3885.0,0
66.89,2.75,25.76,3793.2,0
65.03,3.67,22.52,755.5,0
61.09,2.9,31.82,939.6,0
71.69,2.21,29.81,3323.9,0
59.84,2.47,25.98,2968.0,0
55.67,1.83,26.17,1436.4,0
53.87,1.79,23.24,479.9,0
65.86,2.26,28.97,1667.1,0
63.42,1.71,27.27,1356.6,0
62.95,1.64,26.25,935.1,0
69.09,2.61,29.07,1589.6,0
72.0,3.09,24.93,3204.7,0
55.54,1.6,25.25,1614.8,0
64.5,1.68,24.07,2080.9,0
63.64,3.38,26.61,143.9,0
72.91,2.54,27.51,2130.5,0
68.55,1.94,31.06,3912.0,0
66.64,2.11,26.73,3663.5,0
71.6,2.71,24.77,1369.6,0
62.69,2.23,29.08,3371.8,0
65.64,2.47,26.55,1150.3,0
69.13,2.65,22.85,410.7,0
71.58,3.39,25.98,1426.2,0
65.75,2.18,27.0,3804.5,0
60.28,2.44,26.81,1937.0,0
55.68,2.1,25.78,3128.3,0
56.88,1.6,22.85,2084.0,0
49.09,2.98,25.54,2937.0,0
61.2,2.45,30.19,2880.1,0
63.4,1.82,27.8,2738.0,0
56.73,3.29,28.88,151.3,0
66.82,3.01,30.47,2076.9,0
67.69,2.23,29.59,2251.8,0
69.94,1.33,30.06,1157.1,0
95.66,7.42,17.93,1404.8,1
61.45,2.02,26.1,3894.9,0
59.02,2.33,27.38,110.8,0
59.98,1.77,24.44,183.6,0
60.6,1.9,25.41,144.1,0
63.4,3.11,27.99,2428.2,0
62.42,3.11,23.24,2975.0,0
66.87,2.61,25.25,909.9,0
71.13,2.89,31.84,2077.3,0
72.28,1.77,27.75,3767.2,0
68.85,2.3,30.18,2196.2,0
65.61,2.02,28.26,1569.1,0
55.93,2.18,26.05,2449.3,0
71.51,2.22,30.38,2260.8,0
86.14,6.26,14.29,3692.3,1
64.4,2.08,26.16,94.4,0
71.02,2.66,22.44,2466.2,0
63.91,2.0,26.08,1712.7,0
67.43,1.38,25.57,2406.4,0
65.01,1.2,23.7,2832.3,0
59.61,2.38,27.48,2656.5,0
62.51,3.78,29.07,677.7,0
72.62,2.28,23.11,699.5,0
70.74,3.22,25.97,3439.3,0
58.12,2.19,32.52,1257.3,0
58.25,2.39,28.41,2881.5,0
67.13,2.79,29.19,3196.0,0
100.17,5.17,16.12,469.3,1
65.21,2.1,25.15,1451.3,0
62.0,2.56,27.39,2411.5,0
89.49,7.01,15.34,3137.7,1
60.22,3.2,26.18,1552.2,0
68.06,3.03,24.95,873.2,0
65.79,2.42,22.68,3529.2,0
55.37,3.24,26.62,3106.1,0
66.48,2.37,27.29,2198.0,0
65.26,1.64,25.23,246.9,0
66.3,2.1,26.98,2426.3,0
70.78,2.61,27.46,2297.1,0
66.68,3.16,28.45,481.6,0
75.63,1.86,30.0,967.4,0
64.66,2.41,26.07,3023.1,0
69.67,2.65,25.97,511.5,0
65.15,2.35,28.01,3758.7,0
63.63,2.95,27.25,1599.2,0
56.67,2.8,27.03,550.5,0
54.97,3.3,25.96,2532.1,0
57.85,1.84,28.37,797.6,0
64.74,1.68,23.63,2213.5,0
62.19,6.78,17.99,3424.6,1
74.39,2.43,28.59,2427.9,0
63.66,2.16,26.96,849.4,0
87.74,11.32,9.29,2531.8,1
56.42,1.81,26.6,3844.9,0
60.37,2.37,28.68,2420.3,0
56.9,1.54,28.15,1410.4,0
71.34,1.18,26.42,718.6,0
57.12,2.19,23.83,742.5,0
68.97,3.01,27.11,1675.6,0
58.19,3.48,25.64,208.2,0
71.68,2.04,27.91,1168.0,0
74.78,2.4,26.68,1556.6,0
59.5,2.33,27.19,176.8,0
63.6,2.23,27.92,2413.1,0
63.4,1.8,26.83,820.2,0
68.19,2.67,27.96,2393.4,0
64.52,4.06,24.41,3943.5,0
73.97,1.86,30.16,1431.7,0
61.76,2.45,22.97,1783.9,0
70.13,1.63,31.96,509.1,0
69.99,3.27,29.72,3951.6,0
47.7,2.95,29.69,563.6,0
65.3,2.13,26.2,1282.7,0
55.17,3.76,26.85,2023.9,0
70.85,2.32,28.12,1052.2,0
69.3,2.77,25.93,1237.9,0
71.33,2.32,24.57,2060.2,0
63.83,2.47,32.16,3902.7,0
57.43,2.07,25.3,743.1,0
62.6,2.63,31.99,3357.5,0
60.26,2.95,27.73,3946.3,0
71.23,2.17,22.04,3009.6,0
54.49,3.23,28.63,2930.0,0
60.28,2.33,26.05,1257.4,0
64.89,1.65,25.59,1743.1,0
59.67,1.87,31.88,2090.3,0
67.71,2.82,28.4,2712.9,0
52.17,2.77,24.99,944.8,0
64.91,2.86,25.41,2595.2,0
66.86,3.34,26.1,3756.0,0
54.71,2.82,24.79,2532.9,0
62.63,2.26,28.3,3429.5,0
69.28,3.0,26.96,1765.5,0
55.48,2.16,26.41,2578.9,0
71.62,2.95,29.33,666.4,0
60.03,1.49,30.24,2485.8,0
67.13,1.12,22.78,3273.1,0
56.35,1.63,29.55,1912.7,0
58.5,2.22,24.76,2402.8,0
60.9,2.31,30.73,1781.6,0
64.88,3.0,23.55,2789.2,0
70.36,2.98,27.25,3532.4,0
59.92,2.01,29.2,2683.6,0
92.33,7.33,10.12,1930.9,1
51.19,3.34,27.27,901.7,0
67.43,2.07,27.66,2856.1,0
61.62,2.56,25.46,3563.6,0
61.45,2.79,30.07,242.8,0
60.53,2.35,27.11,3897.1,0
66.6,2.21,26.02,3194.2,0
52.13,3.08,26.8,3114.7,0
49.5,2.32,25.88,2116.8,0
68.35,1.81,23.66,2706.2,0
58.59,2.76,28.62,34.0,0
56.18,3.31,28.26,2887.1,0
67.82,2.15,28.29,204.6,0
62.46,2.32,25.59,240.2,0
64.44,2.83,26.7,3197.2,0
62.56,1.35,30.39,3402.1,0
61.88,1.77,29.28,3080.2,0
63.47,1.42,27.8,123.1,0
60.57,1.8,31.19,3348.1,0
51.9,2.04,24.67,1245.4,0
73.84,3.38,25.89,995.9,0
68.62,2.79,24.12,1641.3,0
69.3,2.69,25.74,3101.4,0
56.11,3.28,28.52,1642.6,0
62.87,2.93,25.16,2952.7,0
108.02,6.18,17.94,3529.1,1
68.28,3.4,25.54,3112.0,0
69.86,1.51,23.18,3495.3,0
54.65,2.69,27.47,1542.1,0
49.52,3.37,26.86,2021.6,0
90.06,6.27,20.82,806.8,1
58.87,2.65,23.03,2357.4,0
56.43,2.86,30.38,1007.2,0
58.75,1.64,28.78,2519.5,0
65.72,1.97,27.31,1984.1,0
70.66,1.5,24.32,1788.9,0
65.23,1.81,30.07,503.8,0
70.96,2.7,25.03,546.0,0
76.2,1.75,23.27,1062.1,0
59.15,3.06,24.24,936.2,0
60.64,2.04,29.29,1011.2,0
59.39,3.48,30.18,2369.1,0
57.81,2.23,28.05,2038.1,0
74.09,1.3,25.19,898.6,0
67.02,2.17,29.42,1652.8,0
67.76,2.38,28.09,1732.3,0
61.1,1.25,23.25,114.9,0
62.5,2.42,22.46,2646.5,0
63.73,2.63,27.95,1564.8,0
56.34,2.56,25.09,268.8,0
82.86,6.45,13.19,1622.4,1
68.42,2.85,31.62,2118.2,0
69.44,2.5,25.72,3528.3,0
60.7,2.76,29.51,689.6,0
63.69,2.64,28.47,438.0,0
64.84,3.05,20.91,371.1,0
59.49,1.58,32.51,244.6,0
68.83,1.48,29.49,2861.4,0
69.7,1.47,25.41,856.6,0
67.16,2.82,28.1,1006.1,0
66.11,1.27,27.23,3494.7,0
63.29,3.46,27.47,1346.9,0
48.79,2.8,29.6,1580.3,0
60.21,2.18,28.14,1047.9,0
69.82,0.53,30.87,30.2,0
62.28,2.11,22.98,348.8,0
65.76,1.63,26.74,984.2,0
59.97,2.18,27.06,226.6,0
54.06,1.0,26.14,1579.6,0
57.28,1.98,28.66,3235.6,0
68.46,2.26,26.65,2471.4,0
65.83,2.28,24.74,1320.2,0
72.46,2.66,24.78,1034.1,0
52.62,2.85,27.12,569.1,0
68.84,3.5,23.3,3428.7,0
60.91,2.38,26.46,349.3,0
61.58,2.86,28.33,2477.4,0
63.18,2.53,23.52,3462.7,0
63.57,2.18,27.39,800.8,0
66.32,2.75,26.72,1027.0,0
68.41,2.93,28.41,1801.9,0
61.13,3.48,24.55,1117.5,0
54.38,3.09,26.02,2250.2,0
60.14,2.76,25.58,3413.3,0
69.87,2.03,28.51,1895.5,0
67.59,2.6,29.4,1000.8,0
50.62,2.07,26.67,2322.3,0
56.59,3.04,31.19,1279.0,0
58.82,2.64,25.47,3897.1,0
94.19,8.91,12.72,3617.1,1
61.67,2.24,29.84,1388.2,0
60.34,1.45,28.65,813.8,0
69.79,2.72,25.63,695.2,0
65.34,1.94,26.07,3007.8,0
63.7,1.57,25.75,2442.2,0
68.47,1.55,27.2,3751.6,0
63.53,3.8,26.81,614.1,0
56.2,2.47,24.89,2306.3,0
62.05,3.73,22.76,1628.9,0
64.99,2.08,28.18,2837.3,0
64.25,1.78,32.83,630.3,0
64.04,2.95,26.25,3149.7,0
66.98,3.26,26.91,2828.5,0
59.21,2.59,26.97,1988.7,0
81.0,9.64,15.09,1107.1,1
71.3,2.3,28.31,2489.2,0
65.61,2.71,23.46,2443.5,0
58.44,3.46,31.76,1275.7,0
66.55,3.22,21.92,1818.9,0
65.37,3.21,20.52,3258.2,0
62.5,1.73,30.73,1664.8,0
64.69,2.68,25.91,516.5,0
64.23,2.11,23.21,3221.8,0
53.63,1.59,31.08,2925.5,0
74.84,2.99,30.61,1551.9,0
66.57,1.68,32.29,208.0,0
71.27,2.23,24.98,3473.5,0
74.66,1.45,26.58,3306.4,0
69.95,2.43,24.03,578.8,0
59.88,2.28,25.14,3329.4,0
65.25,2.75,30.28,1928.3,0
90.26,4.03,9.22,3642.0,1
73.6,1.13,27.01,3023.5,0
66.62,2.22,24.45,497.2,0
68.43,3.35,27.54,144.9,0
72.75,2.69,27.13,2457.7,0
68.16,3.35,29.64,3771.4,0
68.62,1.75,26.4,546.8,0
72.61,2.11,30.56,3317.3,0
69.07,2.31,25.41,2442.2,0
61.17,3.08,26.1,256.6,0
65.27,2.53,27.82,835.7,0
65.34,2.66,27.47,677.0,0
59.85,2.08,27.97,1108.1,0
57.4,2.53,27.28,485.0,0
74.5,2.89,28.85,1231.6,0
66.17,2.61,25.43,1615.1,0
98.07,8.7,17.6,3075.9,1
66.33,2.31,26.88,2353.0,0
53.87,2.63,27.23,2827.0,0
65.72,2.47,28.45,3362.7,0
61.15,1.77,28.33,2252.6,0
71.74,2.8,27.33,1294.7,0
53.44,3.09,27.07,1079.1,0
62.68,1.9,28.99,2895.6,0
63.75,1.61,25.69,2282.1,0
59.48,2.47,24.9,472.2,0
63.99,2.02,27.41,3601.5,0
53.71,3.07,27.56,471.4,0
68.16,3.2,24.93,2374.9,0
62.15,2.1,23.34,695.1,0
73.38,2.47,25.31,2892.1,0
70.69,3.06,29.92,889.7,0
57.79,2.73,26.85,186.5,0
75.26,7.88,11.68,3780.9,1
68.48,2.46,24.31,622.6,0
64.25,2.72,31.51,1670.4,0
70.2,3.92,31.24,1840.5,0
69.55,1.14,26.83,3881.3,0
60.87,2.11,29.96,3624.9,0
66.2,3.07,24.46,2551.5,0
63.66,2.71,29.7,939.9,0
75.02,2.34,27.92,820.5,0
67.23,2.0,25.99,1202.9,0
72.25,2.14,28.53,2833.7,0
70.49,2.15,23.96,2086.1,0
70.91,1.78,29.01,2921.0,0
55.44,0.84,32.57,202.7,0
63.07,2.69,25.77,986.2,0
64.48,3.02,28.09,1020.5,0
72.29,2.17,28.65,2748.8,0
51.46,2.24,27.45,28.5,0
61.46,0.98,27.65,1660.0,0
69.36,2.33,28.78,1890.1,0
56.13,2.45,28.41,517.7,0
55.28,2.16,24.85,3722.3,0
64.78,2.21,28.61,3852.9,0
56.65,2.18,28.66,2520.9,0
55.33,1.72,30.78,1263.4,0
64.02,1.85,27.37,1995.8,0
73.71,1.86,27.74,287.7,0
112.06,9.62,19.4,689.8,1
63.85,2.55,27.15,3054.5,0
57.48,2.96,27.18,1017.3,0
59.66,3.35,27.47,3012.0,0
57.97,2.3,25.28,2014.0,0
63.83,2.48,26.24,1688.5,0
61.74,3.54,26.24,1010.1,0
73.9,3.62,26.98,2520.1,0
62.99,2.46,29.28,1599.7,0
58.94,1.46,26.39,471.2,0
70.45,2.77,26.42,2205.0,0
54.22,2.8,28.73,1583.7,0
83.13,5.83,16.02,1215.2,1
67.82,1.8,28.03,1170.3,0
87.73,6.91,19.02,3850.7,1
66.23,2.63,24.58,3494.5,0
61.29,2.34,27.9,3880.1,0
62.72,2.73,27.72,3508.9,0
60.86,2.89,29.09,2689.7,0
62.4,2.26,24.7,2250.5,0
63.58,4.32,25.73,3147.8,0
63.18,3.2,28.31,661.6,0
65.42,2.78,28.83,3427.4,0
57.07,3.02,25.73,3997.0,0
67.28,3.3,28.26,273.3,0
68.7,2.15,27.28,2668.9,0
58.25,2.08,24.7,1946.0,0
63.27,2.39,26.97,2583.1,0
68.58,2.88,31.81,3813.7,0
69.83,1.65,27.62,2170.3,0
78.1,2.56,26.28,304.8,0
84.67,7.34,15.75,288.2,1
59.97,2.58,27.5,3130.6,0
45.26,2.47,24.67,1930.3,0
54.83,2.55,27.57,2522.0,0
60.02,2.63,26.38,2362.5,0
54.82,2.73,25.0,3463.7,0
66.5,2.62,32.64,1675.4,0
64.06,1.85,29.76,370.0,0
69.66,2.95,26.63,2597.5,0
69.26,3.49,24.87,1244.1,0
59.1,2.57,30.93,3863.2,0
56.79,2.43,25.87,3727.7,0
59.9,2.23,28.13,1479.9,0
77.98,1.61,28.6,600.4,0
61.12,2.63,26.51,535.1,0
65.01,2.9,25.15,1381.0,0
58.31,2.39,25.42,1363.6,0
65.24,2.01,27.3,3878.0,0
64.04,1.93,26.6,3448.6,0
75.43,2.57,27.36,419.0,0
62.53,2.74,29.72,1590.9,0
63.76,3.13,22.21,483.9,0
64.76,3.34,30.36,1748.0,0
57.63,1.74,26.14,2944.6,0
75.67,1.98,24.87,2983.6,0
56.51,3.13,28.77,2544.9,0
48.67,1.84,23.46,2372.9,0
57.42,1.99,28.29,3951.3,0
63.78,2.05,24.15,753.3,0
55.59,2.15,30.27,3254.3,0
58.39,1.8,23.11,2626.8,0
87.34,10.22,11.49,670.5,1
72.25,2.46,24.83,2883.6,0
72.56,1.3,26.88,3412.8,0
62.95,2.23,22.37,950.6,0
68.26,2.83,28.79,320.7,0
67.07,2.7,28.76,3381.0,0
67.06,2.37,25.84,3610.2,0
62.28,2.08,24.91,1954.4,0
67.0,3.97,25.61,2881.2,0
63.24,2.31,25.85,1094.2,0
62.95,2.98,21.91,985.8,0
62.21,1.72,27.58,2739.9,0
64.86,2.83,25.73,573.1,0
58.11,1.2,27.79,267.6,0
50.12,1.73,31.64,347.6,0
51.45,2.4,27.33,873.5,0
59.93,1.77,25.09,1606.4,0
62.89,1.73,21.97,436.8,0
60.69,2.89,25.61,1631.8,0
83.91,5.02,17.16,1094.3,1
65.08,2.52,24.51,1908.9,0
60.48,2.48,27.68,1329.8,0
66.1,1.91,27.9,2610.6,0
72.56,1.92,24.28,1194.2,0
75.31,1.98,26.82,3277.4,0
56.17,1.7,29.37,3371.6,0
72.48,2.66,26.88,625.5,0
65.01,1.98,27.85,1904.1,0
58.28,2.1,29.07,1113.2,0
56.3,2.05,28.28,3195.2,0
75.31,2.47,23.85,1747.4,0
56.71,2.85,26.17,506.9,0
65.28,2.86,27.2,1840.7,0
65.13,1.35,26.45,441.3,0
70.85,1.89,28.11,201.3,0
73.13,7.82,18.4,648.2,1
49.08,2.4,25.79,1636.0,0
62.18,2.2,30.33,1163.1,0
73.74,2.83,28.86,327.2,0
57.64,2.49,26.17,2461.8,0
82.34,6.8,9.84,2992.6,1
68.99,3.14,31.83,3290.8,0
82.45,4.27,18.1,2600.9,1
108.75,9.89,18.11,892.7,1
69.08,3.13,29.26,2858.6,0
73.23,1.75,25.84,2109.8,0
74.11,2.48,20.22,1231.5,0
65.45,2.53,24.98,2191.5,0
65.14,1.68,29.41,1314.7,0
59.76,1.41,27.04,1929.0,0
94.55,8.69,10.7,2893.4,1
95.25,7.37,11.21,2740.9,1
65.74,2.83,28.63,1043.7,0
66.84,2.54,22.69,2482.6,0
50.9,1.9,28.92,3847.8,0
54.5,2.96,27.11,2255.4,0
68.85,2.81,27.87,1612.3,0
67.73,1.94,26.2,2079.5,0
60.91,2.89,29.29,353.5,0
57.4,1.68,25.81,3984.1,0
71.58,3.16,30.16,1650.6,0
64.17,2.4,24.69,3182.7,0
72.7,2.63,29.24,2719.9,0
68.25,2.25,28.38,383.8,0
58.15,2.75,26.42,2487.9,0
60.6,2.68,25.47,2750.8,0
63.23,2.36,28.31,373.1,0
103.29,6.43,16.44,443.0,1
63.27,1.55,26.38,2325.7,0
69.86,1.87,23.47,836.5,0
57.03,3.02,24.77,3399.0,0
63.59,1.53,30.46,3377.8,0
69.7,2.01,22.92,638.4,0
102.07,7.78,15.04,3914.6,1
63.58,9.39,9.94,2839.1,1
94.8,5.88,8.7,476.7,1
76.06,2.88,28.98,148.8,0
74.23,3.19,27.95,3664.2,0
73.26,2.27,28.58,1713.7,0
70.9,2.0,32.73,59.7,0
76.11,9.31,18.1,831.6,1
65.75,2.46,24.47,3423.9,0
58.56,2.18,23.81,1644.7,0
58.48,1.5,23.72,1053.6,0
71.01,2.48,25.98,3354.9,0
64.31,2.27,23.83,3556.9,0
105.25,10.46,14.03,1661.8,1
70.21,2.72,28.56,1055.6,0
66.62,3.52,28.82,2464.8,0
62.93,2.32,28.95,1461.6,0
71.87,1.62,27.93,413.0,0
64.87,2.18,28.7,1373.8,0
64.12,1.74,27.79,3843.8,0
68.8,3.31,26.53,289.7,0
79.72,3.26,25.73,3116.2,0
91.67,6.79,9.23,2257.3,1
69.16,2.47,30.89,1534.6,0
54.06,2.66,28.7,215.7,0
64.19,2.02,28.75,2885.2,0
84.09,6.9,22.3,796.0,1
63.41,1.95,26.8,3976.8,0
67.52,3.55,23.46,2163.6,0
60.06,2.18,30.5,548.9,0
69.83,2.55,24.82,3319.1,0
69.71,1.56,29.4,2674.7,0
93.57,10.97,19.33,1585.0,1
70.96,2.2,28.65,2945.8,0
59.06,3.0,26.12,1928.8,0
66.62,3.64,30.61,3370.9,0
58.93,2.88,23.79,334.9,0
69.0,2.54,28.47,2581.2,0
97.82,9.38,12.47,2292.8,1
66.13,1.04,26.96,3568.6,0
66.42,1.63,27.82,554.8,0
66.31,1.85,24.79,3133.3,0
65.21,1.88,26.72,2748.2,0
61.86,3.44,28.81,409.8,0
63.57,2.25,29.8,3461.5,0
52.06,1.89,27.5,1340.4,0
59.01,2.47,29.78,1143.7,0
57.82,2.26,24.34,1259.1,0
71.26,1.24,24.99,2344.5,0
64.93,2.57,23.92,317.8,0
71.05,2.39,30.16,159.1,0
74.67,2.53,29.93,1821.7,0
85.36,7.38,12.79,1928.8,1
63.6,2.58,26.46,1018.0,0
104.24,7.32,15.25,403.6,1
73.67,2.81,25.11,495.9,0
61.54,3.2,28.13,2412.1,0
56.4,3.04,28.62,3535.7,0
61.79,2.49,29.14,136.6,0
63.13,3.87,26.35,1354.3,0
68.71,2.61,29.92,1984.8,0
70.84,2.23,29.64,2523.8,0
67.24,2.67,29.87,3854.6,0
54.19,2.58,27.57,850.8,0
63.3,2.84,24.62,2428.4,0
63.42,2.46,25.92,516.8,0
63.61,1.79,29.27,2305.5,0
74.77,1.51,27.28,669.0,0
78.19,1.85,27.0,3168.7,0
66.04,2.41,26.36,409.1,0
69.87,1.72,29.18,1244.5,0
65.78,2.47,26.78,2142.3,0
55.79,2.42,30.25,1940.6,0
69.27,2.85,24.73,2653.9,0
73.03,3.04,26.67,1232.8,0
66.04,2.71,25.47,107.9,0
64.43,1.51,25.43,2744.2,0
66.8,1.68,21.35,2774.1,0
87.26,8.01,15.73,1232.7,1
57.34,2.32,24.34,151.1,0
51.0,3.01,24.86,1340.6,0
58.74,1.76,27.84,173.3,0
75.57,2.16,26.54,3293.8,0
69.48,1.85,24.21,3014.5,0
60.22,2.73,25.95,628.5,0
56.2,2.08,25.01,887.3,0
61.73,2.29,29.28,3988.1,0
63.32,2.06,28.4,1593.3,0
61.53,2.2,30.39,1897.7,0
72.36,2.74,29.61,1070.5,0
61.61,2.32,28.3,12.7,0
52.81,2.89,26.44,1423.6,0
67.13,1.52,25.29,447.0,0
59.92,2.68,28.79,1615.5,0
70.89,1.85,25.96,670.3,0
70.51,2.07,30.51,3105.4,0
76.84,2.21,26.91,3529.7,0
70.85,2.43,25.01,1275.3,0
65.55,1.68,23.2,1133.4,0
56.56,2.4,23.74,2533.8,0
73.89,2.16,29.28,1820.8,0
67.27,3.09,25.29,1668.3,0
91.56,7.93,15.36,2854.7,1
59.25,2.25,28.34,316.0,0
68.38,3.24,23.96,1775.9,0
73.29,2.42,26.74,1815.8,0
63.74,1.86,26.5,3429.8,0
68.49,2.81,30.49,1197.9,0
67.53,2.59,29.41,375.4,0
93.79,8.68,11.45,1862.1,1
53.65,3.18,27.73,3389.7,0
66.8,1.47,26.1,455.4,0
106.67,9.07,21.95,2569.4,1
91.02,6.4,13.2,1570.5,1
63.19,1.8,26.03,3144.5,0
65.63,2.54,27.9,1596.8,0
63.74,3.51,23.87,1359.5,0
77.94,3.0,30.95,177.9,0
64.5,2.2,25.0,2867.6,0
64.97,1.1,27.81,1441.9,0
61.26,2.36,28.7,2684.2,0
63.81,2.78,30.05,1591.7,0
59.96,3.05,28.76,2338.8,0
73.56,3.78,29.7,2735.8,0
61.65,2.8,29.26,3781.0,0
64.69,3.18,30.03,2774.2,0
51.65,2.55,24.88,3332.8,0
62.81,2.6,29.35,2894.8,0
67.01,2.67,26.17,397.7,0
68.03,2.74,24.66,1161.7,0
61.23,3.34,29.91,3725.2,0
73.23,1.49,27.0,986.8,0
57.61,1.63,29.13,3639.7,0
83.06,7.76,17.26,2051.9,1
57.09,3.04,27.8,2952.6,0
61.67,1.92,27.62,871.0,0
79.67,8.28,14.77,2485.0,1
70.89,2.45,29.2,3326.3,0
105.4,7.51,12.32,1937.0,1
68.58,2.04,25.04,3424.1,0
57.29,3.4,29.14,620.3,0
58.18,1.64,29.59,3418.2,0
74.75,2.13,26.75,3938.4,0
72.33,1.63,27.0,3776.4,0
61.85,2.97,26.93,2471.7,0
66.61,3.08,24.85,2029.1,0
68.23,2.22,24.82,3746.8,0
57.17,1.88,26.29,1223.5,0
71.73,1.79,25.57,430.5,0
61.42,1.88,29.68,3872.4,0
59.44,1.79,26.54,643.5,0
67.97,2.51,27.46,3662.8,0
