ai,python,statistics,cybersecurity,databases,business_analytics,research_methods,cloud,transaction_id
0,0,0,1,1,0,1,1,1
0,0,0,0,1,0,1,1,2
0,1,1,0,0,0,0,0,3
0,0,1,1,0,1,1,0,4
0,0,1,0,0,1,1,0,5
0,1,1,0,1,1,1,0,6
0,0,0,0,1,0,0,0,7
0,0,0,1,1,0,0,1,8
1,1,1,0,0,0,0,0,9
0,0,0,0,0,1,1,0,10
0,0,1,1,0,0,0,1,11
1,0,0,0,1,0,0,1,12
0,1,0,0,0,0,1,0,13
1,0,1,0,0,1,0,0,14
0,0,0,1,1,0,0,1,15
0,0,0,1,1,0,0,1,16
0,1,1,0,0,0,0,0,17
0,0,1,0,0,1,1,0,18
1,0,1,0,0,0,0,0,19
0,0,0,1,0,0,0,1,20
0,0,1,0,0,0,0,0,21
1,1,1,0,0,0,0,0,22
0,0,0,0,0,1,0,0,23
0,0,1,0,0,1,1,0,24
0,0,1,1,0,1,0,0,25
1,1,1,0,0,1,0,1,26
1,0,0,0,0,0,0,0,27
1,1,1,0,0,0,0,0,28
0,0,1,0,0,1,0,0,29
0,1,1,0,0,0,0,0,30
0,0,1,0,0,0,1,0,31
0,0,1,0,0,1,0,0,32
0,0,0,1,0,1,0,0,33
0,0,0,0,1,0,0,1,34
0,0,1,0,1,0,0,0,35
0,0,1,0,0,1,0,0,36
0,0,0,1,0,1,0,1,37
1,0,1,0,0,1,0,0,38
0,0,0,0,0,1,1,0,39
0,0,1,0,0,0,0,1,40
0,0,1,0,0,1,1,0,41
0,0,1,0,0,1,0,0,42
1,0,1,0,0,0,0,0,43
0,1,1,0,0,1,1,0,44
0,0,0,1,1,0,0,0,45
0,0,0,1,0,0,0,0,46
0,0,1,0,0,1,1,1,47
0,0,0,1,0,0,0,0,48
0,0,0,0,0,1,1,1,49
0,0,0,1,1,0,0,1,50
1,1,1,0,0,0,0,0,51
0,0,0,0,0,1,1,0,52
1,0,1,0,0,0,1,0,53
0,1,0,1,0,0,0,1,54
0,0,1,0,0,1,1,0,55
0,0,0,1,1,0,0,1,56
0,0,0,0,1,0,0,0,57
1,1,1,0,0,0,0,0,58
0,0,1,0,0,1,0,0,59
1,1,0,0,0,0,0,0,60
0,0,0,1,1,1,0,1,61
0,1,1,0,0,0,0,0,62
1,0,0,0,0,1,1,0,63
0,0,1,0,0,1,1,0,64
1,1,1,0,0,0,0,0,65
0,0,0,0,1,1,0,1,66
0,0,1,0,0,1,1,0,67
0,0,0,0,0,0,1,0,68
1,1,1,0,0,0,1,0,69
0,0,0,1,1,0,0,1,70
0,1,1,1,0,1,0,0,71
0,1,0,0,1,0,0,0,72
0,1,0,0,0,1,1,0,73
0,0,0,1,0,0,0,1,74
1,0,0,0,0,0,0,0,75
0,0,0,0,0,0,0,1,76
1,1,1,0,0,0,0,0,77
0,0,1,1,1,0,0,0,78
0,0,1,0,0,0,1,0,79
0,0,0,1,1,0,0,1,80
0,0,1,1,1,0,0,1,81
1,0,1,0,0,1,1,0,82
0,0,0,1,0,1,0,0,83
0,0,0,0,1,0,0,1,84
0,0,1,0,0,1,1,0,85
0,0,0,0,1,0,0,0,86
0,1,1,0,0,0,0,0,87
0,0,0,1,1,0,0,1,88
0,0,0,1,1,0,1,1,89
0,1,0,0,0,0,0,0,90
0,1,0,0,1,0,0,0,91
0,0,0,1,1,0,0,1,92
1,1,1,1,0,0,0,0,93
1,1,0,0,0,0,0,0,94
0,0,1,0,0,1,1,0,95
1,1,0,0,0,0,0,0,96
0,0,0,0,1,1,1,1,97
0,0,1,0,0,1,1,0,98
1,1,1,0,0,0,0,0,99
0,0,1,0,0,1,1,1,100
1,1,1,0,0,0,0,0,101
0,1,1,0,0,0,0,0,102
0,0,0,1,1,0,0,1,103
1,1,0,0,0,0,0,0,104
0,0,0,1,1,0,0,1,105
1,1,1,0,1,0,0,0,106
0,0,0,0,0,1,1,0,107
0,1,0,1,0,0,0,1,108
0,0,1,0,0,0,0,0,109
0,0,1,0,0,0,1,0,110
1,1,1,0,0,1,0,0,111
1,1,1,0,0,0,1,0,112
0,0,0,0,0,1,1,0,113
0,0,1,0,0,0,0,0,114
0,1,1,0,0,0,0,0,115
0,0,0,0,1,0,0,1,116
0,0,1,0,0,0,0,0,117
0,0,0,1,0,0,0,0,118
1,1,0,0,0,0,0,0,119
0,0,0,1,1,0,0,1,120
0,0,1,0,0,1,0,0,121
0,0,1,1,1,0,0,1,122
1,1,1,0,0,0,0,0,123
1,1,1,0,0,0,0,0,124
1,1,1,0,0,1,1,0,125
0,0,0,0,1,0,0,1,126
0,1,0,0,0,0,0,0,127
0,0,1,0,0,1,0,0,128
0,1,0,0,0,1,1,0,129
0,0,0,0,0,1,1,0,130
0,0,1,0,0,1,1,1,131
0,1,1,0,0,0,1,0,132
0,1,0,1,0,1,1,0,133
0,0,1,0,0,0,1,1,134
1,1,0,0,0,0,0,0,135
0,0,0,0,0,1,0,0,136
0,0,0,1,1,0,0,1,137
0,1,0,1,0,0,1,1,138
1,1,1,0,0,0,0,0,139
0,0,1,0,0,1,1,0,140
1,1,1,0,0,0,0,0,141
0,0,1,0,0,1,1,0,142
1,1,1,0,0,1,0,0,143
0,0,1,1,0,1,1,0,144
1,0,1,0,0,0,1,0,145
0,0,1,0,0,0,1,0,146
0,0,0,0,0,1,1,1,147
0,0,0,0,1,0,0,1,148
1,0,1,0,0,0,0,0,149
0,0,1,0,0,1,1,0,150
1,0,0,1,1,0,0,0,151
1,0,0,1,1,0,1,0,152
0,0,1,0,0,1,1,1,153
1,1,1,0,0,0,1,0,154
1,1,1,0,0,1,0,0,155
1,0,0,1,0,0,0,0,156
0,0,1,0,0,1,0,0,157
1,1,1,1,0,0,0,0,158
0,0,0,0,1,0,0,1,159
0,1,1,0,0,0,1,0,160
1,0,1,0,0,1,0,1,161
1,0,1,1,0,0,0,0,162
0,0,1,0,0,1,0,0,163
1,0,0,1,0,1,1,0,164
1,1,1,0,0,0,0,0,165
0,0,0,1,1,0,0,0,166
0,0,0,1,0,0,0,0,167
0,0,0,1,1,0,0,1,168
0,0,1,0,0,1,0,0,169
1,0,0,0,0,0,0,0,170
0,0,0,1,0,0,0,1,171
0,0,0,0,1,0,0,1,172
1,0,1,0,0,0,0,0,173
0,1,0,0,0,0,0,0,174
0,0,0,0,1,0,0,1,175
1,1,1,0,0,0,0,0,176
0,0,0,0,1,0,0,0,177
0,0,1,0,1,0,0,1,178
0,1,0,0,0,0,0,0,179
0,0,1,0,0,1,0,0,180
0,1,1,0,0,0,0,0,181
0,0,0,1,1,0,1,1,182
0,0,0,1,1,0,0,1,183
1,1,1,0,0,0,0,0,184
0,0,0,1,1,0,0,1,185
0,0,0,0,0,1,0,0,186
0,0,1,0,0,1,1,0,187
0,0,1,0,1,0,1,0,188
0,0,0,1,1,0,0,1,189
0,0,1,0,0,0,0,0,190
0,0,0,1,1,0,0,0,191
0,1,1,0,0,0,1,0,192
0,0,0,0,0,1,1,0,193
0,0,1,0,0,1,0,0,194
0,0,0,0,1,0,0,1,195
0,1,1,0,0,1,1,0,196
1,0,0,0,1,0,0,0,197
0,0,1,0,0,0,1,0,198
0,0,0,1,1,0,0,1,199
1,1,1,0,0,0,0,0,200
0,0,0,1,1,0,0,0,201
1,1,1,0,0,0,0,1,202
0,0,0,0,0,1,0,0,203
0,0,0,0,0,1,1,0,204
0,1,1,0,0,0,1,1,205
1,1,1,0,0,0,0,0,206
1,0,1,0,0,0,0,0,207
0,1,0,0,0,0,0,0,208
0,0,0,1,0,0,0,1,209
1,1,1,0,0,0,0,0,210
0,1,0,1,1,0,0,1,211
1,1,1,0,0,0,0,0,212
1,0,0,1,1,0,1,1,213
0,1,0,0,1,0,0,0,214
0,0,1,0,0,1,0,0,215
0,0,1,0,0,1,0,0,216
0,0,0,1,0,0,0,0,217
0,1,0,0,1,0,0,1,218
0,0,0,1,0,0,1,0,219
0,0,1,0,0,1,1,1,220
1,1,1,0,0,0,0,0,221
0,0,0,0,0,0,1,1,222
0,0,1,1,1,0,0,1,223
0,0,0,1,1,0,0,1,224
1,1,1,0,0,1,1,0,225
0,1,0,1,1,0,0,0,226
1,0,0,0,1,1,0,0,227
0,0,0,1,1,0,0,1,228
0,0,1,1,0,0,0,1,229
0,0,0,1,1,0,0,0,230
0,0,0,0,1,0,1,1,231
0,0,0,0,0,0,1,0,232
1,1,1,0,0,0,0,0,233
1,0,1,0,0,1,1,0,234
1,0,1,0,0,0,0,0,235
0,0,0,1,0,0,0,0,236
1,0,1,0,0,0,1,0,237
1,1,0,0,0,0,0,0,238
0,0,0,0,1,0,0,0,239
0,0,1,1,0,0,0,1,240
0,0,1,0,0,1,0,0,241
0,1,0,0,0,0,1,0,242
1,0,1,0,0,0,0,0,243
1,0,1,1,0,0,1,0,244
1,1,1,0,0,0,1,0,245
0,0,1,0,0,1,1,0,246
0,0,0,1,1,0,0,1,247
0,0,1,1,0,1,0,0,248
1,1,0,0,0,0,0,0,249
0,0,0,0,1,0,0,1,250
0,1,1,0,0,1,0,0,251
0,0,0,0,0,1,1,1,252
0,0,1,0,0,0,0,1,253
0,0,0,0,1,1,0,0,254
0,0,0,0,0,1,1,0,255
0,0,1,0,0,0,0,1,256
1,1,1,0,0,0,0,0,257
1,1,0,0,0,0,0,0,258
1,0,1,0,0,0,0,0,259
1,0,0,0,1,0,0,0,260
0,0,0,1,1,0,0,0,261
0,0,1,0,0,1,1,0,262
1,1,1,0,1,0,0,0,263
0,0,0,0,0,1,1,0,264
1,1,1,0,0,0,0,0,265
0,0,0,1,1,0,0,0,266
0,0,1,1,1,0,0,1,267
0,0,1,0,0,0,0,0,268
0,1,0,1,1,0,0,1,269
1,0,0,0,0,0,1,0,270
0,1,0,0,0,0,0,0,271
0,0,1,1,0,1,0,0,272
0,0,0,1,1,1,0,0,273
0,0,1,0,1,1,1,0,274
0,0,1,0,0,1,1,0,275
1,1,1,0,0,1,0,0,276
0,0,1,1,0,0,1,0,277
0,0,0,0,0,1,1,0,278
1,1,1,0,0,0,0,0,279
0,0,1,0,0,1,1,0,280
0,1,1,0,0,0,0,0,281
1,0,0,0,1,0,0,1,282
0,0,0,1,1,0,0,0,283
1,1,1,0,0,0,0,0,284
0,0,1,0,1,0,0,1,285
0,0,0,0,0,1,1,1,286
1,1,1,0,0,0,0,0,287
0,0,0,0,0,1,0,0,288
0,0,1,1,0,1,0,0,289
0,1,1,1,0,0,0,0,290
1,1,1,0,0,0,0,0,291
0,0,0,1,0,0,0,1,292
0,0,1,0,0,1,0,0,293
0,1,0,0,0,0,1,0,294
0,0,0,1,0,0,0,1,295
0,0,1,0,1,1,0,0,296
0,0,0,0,0,1,0,1,297
1,1,0,0,0,0,0,0,298
1,1,1,1,1,0,0,0,299
0,0,0,1,0,0,0,1,300
0,0,1,0,0,1,1,0,301
0,0,0,0,0,0,0,1,302
0,0,0,0,0,0,0,1,303
0,1,0,1,1,0,0,0,304
0,1,1,0,0,0,0,0,305
0,0,1,0,1,1,1,0,306
1,0,0,0,0,0,0,0,307
1,0,1,0,0,0,0,0,308
0,1,1,0,0,0,0,0,309
0,0,0,0,0,1,0,0,310
0,0,1,1,0,1,1,0,311
0,1,0,0,0,0,1,1,312
0,0,1,0,0,0,1,0,313
0,0,0,0,0,0,1,0,314
0,0,0,0,0,0,0,1,315
1,0,1,0,0,0,0,0,316
1,1,1,0,0,0,0,0,317
0,0,0,0,1,0,0,1,318
0,0,0,1,1,0,0,1,319
1,0,1,0,0,0,0,0,320
0,0,1,0,0,0,0,0,321
0,0,1,1,0,1,0,1,322
1,1,0,0,0,0,0,0,323
0,0,1,0,0,0,0,0,324
1,1,1,0,0,0,0,0,325
0,0,0,1,1,0,0,0,326
0,0,1,0,0,0,1,0,327
0,1,1,0,0,1,0,0,328
1,0,1,0,0,0,0,0,329
0,0,1,0,0,1,1,0,330
0,0,0,1,1,0,0,1,331
0,0,0,1,1,0,0,0,332
0,0,0,1,1,0,0,0,333
0,0,0,1,1,0,0,1,334
0,0,0,0,0,1,1,0,335
0,1,0,1,1,0,0,0,336
1,0,0,0,0,0,0,0,337
1,1,0,0,0,0,0,0,338
0,0,1,0,0,1,0,0,339
1,1,0,0,0,0,0,0,340
0,0,0,1,1,0,0,1,341
0,0,0,1,0,0,0,0,342
0,1,0,0,0,0,0,0,343
0,0,0,0,1,0,0,0,344
0,0,0,1,0,1,1,0,345
0,0,1,0,0,1,0,0,346
1,1,1,0,0,0,0,0,347
0,0,0,1,0,0,0,1,348
0,1,0,0,0,0,0,1,349
1,0,0,0,0,0,0,0,350
0,0,1,0,0,0,0,0,351
0,1,0,0,0,0,1,0,352
0,0,0,0,1,0,1,0,353
1,0,1,0,0,0,0,0,354
0,1,0,0,0,0,0,0,355
0,0,0,0,0,0,0,1,356
0,0,0,1,1,0,0,1,357
0,0,1,0,0,1,1,0,358
1,1,0,0,0,0,0,0,359
0,0,1,0,0,0,0,0,360
0,0,0,1,1,0,0,1,361
0,0,0,1,1,0,0,1,362
0,0,0,1,1,0,0,1,363
0,0,1,1,1,0,0,0,364
0,0,0,1,0,1,1,1,365
1,1,1,0,0,0,0,0,366
0,0,1,0,0,1,1,0,367
1,0,1,0,1,0,0,0,368
1,0,1,0,0,1,1,0,369
0,0,0,0,0,0,0,1,370
0,0,0,1,0,0,0,0,371
0,1,0,1,1,0,0,0,372
0,0,1,0,0,1,1,0,373
1,0,1,0,0,0,0,0,374
0,0,1,0,0,1,1,0,375
0,0,1,0,1,0,0,1,376
0,0,1,0,0,1,1,0,377
0,0,0,1,1,0,0,1,378
0,0,0,1,1,0,0,0,379
0,0,0,1,0,0,0,1,380
1,1,0,0,0,0,0,0,381
0,0,1,0,0,1,0,0,382
0,0,1,0,0,1,1,0,383
0,0,0,0,1,0,1,0,384
1,0,0,0,0,0,0,0,385
0,0,0,1,0,0,0,1,386
1,0,0,0,0,0,0,0,387
1,0,1,0,0,0,0,0,388
0,0,0,0,0,1,0,1,389
0,0,1,0,0,1,1,0,390
0,0,1,0,1,1,0,0,391
0,0,0,0,0,0,1,0,392
0,1,0,0,0,0,0,0,393
0,0,0,0,0,1,0,0,394
0,0,0,0,1,0,0,1,395
0,0,1,0,0,1,1,0,396
0,0,1,0,0,1,1,0,397
0,0,1,1,0,1,1,0,398
0,0,0,1,1,0,0,0,399
0,0,0,0,0,1,1,0,400
1,1,1,0,0,0,0,0,401
0,1,0,0,1,1,1,0,402
1,1,0,0,0,0,0,0,403
0,0,1,0,0,1,1,0,404
0,0,0,1,0,0,0,0,405
1,1,1,0,0,0,0,0,406
1,0,1,0,0,0,0,0,407
0,0,0,1,1,0,0,1,408
0,0,0,1,1,0,0,1,409
0,0,0,1,1,0,0,0,410
0,0,0,1,1,0,0,0,411
0,0,0,0,0,0,0,1,412
1,1,0,0,0,0,0,0,413
0,0,0,0,1,0,1,0,414
0,0,0,1,0,0,0,0,415
1,0,1,0,0,0,0,0,416
1,1,1,0,0,0,0,0,417
0,0,0,0,0,0,1,0,418
0,1,1,0,0,0,0,0,419
1,1,0,0,0,0,0,0,420
1,1,1,0,0,0,0,0,421
0,1,1,0,0,0,0,0,422
0,0,0,0,0,0,1,0,423
0,0,0,1,1,0,0,1,424
0,0,0,0,0,1,1,0,425
0,0,1,0,0,1,1,0,426
0,0,0,0,0,1,0,0,427
0,0,0,0,0,1,0,0,428
0,1,0,0,1,0,0,0,429
0,0,1,0,0,1,1,0,430
0,0,1,0,0,0,0,0,431
0,0,1,0,0,1,1,0,432
1,1,1,0,0,0,0,0,433
0,0,1,0,1,1,1,0,434
1,0,1,0,0,1,0,0,435
0,0,1,0,0,0,1,0,436
1,1,1,0,1,0,0,0,437
0,0,1,0,0,1,1,0,438
0,0,1,0,0,1,1,0,439
0,0,1,0,0,0,1,0,440
1,0,0,0,0,0,0,0,441
0,0,1,0,0,1,1,0,442
0,0,1,1,1,0,1,1,443
0,0,1,0,1,1,0,0,444
1,0,1,0,0,0,0,0,445
1,0,0,1,1,0,0,1,446
0,0,1,0,0,1,1,0,447
1,0,1,0,0,0,0,0,448
0,0,1,0,0,1,1,0,449
0,0,1,0,0,1,0,0,450
0,1,1,0,0,0,0,0,451
0,0,0,0,0,0,0,1,452
1,1,0,0,0,0,0,0,453
1,0,0,1,0,0,1,0,454
0,0,0,1,0,0,0,1,455
0,0,0,0,1,1,1,0,456
1,1,0,0,0,0,0,0,457
0,0,1,1,1,0,0,1,458
0,1,0,1,1,0,0,1,459
0,0,1,0,0,1,1,0,460
0,0,0,0,0,1,1,0,461
1,1,0,0,0,0,0,0,462
0,1,1,0,0,0,0,0,463
0,1,0,0,0,0,0,0,464
0,0,0,1,0,0,0,1,465
1,1,1,0,0,0,0,0,466
1,0,0,0,0,1,0,0,467
1,0,1,0,0,0,0,0,468
0,0,1,0,0,1,1,0,469
0,0,0,0,0,0,0,1,470
1,0,1,0,0,0,1,0,471
0,0,0,1,1,0,0,1,472
0,1,1,0,0,0,0,0,473
0,0,0,1,0,0,0,0,474
0,1,1,0,0,0,1,0,475
0,0,0,1,1,0,0,1,476
0,0,0,1,1,0,0,1,477
1,1,0,0,0,0,0,0,478
0,0,0,1,1,0,0,1,479
0,1,0,0,0,1,1,0,480
0,1,0,0,0,0,0,0,481
0,0,0,0,0,1,0,0,482
0,0,0,0,0,1,0,0,483
0,0,1,1,0,1,1,0,484
0,0,0,0,0,1,1,0,485
0,0,1,0,0,0,0,0,486
0,0,1,0,0,1,1,0,487
0,1,1,0,0,0,0,0,488
1,1,1,0,0,1,0,0,489
0,1,1,0,0,0,0,1,490
1,0,0,0,1,0,0,0,491
0,0,0,0,1,1,1,0,492
0,0,0,1,1,0,0,1,493
0,0,0,0,0,1,1,1,494
0,1,0,0,0,0,0,0,495
1,1,0,0,0,0,0,0,496
1,1,1,0,0,0,1,0,497
0,0,0,1,1,0,0,1,498
0,0,0,0,1,0,0,1,499
0,0,0,1,0,0,0,1,500
0,1,1,0,0,0,0,1,501
0,1,0,0,0,1,0,0,502
1,1,1,0,0,0,0,1,503
1,1,1,0,0,0,0,0,504
0,0,1,0,0,1,1,0,505
0,0,0,0,0,1,0,0,506
0,0,0,0,1,0,0,0,507
1,0,1,0,0,0,0,0,508
0,0,0,1,0,0,0,0,509
0,0,1,0,0,0,1,1,510
0,0,0,0,0,0,0,1,511
0,0,0,0,0,1,0,0,512
0,0,0,0,0,1,0,1,513
0,0,0,1,1,0,0,1,514
0,0,1,1,0,1,1,0,515
0,0,1,0,0,0,0,0,516
1,1,0,0,0,0,0,0,517
1,1,1,0,0,0,0,0,518
0,0,0,1,1,0,0,1,519
1,0,0,0,0,0,0,0,520
0,0,1,1,0,0,0,0,521
0,0,0,1,1,0,0,1,522
0,1,1,0,0,0,1,0,523
1,1,0,0,0,1,0,0,524
1,1,0,1,0,0,0,1,525
0,0,0,1,1,0,0,0,526
0,0,0,0,1,0,0,0,527
0,1,1,0,0,0,0,0,528
0,0,0,0,0,0,1,0,529
0,0,1,0,0,0,1,0,530
0,0,1,0,0,0,1,0,531
0,0,0,1,0,0,0,1,532
0,0,1,0,1,0,0,1,533
0,0,0,0,0,0,0,1,534
0,1,1,0,0,0,0,0,535
1,0,0,0,0,1,1,0,536
0,0,0,1,1,0,0,0,537
0,0,0,1,1,0,1,0,538
0,0,1,0,0,1,0,0,539
0,1,0,0,0,0,0,0,540
0,0,1,0,0,0,1,0,541
0,1,1,0,0,0,0,0,542
1,1,1,1,0,0,0,0,543
0,0,0,0,0,1,1,1,544
1,1,1,0,0,0,0,0,545
0,0,0,0,0,0,0,1,546
0,0,0,1,1,0,0,1,547
1,0,0,0,0,0,0,0,548
0,0,0,1,1,0,0,1,549
1,1,0,0,0,0,0,0,550
0,0,1,1,0,0,0,0,551
1,0,0,1,0,0,0,0,552
1,0,1,0,0,0,0,0,553
1,1,1,0,0,0,0,0,554
0,0,0,1,1,0,0,0,555
0,0,1,0,0,0,0,0,556
0,0,0,0,0,0,1,0,557
0,0,1,0,0,0,1,1,558
0,0,0,1,0,0,0,1,559
0,0,1,0,0,0,1,0,560
0,0,0,1,0,0,0,1,561
1,0,1,0,0,0,0,0,562
0,0,1,0,1,1,0,0,563
0,1,1,0,0,1,1,0,564
0,1,0,1,0,0,0,1,565
0,0,0,1,1,0,0,0,566
0,0,0,1,0,0,0,1,567
1,1,1,0,0,0,0,0,568
0,0,1,1,0,0,0,1,569
0,0,1,0,0,1,0,0,570
0,1,0,0,0,0,0,0,571
0,0,1,0,0,1,0,0,572
0,0,0,1,1,0,0,1,573
1,1,1,0,0,0,0,0,574
1,1,1,0,0,0,0,0,575
0,0,0,1,1,0,0,1,576
1,1,0,0,0,0,1,0,577
0,0,1,0,0,0,1,0,578
0,0,1,0,0,1,1,0,579
0,0,1,0,1,0,1,0,580
0,0,1,0,0,0,0,0,581
0,0,0,0,0,1,0,0,582
1,0,1,0,0,0,0,0,583
0,1,1,0,0,1,1,0,584
0,0,1,0,0,1,0,0,585
0,0,1,0,0,0,0,0,586
1,1,0,0,0,0,0,0,587
0,0,1,0,0,0,1,0,588
0,1,0,0,0,0,0,1,589
0,0,0,0,1,0,1,0,590
0,0,0,0,0,1,1,0,591
0,0,1,1,1,0,0,1,592
0,0,1,0,0,0,0,0,593
0,0,1,0,0,1,1,0,594
0,1,1,0,0,0,0,0,595
1,1,1,0,0,0,1,0,596
0,0,1,1,0,0,1,0,597
0,0,1,0,1,1,1,0,598
0,0,0,0,1,0,1,1,599
0,0,0,0,1,0,0,0,600
0,0,0,0,1,1,0,0,601
1,1,1,0,0,0,0,0,602
1,1,1,0,1,0,0,0,603
0,0,1,0,0,1,1,1,604
0,0,0,1,0,0,0,1,605
0,0,0,1,1,0,1,1,606
0,1,1,0,1,1,0,0,607
0,0,0,0,1,0,0,0,608
0,0,0,0,0,0,0,1,609
0,1,0,0,0,0,0,0,610
0,1,1,0,0,0,0,0,611
0,0,1,0,0,0,0,0,612
1,0,1,0,1,0,0,0,613
0,1,0,0,0,0,0,0,614
1,1,1,0,1,0,0,0,615
0,0,1,0,0,1,0,0,616
0,0,0,1,1,0,0,1,617
0,0,1,0,0,0,1,0,618
0,0,0,0,0,1,1,0,619
0,0,1,0,0,0,1,0,620
0,1,1,0,0,1,0,0,621
0,0,1,0,0,0,0,1,622
1,0,1,0,0,1,0,0,623
1,1,0,0,0,0,0,0,624
0,0,1,0,0,1,1,0,625
1,1,1,0,0,0,0,0,626
0,0,0,0,1,0,0,1,627
0,0,0,1,0,1,0,0,628
1,1,0,0,0,0,1,0,629
0,0,0,1,1,0,0,1,630
0,0,0,1,0,0,0,1,631
0,1,1,0,0,0,0,0,632
0,0,0,1,0,0,0,1,633
0,1,1,0,0,1,0,0,634
1,1,1,0,0,0,0,0,635
0,0,0,0,0,1,0,0,636
0,0,1,0,1,1,1,1,637
0,0,1,0,0,1,0,0,638
0,1,1,0,1,0,0,0,639
0,1,0,0,0,0,0,0,640
0,0,1,0,0,1,1,0,641
0,0,0,0,0,1,1,1,642
0,0,0,1,1,0,0,0,643
0,0,0,1,0,0,0,0,644
0,0,0,1,0,0,0,1,645
0,0,0,0,0,1,1,1,646
0,0,0,1,1,0,0,1,647
0,0,1,0,0,0,0,0,648
0,0,1,0,0,0,0,0,649
1,0,0,1,1,0,0,1,650
1,0,1,1,0,0,1,0,651
0,0,0,1,1,0,0,1,652
0,0,0,1,1,0,0,0,653
0,1,1,0,0,0,0,0,654
0,0,0,1,1,0,0,1,655
0,0,0,1,1,0,0,0,656
1,1,0,1,0,0,0,0,657
0,0,0,0,0,0,0,1,658
0,0,1,0,0,0,0,0,659
0,0,1,0,0,0,1,0,660
