study_hours_week,attendance_percent,assignment_score,previous_gpa,final_gpa
10.6,67.4,72.1,2.93,2.26
1.9,85.4,92.8,1.47,2.14
6.7,54.9,52.2,3.07,2.06
8.2,60.3,44.8,3.18,2.36
5.6,85.0,65.7,2.53,1.93
11.7,52.7,54.3,1.33,1.55
12.4,49.3,37.1,3.54,2.55
5.4,58.4,60.1,2.55,1.5
14.2,96.9,72.6,2.01,2.2
8.3,75.3,79.0,3.68,3.14
6.8,79.1,67.3,1.72,1.88
19.5,83.0,45.8,1.85,2.52
18.7,57.3,90.2,3.87,3.83
14.5,65.9,70.6,2.42,2.9
17.2,78.4,51.9,1.26,2.16
11.5,93.1,56.5,2.38,2.28
11.4,70.5,38.0,2.8,2.28
22.0,95.4,43.6,1.44,2.47
18.1,75.6,95.9,2.21,3.3
13.4,87.7,61.1,3.02,2.58
12.6,75.0,76.2,3.09,2.48
23.0,54.0,70.9,1.35,2.65
12.8,79.2,95.6,3.28,2.88
1.4,80.7,64.7,3.61,1.87
15.2,67.7,82.4,2.52,2.77
13.8,82.3,82.3,3.16,2.7
5.3,76.8,58.2,3.77,2.79
11.2,65.0,36.6,2.85,2.24
11.7,89.1,62.5,2.64,2.41
1.8,57.3,82.8,3.27,2.25
1.3,65.3,49.5,3.68,2.15
3.2,88.5,78.0,2.33,1.71
12.3,87.4,55.0,2.34,2.06
18.1,66.2,62.7,1.89,2.48
16.4,90.4,72.5,1.84,3.01
2.2,73.7,43.1,2.6,1.43
11.1,96.4,80.3,2.84,2.42
16.2,77.2,45.1,3.9,3.22
15.7,94.7,90.6,2.71,3.21
6.8,72.5,78.2,2.94,2.55
23.5,74.7,54.8,3.24,3.38
13.5,97.3,54.9,3.63,3.06
4.1,64.9,70.9,3.82,2.38
10.4,82.7,82.4,3.13,2.38
22.7,84.6,69.1,1.31,2.45
6.5,53.2,68.9,2.02,1.97
13.2,53.5,79.1,1.8,2.37
19.8,75.4,58.0,3.18,2.99
10.2,84.3,54.7,3.38,2.23
6.8,98.9,57.8,1.7,2.04
2.1,75.1,71.1,1.42,1.51
10.2,61.6,90.3,2.41,2.49
1.4,69.7,37.5,1.9,1.16
16.5,55.3,95.7,3.38,3.19
17.4,51.8,96.1,1.95,2.69
4.1,99.5,49.5,2.64,1.99
11.6,53.0,72.3,2.91,2.73
6.6,99.1,86.1,2.92,2.6
1.2,57.7,88.4,1.57,1.55
3.8,74.8,96.6,2.39,2.02
7.7,83.6,55.2,1.74,1.56
4.0,76.4,83.5,1.33,1.93
20.2,50.4,98.6,3.04,3.6
8.7,59.8,98.9,3.4,2.22
19.6,87.8,58.2,3.1,3.48
2.7,59.3,60.2,2.17,1.34
10.9,80.2,63.2,1.23,2.02
13.7,71.5,73.4,3.75,2.95
4.5,89.6,56.3,3.7,2.18
21.0,49.2,56.3,3.31,3.03
18.9,92.7,55.5,3.77,3.66
15.1,68.3,35.2,2.87,2.38
4.9,51.4,78.9,2.14,1.65
11.2,52.0,83.5,2.79,2.39
8.1,54.3,50.9,1.45,0.99
23.4,97.2,89.1,1.73,2.9
21.6,89.7,74.2,3.75,3.75
14.3,75.5,81.0,2.09,2.41
5.7,59.8,71.0,3.43,2.39
17.8,94.9,65.9,1.97,2.68
5.1,85.7,42.5,2.96,1.6
14.2,76.9,39.5,2.74,2.67
3.4,89.4,79.8,2.03,1.89
4.6,54.4,48.9,1.97,1.42
3.8,91.0,45.2,1.22,1.45
3.4,51.1,48.1,2.8,1.27
19.5,79.0,40.8,3.58,2.82
15.4,67.4,59.0,1.88,1.91
1.8,80.1,72.9,3.59,2.59
13.3,54.1,52.8,2.44,2.41
11.2,50.7,39.7,2.59,2.05
12.4,70.4,58.7,3.88,2.86
6.0,94.4,96.4,1.92,2.34
22.4,84.3,84.1,3.88,4.0
4.9,64.9,64.4,3.56,2.33
14.1,71.1,62.1,1.55,2.14
8.7,61.0,89.5,1.58,1.83
17.3,64.1,79.0,3.68,3.52
15.6,99.6,49.2,2.88,3.15
6.7,74.6,85.3,2.45,2.39
1.2,48.5,37.1,3.26,1.25
1.7,59.3,59.0,2.58,1.95
2.9,96.1,54.7,3.79,2.33
2.3,92.3,54.7,1.51,1.25
4.9,99.3,75.5,2.66,2.37
19.6,57.8,90.4,3.23,3.24
20.5,57.8,47.1,1.29,2.22
23.6,80.9,35.9,2.67,3.19
7.7,77.5,98.5,2.13,2.68
1.0,85.8,65.2,3.32,2.07
13.7,57.8,83.3,3.3,2.54
3.8,69.5,49.3,1.73,1.47
16.3,50.1,81.2,2.54,2.83
4.9,87.3,67.6,3.68,2.32
22.5,91.5,91.5,3.51,3.68
17.6,78.2,49.9,2.83,2.93
5.6,61.1,89.3,3.23,2.49
3.2,98.1,69.4,3.39,2.26
2.5,55.1,93.8,3.01,2.24
21.5,94.2,56.6,3.28,3.5
13.7,70.3,97.7,1.34,2.3
19.7,89.3,49.9,3.18,2.86
15.1,67.6,75.7,2.92,2.77
9.4,62.7,98.5,3.6,2.86
21.0,97.0,92.4,2.42,3.06
4.1,65.0,60.5,1.88,1.33
17.1,84.6,75.1,1.7,2.51
19.1,91.5,69.4,1.59,2.66
12.6,94.4,73.4,2.53,2.82
10.2,58.2,60.2,1.88,2.0
18.7,60.7,46.5,3.38,2.68
21.1,76.3,61.7,3.58,2.94
10.4,77.4,74.6,1.53,2.42
19.2,80.2,91.0,3.4,3.53
12.8,77.3,61.5,2.11,1.82
20.1,59.8,59.6,1.26,2.37
7.1,92.2,53.0,2.77,2.34
9.8,93.4,51.2,2.59,2.26
18.1,56.6,39.9,2.31,2.14
6.8,56.5,53.6,2.41,2.07
23.9,66.7,68.0,2.35,2.98
9.4,87.3,63.5,1.98,2.02
18.3,79.0,51.3,1.37,2.6
8.4,78.1,41.4,2.75,2.03
15.0,97.7,92.5,2.39,2.75
4.0,49.0,40.2,2.86,1.22
12.6,90.7,79.6,3.4,3.13
16.0,98.0,68.3,1.26,1.89
14.9,85.2,97.7,3.04,3.55
5.1,60.0,53.8,1.43,1.18
6.5,64.9,52.1,3.41,2.03
23.3,54.9,75.3,1.57,2.57
21.8,62.8,84.7,1.54,2.38
13.2,73.2,67.0,1.63,1.98
18.9,72.6,62.2,1.5,2.38
3.9,67.4,69.3,2.8,1.91
19.9,72.5,63.3,2.75,3.46
21.3,91.7,38.9,1.46,2.18
1.7,71.0,67.9,3.03,1.88
8.8,61.7,80.0,3.49,3.28
21.0,49.9,43.3,2.97,2.75
5.7,70.6,93.3,3.36,2.53
4.7,95.0,44.5,3.82,2.94
8.0,52.3,74.3,2.65,2.38
15.8,63.0,65.3,3.68,3.45
16.4,87.7,83.7,1.34,2.27
13.1,82.8,60.4,2.85,2.43
11.0,78.8,63.2,2.96,2.61
15.6,71.7,58.6,1.76,2.4
5.7,87.7,37.2,2.56,1.71
20.1,75.2,90.2,2.92,3.58
1.3,88.2,82.6,3.0,2.28
3.2,66.8,76.5,3.37,1.6
15.1,61.0,90.6,1.28,2.26
19.2,55.2,73.9,2.4,2.5
3.0,59.1,70.6,3.5,2.55
8.7,92.2,89.6,1.95,2.09
3.3,64.0,67.4,3.08,2.32
18.1,91.0,96.2,3.49,4.0
3.8,80.4,54.8,1.33,1.38
21.7,86.7,46.2,2.12,3.02
13.2,83.8,81.2,2.98,2.99
8.5,51.1,60.2,3.45,2.42
5.9,53.3,60.7,2.91,1.66
10.7,76.0,41.3,2.2,1.88
22.9,96.6,78.5,2.9,3.55
8.1,61.9,79.0,2.05,2.02
12.2,49.5,35.7,2.56,2.33
11.7,75.0,58.4,1.6,1.72
17.3,62.7,46.4,3.23,2.54
18.7,93.4,83.3,2.47,2.73
4.2,57.5,56.3,3.22,2.32
23.9,62.7,88.1,3.39,3.67
20.7,62.8,91.9,3.55,3.58
5.4,81.4,55.8,1.48,1.69
4.3,59.8,74.0,3.56,2.4
11.7,97.6,59.6,2.31,2.05
23.4,56.6,61.3,2.14,2.98
8.5,90.3,37.9,3.0,2.35
17.9,52.7,36.5,3.92,3.01
20.1,94.5,87.9,1.96,3.17
16.4,92.6,39.4,1.73,2.57
11.0,91.3,49.2,3.77,3.34
18.7,95.7,53.2,3.35,2.96
18.5,75.9,62.6,3.44,2.98
7.8,48.7,49.0,1.21,0.89
4.9,87.3,96.9,3.84,2.42
18.4,62.4,41.6,3.4,3.03
5.3,78.0,49.4,1.99,1.44
3.8,61.9,35.9,1.81,0.99
23.4,78.0,48.8,1.43,2.47
21.8,60.1,82.3,3.9,3.67
7.6,61.2,53.0,2.45,1.77
2.0,60.7,59.4,3.05,2.17
22.2,99.5,44.6,2.27,3.02
17.8,69.8,59.3,3.2,3.1
4.5,94.3,46.3,3.22,2.0
14.5,68.0,95.4,1.47,2.89
8.0,49.9,73.6,2.84,2.13
19.0,62.5,63.0,2.86,2.99
5.5,57.3,41.7,1.49,1.32
18.8,91.2,61.6,1.99,2.58
11.5,60.3,36.9,3.75,2.8
17.7,50.9,78.1,3.06,2.85
23.7,72.9,65.8,2.71,3.26
15.7,82.3,90.1,1.23,2.55
6.6,93.4,60.1,1.54,2.37
10.5,84.7,75.7,2.22,2.01
11.1,99.9,73.5,1.75,2.21
9.5,99.8,52.0,3.92,2.89
20.7,54.6,52.6,1.35,1.96
13.6,94.2,87.6,1.34,2.58
21.9,66.2,84.4,2.75,3.05
15.4,73.0,88.8,3.66,3.38
16.7,95.5,43.3,1.41,2.21
8.7,49.1,37.4,2.99,1.87
21.9,74.0,39.4,2.49,2.22
9.0,76.1,98.9,2.46,2.73
1.5,89.6,43.9,2.12,1.13
20.8,54.9,77.2,3.26,2.91
14.1,89.2,56.4,3.03,2.63
5.9,55.6,47.7,2.53,1.82
17.3,84.7,95.1,3.85,3.64
15.8,80.0,94.7,2.69,2.82
20.1,65.6,63.2,2.6,2.72
14.1,77.7,60.2,2.55,2.26
20.9,61.3,96.3,1.26,2.51
9.1,98.4,97.8,1.54,2.11
11.4,72.6,96.0,2.45,2.59
9.9,72.1,47.5,1.78,1.65
23.8,99.3,95.3,3.02,3.42
19.9,48.3,48.8,3.44,3.24
9.8,55.1,91.6,1.83,2.58
12.2,85.7,55.8,3.12,2.33
8.2,69.6,43.9,2.37,1.35
22.4,99.7,88.8,3.75,3.78
5.3,51.7,84.3,3.48,2.56
2.3,48.5,39.1,2.27,1.23
7.8,69.6,81.5,1.3,1.33
15.7,49.1,67.7,2.94,2.42
16.9,62.5,68.6,1.59,1.97
17.0,60.7,65.7,2.36,2.88
21.5,82.1,47.6,1.34,2.76
1.9,69.7,48.5,1.44,1.17
4.9,48.6,98.9,2.2,1.92
3.1,57.4,86.7,2.58,1.74
7.8,82.1,85.5,2.83,2.35
10.9,68.3,72.5,1.5,2.1
8.4,65.9,47.5,1.8,1.35
17.9,50.2,68.5,3.54,3.04
1.8,90.5,82.0,1.48,1.65
19.7,93.8,50.5,3.42,3.41
6.3,58.9,52.8,1.54,1.19
14.3,88.0,92.6,3.73,3.38
4.1,57.6,60.4,1.49,1.16
7.4,99.2,98.3,1.46,2.3
2.6,60.6,89.6,1.83,1.55
14.7,73.7,38.7,3.76,2.69
3.2,55.4,62.2,1.39,1.7
11.3,85.5,38.3,2.01,2.04
17.9,69.6,45.6,1.48,2.2
20.9,94.5,72.5,3.88,3.68
23.6,94.1,35.7,3.36,3.67
14.4,60.1,69.2,3.3,2.82
2.8,94.6,90.1,2.27,1.92
9.2,98.4,52.3,3.13,2.64
15.1,55.5,69.5,3.05,2.29
20.5,94.4,86.2,1.58,3.19
20.1,79.4,54.4,1.7,2.3
20.9,91.0,39.9,3.7,3.49
12.1,53.6,72.2,2.8,2.21
19.4,78.8,46.3,1.35,2.34
2.8,84.6,78.1,2.99,2.23
4.4,81.4,97.2,1.56,2.0
22.0,99.7,38.9,1.25,2.46
20.5,50.0,59.6,1.5,2.5
23.4,91.8,80.3,2.43,3.61
12.2,80.5,90.7,2.57,2.74
13.5,81.1,79.4,1.45,2.19
5.1,66.2,76.7,3.54,2.4
10.1,97.8,46.1,1.44,1.8
18.5,89.8,44.0,2.65,2.47
15.9,57.4,74.4,2.28,2.19
2.8,59.5,53.8,3.81,2.06
11.2,82.7,60.0,3.19,2.52
23.9,62.0,81.7,1.68,2.91
3.6,55.8,47.4,2.85,1.59
16.3,96.8,40.0,3.13,3.27
2.8,91.0,42.4,1.53,1.35
5.3,70.4,91.4,2.02,2.06
11.2,69.5,37.3,2.76,2.14
16.6,93.6,44.5,1.65,1.96
10.4,99.9,82.0,2.21,2.33
1.9,90.8,36.6,3.85,2.01
20.0,77.8,49.1,3.8,3.52
16.7,65.9,82.9,2.75,2.94
5.3,83.2,54.2,2.51,1.84
5.6,56.3,46.7,2.92,2.02
23.2,93.8,48.7,2.18,3.43
2.2,53.5,94.7,3.81,2.58
22.2,57.8,54.6,3.75,3.31
15.0,58.0,58.8,1.72,2.0
21.1,90.2,70.3,2.05,2.5
2.4,96.3,74.7,2.84,2.32
7.2,99.2,43.6,1.99,2.11
7.7,76.0,43.0,1.24,1.49
18.1,85.0,65.3,3.06,3.12
1.3,76.2,64.0,1.4,1.72
3.1,67.8,83.8,3.04,2.28
2.1,92.5,91.9,3.43,2.74
4.3,78.4,98.2,3.54,2.65
2.9,99.0,66.1,3.37,2.57
11.0,98.9,94.5,2.04,2.71
14.5,78.1,44.2,3.05,2.56
7.5,73.7,65.2,3.86,2.85
2.2,83.3,76.6,3.12,2.06
3.3,58.0,69.5,1.77,1.29
15.3,78.2,62.9,2.13,2.77
12.4,79.3,65.5,1.57,2.03
22.7,70.4,67.2,2.25,3.28
20.8,94.9,78.9,3.61,3.88
14.6,77.1,98.4,3.17,3.59
9.4,55.0,37.2,3.8,2.26
13.8,58.8,82.4,2.46,2.58
21.5,85.3,41.0,1.65,2.78
1.8,80.5,73.5,2.99,2.1
10.3,54.2,44.0,1.22,0.95
20.3,76.0,97.7,1.95,2.96
7.8,78.2,68.0,3.33,2.55
19.2,96.1,88.6,2.69,3.64
10.6,94.3,95.4,2.96,2.6
19.0,90.7,97.2,1.53,2.52
22.3,82.2,69.9,1.87,2.81
13.2,77.8,92.8,2.73,2.93
6.1,87.0,72.0,1.65,1.32
17.0,50.1,60.6,2.1,2.36
20.6,86.7,91.6,3.45,3.74
4.8,72.7,70.1,2.08,1.48
1.5,71.4,85.4,3.47,2.14
11.8,77.9,89.4,3.03,2.89
9.7,80.8,66.3,3.23,2.68
9.3,48.5,73.7,1.47,1.63
21.8,49.8,67.6,3.32,3.12
1.1,68.6,61.5,3.91,2.18
6.8,72.2,51.7,2.53,2.42
22.6,93.1,66.5,3.04,3.5
8.9,50.7,41.7,1.67,1.37
5.2,58.1,56.2,2.55,1.88
21.2,58.4,92.8,1.3,2.38
4.0,57.0,73.7,1.51,1.24
8.9,85.1,94.2,3.21,2.77
21.0,51.1,52.3,1.74,2.17
1.5,55.9,96.5,1.54,1.34
5.8,57.4,82.0,1.32,1.9
22.0,84.6,93.4,2.67,3.67
2.0,50.3,89.8,3.56,2.13
7.6,78.1,44.3,2.12,1.78
18.5,55.5,63.9,1.26,1.95
17.1,83.3,42.0,2.29,2.61
2.6,91.3,39.5,2.74,1.44
17.1,54.4,79.5,2.59,2.54
12.0,99.8,96.9,1.29,2.19
16.6,89.9,84.8,3.88,3.5
6.5,81.7,64.8,2.84,2.25
7.5,97.8,41.4,2.36,1.9
16.8,76.6,91.1,3.38,3.51
6.7,87.1,38.0,2.41,1.66
10.1,63.1,60.2,3.82,2.54
12.6,58.5,98.0,1.68,2.59
15.7,93.2,49.9,3.81,3.0
17.6,89.6,77.2,1.26,2.36
2.0,80.2,39.6,2.25,1.08
4.1,63.6,48.4,3.87,2.38
23.6,64.5,40.7,2.62,3.11
16.5,58.4,49.2,1.5,2.23
4.0,84.2,62.9,2.75,2.0
23.5,85.2,72.6,1.77,2.56
5.4,61.7,62.1,2.5,2.02
15.9,70.9,43.8,3.47,3.01
10.9,51.3,42.7,1.58,1.85
22.8,48.9,78.6,2.21,2.85
18.6,94.4,72.2,3.89,3.28
22.4,92.7,68.7,2.94,3.52
6.0,79.9,81.0,2.18,1.68
2.1,93.8,80.4,3.4,2.43
21.0,92.3,78.8,3.85,3.76
11.4,99.3,42.9,1.22,1.94
9.1,66.3,42.4,2.64,1.76
17.5,50.8,37.8,3.49,2.67
23.1,57.1,83.2,3.73,3.43
6.9,81.0,54.3,1.9,2.06
9.4,62.7,72.4,1.87,2.24
12.2,71.5,93.9,2.49,2.98
8.2,78.4,59.7,2.02,2.33
12.5,63.9,54.9,2.05,2.02
13.5,54.8,36.0,1.48,1.56
8.3,50.8,46.9,2.14,1.51
10.2,79.0,39.6,1.85,1.92
9.4,79.3,95.7,2.49,2.5
20.7,60.3,79.3,2.33,3.11
22.9,77.9,43.4,1.6,2.48
15.4,49.4,58.2,3.7,3.21
21.1,83.7,52.4,2.58,3.28
7.0,76.6,81.6,3.18,2.44
21.7,69.6,50.6,3.7,3.77
8.0,53.1,90.8,3.51,2.15
7.8,89.7,66.2,2.68,2.01
10.8,92.9,68.1,3.47,2.8
3.1,93.6,59.6,1.38,1.61
21.2,52.0,91.9,2.06,2.78
14.4,88.1,49.9,2.29,2.18
6.5,81.8,93.0,2.62,2.4
4.0,57.2,64.2,2.44,1.48
19.5,56.5,50.6,2.26,2.49
21.1,60.6,52.4,2.16,2.84
11.9,77.2,55.8,3.68,2.65
12.9,63.3,97.4,3.12,2.92
19.7,54.3,86.2,2.69,3.09
3.5,69.1,81.6,3.51,2.91
23.0,79.4,93.9,2.83,3.52
3.7,49.2,97.9,3.46,2.69
8.5,79.7,74.4,2.08,1.67
9.7,52.7,88.9,2.4,2.4
16.0,92.5,45.2,2.72,2.64
12.1,66.2,45.1,1.53,1.8
18.0,54.5,38.4,1.82,2.23
1.8,84.8,94.9,3.86,2.77
4.5,61.3,73.7,3.61,2.39
1.3,63.6,91.3,3.14,1.81
2.2,78.0,61.7,1.44,1.28
9.6,77.6,59.1,2.31,2.47
5.3,48.8,64.7,3.95,2.54
23.7,48.4,71.4,2.95,3.45
22.2,48.3,97.9,2.45,2.95
20.2,61.3,82.3,1.43,2.54
2.3,99.6,73.9,1.97,1.96
15.9,85.6,84.9,3.89,3.73
4.9,55.9,44.4,2.13,1.08
16.2,79.9,89.5,1.28,2.25
18.2,59.8,94.8,1.97,2.89
12.2,74.0,52.5,1.22,1.65
9.6,83.1,82.3,2.2,2.29
7.1,78.8,81.5,3.58,3.03
2.0,93.5,78.6,3.14,2.39
10.4,86.3,76.2,2.42,2.58
22.2,54.8,38.7,1.44,1.83
14.3,91.8,73.6,3.47,3.26
19.3,86.1,37.5,2.24,2.47
12.9,66.7,55.1,1.32,1.76
13.8,61.6,59.1,2.69,2.35
8.6,99.8,74.5,2.6,2.38
12.7,77.7,78.7,2.34,2.31
17.2,51.1,61.3,3.58,2.69
1.2,65.6,62.2,3.13,2.3
5.6,81.1,86.0,2.64,2.64
5.3,74.5,52.1,1.45,1.49
10.2,81.9,49.0,1.57,1.8
8.9,58.6,45.1,1.6,1.63
10.8,60.6,97.3,2.57,2.39
19.9,74.6,35.9,1.37,2.02
12.6,92.0,58.8,1.8,2.1
13.0,84.8,75.3,2.48,2.86
20.8,74.8,55.3,3.02,3.24
7.7,88.3,67.7,2.33,2.19
3.6,50.2,59.2,2.8,1.74
3.9,97.6,40.2,2.4,1.43
17.8,70.9,62.6,2.89,3.21
5.8,61.5,73.4,1.97,1.63
11.7,99.8,47.5,3.35,2.46
8.1,51.3,62.1,2.35,1.46
3.7,65.8,44.2,3.44,2.06
10.1,78.3,91.3,3.21,2.89
15.8,95.5,88.2,3.4,3.4
4.3,48.5,76.0,1.48,1.49
16.5,75.3,54.5,1.36,1.94
23.1,58.9,52.4,1.93,2.84
4.9,85.0,70.5,3.61,2.53
17.1,82.2,44.3,1.84,2.46
9.0,52.9,45.8,2.35,1.71
16.8,74.9,40.5,2.92,2.98
16.8,95.9,78.6,2.5,3.18
3.2,63.3,57.9,1.88,1.72
17.4,90.1,36.7,3.39,2.92
20.9,90.9,94.8,2.15,2.88
2.2,94.4,36.8,3.13,1.82
5.1,68.2,71.0,1.83,1.58
9.2,87.8,43.7,2.22,2.45
14.2,52.9,81.4,2.13,2.68
14.8,51.0,38.4,2.26,1.83
17.4,89.0,57.4,3.71,3.51
8.1,78.8,77.4,2.37,2.4
16.3,99.8,81.2,1.55,2.87
17.4,88.5,45.6,2.08,2.47
8.2,62.8,94.8,3.88,2.64
6.9,72.4,49.8,3.72,2.43
15.3,52.5,85.3,1.52,2.13
6.4,51.5,50.8,1.89,1.53
14.5,74.4,37.2,1.68,1.77
6.0,74.0,50.9,2.07,1.6
21.5,53.7,65.5,1.53,2.69
23.2,69.9,66.9,1.37,2.83
20.9,77.0,69.8,2.71,2.64
11.5,73.9,71.2,2.09,2.14
7.5,76.1,95.6,3.26,3.17
18.9,57.8,72.8,3.4,3.23
13.1,76.8,98.6,3.46,3.08
13.7,87.2,60.3,3.77,3.44
11.3,86.5,85.5,2.75,2.7
2.6,53.1,72.1,1.61,1.04
15.9,98.6,90.5,3.7,3.76
6.3,97.7,57.3,1.59,1.69
4.7,83.4,75.5,2.65,2.2
5.3,76.2,81.0,3.29,2.51
13.0,49.6,51.0,3.11,2.58
18.3,69.8,49.7,3.32,3.18
4.5,63.9,75.8,3.25,2.29
10.0,56.6,62.2,2.45,1.56
18.9,49.1,95.5,2.08,2.68
13.9,64.4,72.2,1.86,2.48
18.7,70.3,89.2,1.83,2.96
8.5,54.5,45.5,1.4,1.6
16.8,53.9,45.3,2.96,2.79
8.3,53.1,54.2,3.21,2.23
2.1,72.2,54.4,2.9,1.56
13.3,82.7,65.9,2.41,2.39
10.3,61.7,43.4,2.12,1.82
13.3,63.9,56.9,3.47,2.66
18.8,97.0,66.6,1.92,2.55
2.5,82.0,81.3,2.74,2.27
23.0,92.3,89.0,2.66,3.45
11.6,76.6,60.6,1.62,1.72
11.6,94.8,64.0,2.87,2.98
18.3,87.7,36.1,3.01,2.63
8.6,73.2,57.7,2.59,2.59
10.6,63.1,92.7,3.17,2.91
5.1,51.7,90.4,1.86,1.69
15.8,48.4,98.6,2.5,2.34
3.1,48.0,57.3,3.08,1.98
9.2,75.4,41.9,2.76,2.12
5.7,74.3,66.3,2.73,2.07
19.9,64.2,37.9,1.49,2.03
21.4,80.7,73.0,3.15,3.48
8.4,75.6,57.9,3.54,2.66
3.0,69.0,61.7,3.94,2.65
6.2,55.3,54.6,1.63,1.32
8.7,56.2,67.1,3.05,2.39
23.7,88.7,48.1,2.58,3.0
16.2,60.8,49.2,1.41,2.24
16.0,62.4,55.4,1.46,2.25
8.0,76.3,50.7,2.6,2.47
23.1,81.9,54.1,3.02,2.97
6.1,94.8,91.9,1.62,1.95
10.0,74.3,41.0,3.85,2.54
17.7,64.5,62.4,2.61,2.37
20.2,98.8,63.7,1.83,3.01
7.2,76.2,75.1,3.4,3.07
20.0,60.5,39.3,2.56,2.77
2.5,68.8,63.4,2.68,1.77
6.1,60.9,68.0,1.72,1.6
14.0,56.1,66.8,3.68,2.69
11.0,98.4,85.3,2.46,2.62
10.6,58.4,92.9,1.31,2.36
20.3,83.8,61.2,3.64,3.36
21.8,98.8,49.9,3.38,3.36
20.8,74.9,44.3,2.88,3.24
7.9,58.5,94.5,2.96,3.01
1.1,79.7,75.3,3.27,1.8
9.8,57.2,54.5,2.62,1.9
1.0,51.0,81.1,3.25,2.08
10.7,63.1,94.5,3.22,2.68
18.6,55.6,41.9,3.24,3.13
11.8,72.8,95.0,2.96,3.02
19.8,48.2,54.6,3.36,3.07
17.3,92.5,83.0,2.82,3.1
15.1,88.8,93.6,2.91,3.36
11.0,79.6,64.2,3.06,2.79
21.5,51.8,43.6,3.0,2.99
12.0,95.2,38.1,3.63,2.75
19.5,76.0,57.2,3.6,3.21
4.9,71.1,55.3,2.84,2.45
21.4,49.2,46.4,2.07,2.39
8.1,82.6,84.8,3.5,3.04
7.7,93.7,92.2,2.96,2.7
13.2,66.2,86.2,3.44,2.65
3.0,53.2,79.3,2.15,1.69
11.1,69.9,61.8,1.51,2.12
2.2,87.0,86.8,3.7,2.56
1.3,72.8,57.9,3.68,2.09
16.0,92.8,41.3,1.69,2.06
16.2,73.3,55.4,1.31,1.93
12.7,65.3,45.2,1.44,1.82
14.5,82.1,72.3,3.0,2.87
9.7,93.4,57.0,1.73,1.89
14.0,99.3,56.0,1.68,2.33
8.5,89.3,87.6,3.21,2.87
15.4,75.9,47.4,3.74,2.78
8.6,75.2,93.2,1.44,1.87
22.6,85.7,91.7,1.37,2.99
8.4,95.1,94.6,2.09,2.08
7.7,70.8,93.4,3.54,2.95
22.6,78.9,47.9,2.32,2.74
10.8,71.5,85.8,2.28,2.13
14.5,50.4,67.5,1.61,2.02
6.1,75.7,52.3,2.84,2.09
10.4,65.8,57.4,1.63,1.98
4.3,52.9,94.5,3.26,2.77
20.7,54.8,64.8,2.58,3.04
14.4,75.4,75.0,2.64,2.62
1.4,94.9,80.9,3.07,2.37
9.6,67.6,74.6,3.7,2.52
3.4,67.4,50.5,3.1,1.8
7.1,62.5,83.4,1.43,1.54
5.8,63.3,41.6,2.55,1.76
12.3,66.5,79.9,3.92,3.13
2.8,64.9,94.7,1.49,1.65
18.3,97.5,41.4,2.92,2.77
22.1,89.9,94.6,3.11,3.52
11.6,59.1,52.2,2.33,1.68
21.1,87.7,61.9,3.16,3.54
2.2,84.3,53.3,2.06,1.48
1.0,96.2,65.7,1.96,1.73
15.1,72.2,48.9,2.02,2.43
21.1,84.3,95.8,1.73,3.05
1.8,97.1,75.7,3.57,2.8
6.9,86.5,46.8,1.89,1.79
17.6,62.7,65.6,3.65,3.08
17.8,91.4,77.8,2.42,2.73
6.0,51.4,94.7,2.04,1.74
22.3,82.2,73.4,3.31,3.29
21.5,60.1,86.4,3.08,3.41
19.9,79.1,90.1,3.47,3.71
11.0,58.1,63.2,1.87,2.17
5.8,63.7,98.9,3.23,2.45
6.6,75.2,55.0,3.37,2.37
4.4,97.1,93.1,3.08,2.51
3.4,56.2,48.1,2.99,1.89
14.9,86.1,39.2,1.89,2.53
5.4,97.3,38.4,1.77,1.56
21.4,80.0,37.6,3.28,3.17
10.7,68.6,53.8,3.81,2.91
12.1,99.4,97.3,2.23,2.7
21.1,78.0,47.6,3.68,3.26
2.6,78.1,58.8,3.3,1.68
13.7,80.3,72.7,1.98,2.48
6.2,83.5,72.0,3.84,2.81
4.7,68.8,86.2,2.77,2.46
1.3,83.1,80.2,2.8,2.36
16.8,48.2,61.2,3.44,3.23
11.3,53.0,98.2,1.79,2.03
21.3,83.9,44.6,1.87,2.56
16.2,95.6,50.7,1.62,2.42
8.0,65.6,35.0,1.66,1.47
4.9,56.4,59.1,2.68,2.01
19.0,51.0,41.9,2.2,2.58
17.3,58.0,94.8,3.9,2.89
22.1,85.8,44.1,2.22,2.78
3.1,58.6,50.9,1.26,1.23
5.0,65.6,75.5,1.67,1.22
1.6,89.5,91.2,1.54,1.93
8.2,69.8,73.5,1.36,2.01
