source_row,make,model,eng_size,cylinders,co2,duplicate_exact,vehicle_family,engine_per_cylinder
1,ACURA,ILX,2.0,4,196,False,ACURA | ILX,0.5
2,ACURA,ILX,2.4,4,221,False,ACURA | ILX,0.6
3,ACURA,ILX HYBRID,1.5,4,136,False,ACURA | ILX HYBRID,0.375
4,ACURA,TSX,2.4,4,212,False,ACURA | TSX,0.6
5,ACURA,TSX,2.4,4,225,False,ACURA | TSX,0.6
6,ACURA,TSX,3.5,6,239,False,ACURA | TSX,0.583
7,AUDI,A4,2.0,4,202,False,AUDI | A4,0.5
8,AUDI,A4 QUATTRO,2.0,4,230,False,AUDI | A4 QUATTRO,0.5
9,AUDI,A4 QUATTRO,2.0,4,214,False,AUDI | A4 QUATTRO,0.5
10,AUDI,S4,3.0,6,262,False,AUDI | S4,0.5
11,AUDI,S4,3.0,6,285,False,AUDI | S4,0.5
12,BMW,320I,2.0,4,193,False,BMW | 320I,0.5
13,BMW,320I,2.0,4,200,False,BMW | 320I,0.5
14,BMW,320I XDRIVE,2.0,4,202,False,BMW | 320I XDRIVE,0.5
15,BMW,328D XDRIVE,2.0,4,181,False,BMW | 328D XDRIVE,0.5
16,BMW,328I,2.0,4,193,False,BMW | 328I,0.5
17,BMW,328I,2.0,4,200,False,BMW | 328I,0.5
18,BMW,328I XDRIVE,2.0,4,209,False,BMW | 328I XDRIVE,0.5
19,BMW,335I,3.0,6,221,False,BMW | 335I,0.5
20,BMW,335I,3.0,6,230,False,BMW | 335I,0.5
21,BMW,335I XDRIVE,3.0,6,228,False,BMW | 335I XDRIVE,0.5
22,BMW,335I XDRIVE,3.0,6,237,False,BMW | 335I XDRIVE,0.5
23,BMW,428I COUPE,2.0,4,193,False,BMW | 428I COUPE,0.5
24,BMW,428I COUPE,2.0,4,200,False,BMW | 428I COUPE,0.5
25,BMW,428I XDRIVE COUPE,2.0,4,209,False,BMW | 428I XDRIVE COUPE,0.5
26,BMW,435I COUPE,3.0,6,221,False,BMW | 435I COUPE,0.5
27,BMW,435I COUPE,3.0,6,230,False,BMW | 435I COUPE,0.5
28,BMW,435I XDRIVE COUPE,3.0,6,228,False,BMW | 435I XDRIVE COUPE,0.5
29,BMW,435I XDRIVE COUPE,3.0,6,237,False,BMW | 435I XDRIVE COUPE,0.5
30,BMW,640I XDRIVE GRAN COUPE,3.0,6,232,False,BMW | 640I XDRIVE GRAN COUPE,0.5
31,BMW,650I XDRIVE COUPE,4.4,8,281,False,BMW | 650I XDRIVE COUPE,0.55
32,BMW,650I XDRIVE GRAN COUPE,4.4,8,292,False,BMW | 650I XDRIVE GRAN COUPE,0.55
33,BMW,ACTIVEHYBRID 3,3.0,6,191,False,BMW | ACTIVEHYBRID 3,0.5
34,BMW,M6,4.4,8,338,False,BMW | M6,0.55
35,BMW,M6,4.4,8,317,False,BMW | M6,0.55
36,BMW,M6 GRAN COUPE,4.4,8,338,False,BMW | M6 GRAN COUPE,0.55
37,BMW,M6 GRAN COUPE,4.4,8,317,False,BMW | M6 GRAN COUPE,0.55
38,BUICK,VERANO,2.0,4,228,False,BUICK | VERANO,0.5
39,BUICK,VERANO,2.0,4,225,False,BUICK | VERANO,0.5
40,BUICK,VERANO,2.4,4,218,False,BUICK | VERANO,0.6
41,CADILLAC,ATS,2.0,4,221,False,CADILLAC | ATS,0.5
42,CADILLAC,ATS,2.0,4,235,False,CADILLAC | ATS,0.5
43,CADILLAC,ATS,2.5,4,207,False,CADILLAC | ATS,0.625
44,CADILLAC,ATS,3.6,6,251,False,CADILLAC | ATS,0.6
45,CADILLAC,ATS AWD,2.0,4,232,False,CADILLAC | ATS AWD,0.5
46,CADILLAC,ATS AWD,3.6,6,260,False,CADILLAC | ATS AWD,0.6
47,CHEVROLET,CAMARO,3.6,6,258,False,CHEVROLET | CAMARO,0.6
48,CHEVROLET,CAMARO,3.6,6,269,False,CHEVROLET | CAMARO,0.6
49,CHEVROLET,CAMARO 2LS,3.6,6,242,False,CHEVROLET | CAMARO 2LS,0.6
50,CHEVROLET,CAMARO SS,6.2,8,294,False,CHEVROLET | CAMARO SS,0.775
51,CHEVROLET,CAMARO SS,6.2,8,292,False,CHEVROLET | CAMARO SS,0.775
52,CHEVROLET,CAMARO ZL1,6.2,8,382,False,CHEVROLET | CAMARO ZL1,0.775
53,CHEVROLET,CAMARO ZL1,6.2,8,340,False,CHEVROLET | CAMARO ZL1,0.775
54,CHEVROLET,SONIC,1.4,4,184,False,CHEVROLET | SONIC,0.35
55,CHEVROLET,SONIC,1.4,4,173,False,CHEVROLET | SONIC,0.35
56,CHEVROLET,SONIC,1.8,4,191,False,CHEVROLET | SONIC,0.45
57,CHEVROLET,SONIC,1.8,4,182,False,CHEVROLET | SONIC,0.45
58,CHEVROLET,SONIC RS,1.4,4,191,False,CHEVROLET | SONIC RS,0.35
59,CHEVROLET,SONIC RS,1.4,4,184,False,CHEVROLET | SONIC RS,0.35
60,CHRYSLER,200 CONVERTIBLE,2.4,4,232,False,CHRYSLER | 200 CONVERTIBLE,0.6
61,CHRYSLER,200 CONVERTIBLE,2.4,4,246,False,CHRYSLER | 200 CONVERTIBLE,0.6
62,CHRYSLER,200 CONVERTIBLE FFV,3.6,6,242,False,CHRYSLER | 200 CONVERTIBLE FFV,0.6
63,CHRYSLER,200 CONVERTIBLE FFV,3.6,6,230,False,CHRYSLER | 200 CONVERTIBLE FFV,0.6
64,FORD,FIESTA ST,1.6,4,184,False,FORD | FIESTA ST,0.4
65,FORD,FOCUS,2.0,4,205,False,FORD | FOCUS,0.5
66,FORD,FOCUS FFV,2.0,4,177,False,FORD | FOCUS FFV,0.5
67,FORD,FOCUS FFV,2.0,4,165,False,FORD | FOCUS FFV,0.5
68,FORD,FOCUS FFV,2.0,4,179,False,FORD | FOCUS FFV,0.5
69,FORD,FOCUS FFV,2.0,4,165,True,FORD | FOCUS FFV,0.5
70,FORD,FOCUS FFV,2.0,4,184,False,FORD | FOCUS FFV,0.5
71,FORD,FOCUS FFV,2.0,4,170,False,FORD | FOCUS FFV,0.5
72,FORD,FOCUS SFE FFV,2.0,4,166,False,FORD | FOCUS SFE FFV,0.5
73,FORD,FOCUS SFE FFV,2.0,4,162,False,FORD | FOCUS SFE FFV,0.5
74,HONDA,CIVIC,1.8,4,161,False,HONDA | CIVIC,0.45
75,HONDA,CIVIC,1.8,4,166,False,HONDA | CIVIC,0.45
76,HONDA,CIVIC,1.8,4,175,False,HONDA | CIVIC,0.45
77,HYUNDAI,ACCENT,1.6,4,177,False,HYUNDAI | ACCENT,0.4
78,HYUNDAI,ACCENT,1.6,4,177,True,HYUNDAI | ACCENT,0.4
79,HYUNDAI,VELOSTER,1.6,4,177,False,HYUNDAI | VELOSTER,0.4
80,HYUNDAI,VELOSTER,1.6,4,184,False,HYUNDAI | VELOSTER,0.4
81,HYUNDAI,VELOSTER TURBO,1.6,4,202,False,HYUNDAI | VELOSTER TURBO,0.4
82,HYUNDAI,VELOSTER TURBO,1.6,4,196,False,HYUNDAI | VELOSTER TURBO,0.4
83,INFINITI,Q50 HYBRID,3.5,6,172,False,INFINITI | Q50 HYBRID,0.583
84,INFINITI,Q50 HYBRID AWD,3.5,6,189,False,INFINITI | Q50 HYBRID AWD,0.583
85,KIA,FORTE KOUP,1.6,4,216,False,KIA | FORTE KOUP,0.4
86,KIA,FORTE KOUP,1.6,4,221,False,KIA | FORTE KOUP,0.4
87,KIA,FORTE KOUP,2.0,4,193,False,KIA | FORTE KOUP,0.5
88,KIA,FORTE KOUP,2.0,4,198,False,KIA | FORTE KOUP,0.5
89,KIA,RIO,1.6,4,175,False,KIA | RIO,0.4
90,KIA,RIO,1.6,4,177,False,KIA | RIO,0.4
91,KIA,RIO ECO,1.6,4,175,False,KIA | RIO ECO,0.4
92,LEXUS,CT 200H,1.8,4,129,False,LEXUS | CT 200H,0.45
93,LEXUS,IS 250,2.5,6,223,False,LEXUS | IS 250,0.417
94,LEXUS,IS 250 AWD,2.5,6,239,False,LEXUS | IS 250 AWD,0.417
95,LEXUS,IS 350,3.5,6,244,False,LEXUS | IS 350,0.583
96,LEXUS,IS 350 AWD,3.5,6,253,False,LEXUS | IS 350 AWD,0.583
97,MAZDA,MAZDA2,1.5,4,177,False,MAZDA | MAZDA2,0.375
98,MAZDA,MAZDA2,1.5,4,170,False,MAZDA | MAZDA2,0.375
99,MAZDA,MAZDA3 4-DOOR,2.0,4,159,False,MAZDA | MAZDA3 4-DOOR,0.5
100,MAZDA,MAZDA3 4-DOOR,2.0,4,161,False,MAZDA | MAZDA3 4-DOOR,0.5
101,MAZDA,MAZDA3 4-DOOR,2.5,4,170,False,MAZDA | MAZDA3 4-DOOR,0.625
102,MAZDA,MAZDA3 4-DOOR (I-ELOOP),2.5,4,168,False,MAZDA | MAZDA3 4-DOOR (I-ELOOP),0.625
103,MAZDA,MAZDA3 4-DOOR (SIL),2.0,4,161,False,MAZDA | MAZDA3 4-DOOR (SIL),0.5
104,MERCEDES-BENZ,C 250,1.8,4,216,False,MERCEDES-BENZ | C 250,0.45
105,MERCEDES-BENZ,C 300 4MATIC FFV,3.5,6,242,False,MERCEDES-BENZ | C 300 4MATIC FFV,0.583
106,MERCEDES-BENZ,C 300 4MATIC FFV,3.5,6,224,False,MERCEDES-BENZ | C 300 4MATIC FFV,0.583
107,MERCEDES-BENZ,C 350,3.5,6,242,False,MERCEDES-BENZ | C 350,0.583
108,MERCEDES-BENZ,C 350 4MATIC,3.5,6,239,False,MERCEDES-BENZ | C 350 4MATIC,0.583
109,MERCEDES-BENZ,C 63 AMG,6.2,8,347,False,MERCEDES-BENZ | C 63 AMG,0.775
110,MERCEDES-BENZ,CL 550 4MATIC,4.7,8,304,False,MERCEDES-BENZ | CL 550 4MATIC,0.588
111,MERCEDES-BENZ,CL 63 AMG,5.5,8,308,False,MERCEDES-BENZ | CL 63 AMG,0.688
112,MERCEDES-BENZ,CLA 250,2.0,4,179,False,MERCEDES-BENZ | CLA 250,0.5
113,MERCEDES-BENZ,CLA 45 AMG 4MATIC,2.0,4,212,False,MERCEDES-BENZ | CLA 45 AMG 4MATIC,0.5
114,MERCEDES-BENZ,CLS 550 4MATIC,4.7,8,264,False,MERCEDES-BENZ | CLS 550 4MATIC,0.588
115,MERCEDES-BENZ,CLS 63 AMG 4MATIC,5.5,8,301,False,MERCEDES-BENZ | CLS 63 AMG 4MATIC,0.688
116,MERCEDES-BENZ,CLS 63 AMG S 4MATIC,5.5,8,301,False,MERCEDES-BENZ | CLS 63 AMG S 4MATIC,0.688
117,MINI,COOPER COUNTRYMAN,1.6,4,200,False,MINI | COOPER COUNTRYMAN,0.4
118,MINI,COOPER COUNTRYMAN,1.6,4,179,False,MINI | COOPER COUNTRYMAN,0.4
119,MINI,COOPER PACEMAN,1.6,4,200,False,MINI | COOPER PACEMAN,0.4
120,MINI,COOPER PACEMAN,1.6,4,179,False,MINI | COOPER PACEMAN,0.4
121,MINI,COOPER S COUNTRYMAN ALL4,1.6,4,207,False,MINI | COOPER S COUNTRYMAN ALL4,0.4
122,MINI,COOPER S COUNTRYMAN ALL4,1.6,4,196,False,MINI | COOPER S COUNTRYMAN ALL4,0.4
123,MINI,COOPER S PACEMAN ALL4,1.6,4,207,False,MINI | COOPER S PACEMAN ALL4,0.4
124,MINI,COOPER S PACEMAN ALL4,1.6,4,196,False,MINI | COOPER S PACEMAN ALL4,0.4
125,MINI,JOHN COOPER WORKS COUNTRYMAN ALL4,1.6,4,207,False,MINI | JOHN COOPER WORKS COUNTRYMAN ALL4,0.4
126,MINI,JOHN COOPER WORKS COUNTRYMAN ALL4,1.6,4,196,False,MINI | JOHN COOPER WORKS COUNTRYMAN ALL4,0.4
127,MINI,JOHN COOPER WORKS PACEMAN ALL4,1.6,4,207,False,MINI | JOHN COOPER WORKS PACEMAN ALL4,0.4
128,MINI,JOHN COOPER WORKS PACEMAN ALL4,1.6,4,196,False,MINI | JOHN COOPER WORKS PACEMAN ALL4,0.4
129,MITSUBISHI,LANCER,2.0,4,189,False,MITSUBISHI | LANCER,0.5
130,MITSUBISHI,LANCER,2.0,4,191,False,MITSUBISHI | LANCER,0.5
131,MITSUBISHI,LANCER AWD,2.4,4,218,False,MITSUBISHI | LANCER AWD,0.6
132,MITSUBISHI,LANCER EVOLUTION,2.0,4,288,False,MITSUBISHI | LANCER EVOLUTION,0.5
133,MITSUBISHI,LANCER EVOLUTION,2.0,4,283,False,MITSUBISHI | LANCER EVOLUTION,0.5
134,MITSUBISHI,LANCER RALLIART,2.0,4,267,False,MITSUBISHI | LANCER RALLIART,0.5
135,MITSUBISHI,MIRAGE,1.2,3,138,False,MITSUBISHI | MIRAGE,0.4
136,MITSUBISHI,MIRAGE,1.2,3,147,False,MITSUBISHI | MIRAGE,0.4
137,NISSAN,VERSA,1.6,4,152,False,NISSAN | VERSA,0.4
138,NISSAN,VERSA,1.6,4,177,False,NISSAN | VERSA,0.4
139,ROLLS-ROYCE,PHANTOM COUPE,6.7,12,393,False,ROLLS-ROYCE | PHANTOM COUPE,0.558
140,ROLLS-ROYCE,PHANTOM DROPHEAD COUPE,6.7,12,393,False,ROLLS-ROYCE | PHANTOM DROPHEAD COUPE,0.558
141,SCION,TC,2.5,4,207,False,SCION | TC,0.625
142,SCION,TC,2.5,4,207,True,SCION | TC,0.625
143,SUBARU,IMPREZA AWD,2.0,4,179,False,SUBARU | IMPREZA AWD,0.5
144,SUBARU,IMPREZA AWD,2.0,4,196,False,SUBARU | IMPREZA AWD,0.5
145,SUBARU,IMPREZA AWD,2.5,4,258,False,SUBARU | IMPREZA AWD,0.625
146,SUBARU,IMPREZA AWD,2.5,4,288,False,SUBARU | IMPREZA AWD,0.625
147,TOYOTA,PRIUS C,1.5,4,108,False,TOYOTA | PRIUS C,0.375
148,TOYOTA,YARIS,1.5,4,168,False,TOYOTA | YARIS,0.375
149,TOYOTA,YARIS,1.5,4,163,False,TOYOTA | YARIS,0.375
150,VOLKSWAGEN,BEETLE,1.8,4,196,False,VOLKSWAGEN | BEETLE,0.45
151,VOLKSWAGEN,BEETLE,1.8,4,200,False,VOLKSWAGEN | BEETLE,0.45
152,VOLKSWAGEN,BEETLE,2.0,4,209,False,VOLKSWAGEN | BEETLE,0.5
153,VOLKSWAGEN,BEETLE,2.0,4,216,False,VOLKSWAGEN | BEETLE,0.5
154,VOLKSWAGEN,BEETLE,2.5,5,225,False,VOLKSWAGEN | BEETLE,0.5
155,VOLKSWAGEN,BEETLE,2.5,5,221,False,VOLKSWAGEN | BEETLE,0.5
156,VOLKSWAGEN,BEETLE TDI (MODIFIED),2.0,4,200,False,VOLKSWAGEN | BEETLE TDI (MODIFIED),0.5
157,VOLKSWAGEN,BEETLE TDI (MODIFIED),2.0,4,208,False,VOLKSWAGEN | BEETLE TDI (MODIFIED),0.5
158,VOLKSWAGEN,CC,2.0,4,223,False,VOLKSWAGEN | CC,0.5
159,VOLKSWAGEN,CC,2.0,4,225,False,VOLKSWAGEN | CC,0.5
160,VOLKSWAGEN,CC 4MOTION,3.6,6,283,False,VOLKSWAGEN | CC 4MOTION,0.6
161,VOLKSWAGEN,JETTA,1.8,4,189,False,VOLKSWAGEN | JETTA,0.45
162,VOLKSWAGEN,JETTA,1.8,4,189,True,VOLKSWAGEN | JETTA,0.45
163,VOLKSWAGEN,JETTA,2.0,4,216,False,VOLKSWAGEN | JETTA,0.5
164,VOLKSWAGEN,JETTA,2.0,4,207,False,VOLKSWAGEN | JETTA,0.5
165,VOLKSWAGEN,JETTA TDI (MODIFIED),2.0,4,198,False,VOLKSWAGEN | JETTA TDI (MODIFIED),0.5
166,VOLKSWAGEN,JETTA TDI (MODIFIED),2.0,4,196,False,VOLKSWAGEN | JETTA TDI (MODIFIED),0.5
167,VOLKSWAGEN,JETTA GLI,2.0,4,207,False,VOLKSWAGEN | JETTA GLI,0.5
168,VOLKSWAGEN,JETTA GLI,2.0,4,212,False,VOLKSWAGEN | JETTA GLI,0.5
169,VOLKSWAGEN,JETTA TURBO HYBRID,1.4,4,124,False,VOLKSWAGEN | JETTA TURBO HYBRID,0.35
170,VOLVO,S60,2.5,5,223,False,VOLVO | S60,0.5
171,VOLVO,S60 AWD,2.5,5,232,False,VOLVO | S60 AWD,0.5
172,VOLVO,S60 AWD,3.0,6,264,False,VOLVO | S60 AWD,0.5
173,ACURA,ILX,2.0,4,191,False,ACURA | ILX,0.5
174,ACURA,ILX,2.4,4,214,False,ACURA | ILX,0.6
175,ACURA,ILX HYBRID,1.5,4,140,False,ACURA | ILX HYBRID,0.375
176,ACURA,TLX,2.4,4,191,False,ACURA | TLX,0.6
177,ACURA,TLX,3.5,6,212,False,ACURA | TLX,0.583
178,ACURA,TLX SH-AWD,3.5,6,221,False,ACURA | TLX SH-AWD,0.583
179,AUDI,A4,2.0,4,205,False,AUDI | A4,0.5
180,AUDI,A4 QUATTRO,2.0,4,221,False,AUDI | A4 QUATTRO,0.5
181,AUDI,A4 QUATTRO,2.0,4,209,False,AUDI | A4 QUATTRO,0.5
182,AUDI,Q3,2.0,4,237,False,AUDI | Q3,0.5
183,AUDI,Q3 QUATTRO,2.0,4,237,False,AUDI | Q3 QUATTRO,0.5
184,AUDI,S4,3.0,6,253,False,AUDI | S4,0.5
185,AUDI,S4,3.0,6,269,False,AUDI | S4,0.5
186,BENTLEY,CONTINENTAL GT,4.0,8,307,False,BENTLEY | CONTINENTAL GT,0.5
187,BENTLEY,CONTINENTAL GT,6.0,12,354,False,BENTLEY | CONTINENTAL GT,0.5
188,BMW,320I SEDAN,2.0,4,193,False,BMW | 320I SEDAN,0.5
189,BMW,320I SEDAN,2.0,4,207,False,BMW | 320I SEDAN,0.5
190,BMW,320I XDRIVE SEDAN,2.0,4,200,False,BMW | 320I XDRIVE SEDAN,0.5
191,BMW,328D XDRIVE SEDAN,2.0,4,181,False,BMW | 328D XDRIVE SEDAN,0.5
192,BMW,328I SEDAN,2.0,4,193,False,BMW | 328I SEDAN,0.5
193,BMW,328I SEDAN,2.0,4,207,False,BMW | 328I SEDAN,0.5
194,BMW,328I XDRIVE SEDAN,2.0,4,209,False,BMW | 328I XDRIVE SEDAN,0.5
195,BMW,335I SEDAN,3.0,6,221,False,BMW | 335I SEDAN,0.5
196,BMW,335I SEDAN,3.0,6,225,False,BMW | 335I SEDAN,0.5
197,BMW,335I XDRIVE SEDAN,3.0,6,230,False,BMW | 335I XDRIVE SEDAN,0.5
198,BMW,335I XDRIVE SEDAN,3.0,6,237,False,BMW | 335I XDRIVE SEDAN,0.5
199,BMW,428I COUPE,2.0,4,193,True,BMW | 428I COUPE,0.5
200,BMW,428I COUPE,2.0,4,207,False,BMW | 428I COUPE,0.5
201,BMW,428I GRAN COUPE,2.0,4,205,False,BMW | 428I GRAN COUPE,0.5
202,BMW,428I GRAN COUPE,2.0,4,207,False,BMW | 428I GRAN COUPE,0.5
203,BMW,428I XDRIVE COUPE,2.0,4,209,True,BMW | 428I XDRIVE COUPE,0.5
204,BMW,428I XDRIVE GRAN COUPE,2.0,4,209,False,BMW | 428I XDRIVE GRAN COUPE,0.5
205,BMW,435I COUPE,3.0,6,221,True,BMW | 435I COUPE,0.5
206,BMW,435I COUPE,3.0,6,225,False,BMW | 435I COUPE,0.5
207,BMW,435I GRAN COUPE,3.0,6,221,False,BMW | 435I GRAN COUPE,0.5
208,BMW,435I XDRIVE COUPE,3.0,6,230,False,BMW | 435I XDRIVE COUPE,0.5
209,BMW,435I XDRIVE COUPE,3.0,6,237,True,BMW | 435I XDRIVE COUPE,0.5
210,BMW,435I XDRIVE GRAN COUPE,3.0,6,230,False,BMW | 435I XDRIVE GRAN COUPE,0.5
211,BMW,640I XDRIVE GRAN COUPE,3.0,6,237,False,BMW | 640I XDRIVE GRAN COUPE,0.5
212,BMW,650I XDRIVE COUPE,4.4,8,283,False,BMW | 650I XDRIVE COUPE,0.55
213,BMW,650I XDRIVE GRAN COUPE,4.4,8,294,False,BMW | 650I XDRIVE GRAN COUPE,0.55
214,BMW,ACTIVEHYBRID 3,3.0,6,200,False,BMW | ACTIVEHYBRID 3,0.5
215,BMW,ALPINA B6 XDRIVE GRAN COUPE,4.4,8,294,False,BMW | ALPINA B6 XDRIVE GRAN COUPE,0.55
216,BMW,M3 SEDAN,3.0,6,278,False,BMW | M3 SEDAN,0.5
217,BMW,M3 SEDAN,3.0,6,267,False,BMW | M3 SEDAN,0.5
218,BMW,M4 COUPE,3.0,6,278,False,BMW | M4 COUPE,0.5
219,BMW,M4 COUPE,3.0,6,267,False,BMW | M4 COUPE,0.5
220,BMW,M6 COUPE,4.4,8,338,False,BMW | M6 COUPE,0.55
221,BMW,M6 COUPE,4.4,8,315,False,BMW | M6 COUPE,0.55
222,BMW,M6 GRAN COUPE,4.4,8,338,True,BMW | M6 GRAN COUPE,0.55
223,BMW,M6 GRAN COUPE,4.4,8,315,False,BMW | M6 GRAN COUPE,0.55
224,BUICK,VERANO,2.0,4,225,True,BUICK | VERANO,0.5
225,BUICK,VERANO,2.0,4,225,True,BUICK | VERANO,0.5
226,BUICK,VERANO,2.4,4,216,False,BUICK | VERANO,0.6
227,CADILLAC,ATS,2.0,4,223,False,CADILLAC | ATS,0.5
228,CADILLAC,ATS,2.0,4,237,False,CADILLAC | ATS,0.5
229,CADILLAC,ATS,2.5,4,214,False,CADILLAC | ATS,0.625
230,CADILLAC,ATS,3.6,6,248,False,CADILLAC | ATS,0.6
231,CADILLAC,ATS AWD,2.0,4,235,False,CADILLAC | ATS AWD,0.5
232,CADILLAC,ATS AWD,3.6,6,253,False,CADILLAC | ATS AWD,0.6
233,CHEVROLET,CAMARO,3.6,6,260,False,CHEVROLET | CAMARO,0.6
234,CHEVROLET,CAMARO,3.6,6,265,False,CHEVROLET | CAMARO,0.6
235,CHEVROLET,CAMARO,6.2,8,294,False,CHEVROLET | CAMARO,0.775
236,CHEVROLET,CAMARO,6.2,8,292,False,CHEVROLET | CAMARO,0.775
237,CHEVROLET,CAMARO 2LS,3.6,6,242,True,CHEVROLET | CAMARO 2LS,0.6
238,CHEVROLET,CAMARO Z/28,6.2,8,357,False,CHEVROLET | CAMARO Z/28,0.775
239,CHEVROLET,CAMARO ZL1,6.2,8,386,False,CHEVROLET | CAMARO ZL1,0.775
240,CHEVROLET,CAMARO ZL1,6.2,8,338,False,CHEVROLET | CAMARO ZL1,0.775
241,CHEVROLET,SONIC,1.4,4,184,True,CHEVROLET | SONIC,0.35
242,CHEVROLET,SONIC,1.4,4,173,True,CHEVROLET | SONIC,0.35
243,CHEVROLET,SONIC,1.8,4,191,True,CHEVROLET | SONIC,0.45
244,CHEVROLET,SONIC,1.8,4,184,False,CHEVROLET | SONIC,0.45
245,CHEVROLET,SONIC RS,1.4,4,191,True,CHEVROLET | SONIC RS,0.35
246,CHEVROLET,SONIC RS,1.4,4,184,True,CHEVROLET | SONIC RS,0.35
247,FORD,FOCUS,1.0,3,163,False,FORD | FOCUS,0.333
248,FORD,FOCUS,2.0,4,205,True,FORD | FOCUS,0.5
249,FORD,FOCUS FFV,2.0,4,177,True,FORD | FOCUS FFV,0.5
250,FORD,FOCUS FFV,2.0,4,166,False,FORD | FOCUS FFV,0.5
251,FORD,FOCUS FFV,2.0,4,179,True,FORD | FOCUS FFV,0.5
252,FORD,FOCUS FFV,2.0,4,170,True,FORD | FOCUS FFV,0.5
253,FORD,FOCUS FFV,2.0,4,186,False,FORD | FOCUS FFV,0.5
254,FORD,FOCUS FFV,2.0,4,174,False,FORD | FOCUS FFV,0.5
255,HONDA,CIVIC,1.8,4,163,False,HONDA | CIVIC,0.45
256,HONDA,CIVIC,1.8,4,166,True,HONDA | CIVIC,0.45
257,HONDA,CIVIC,1.8,4,177,False,HONDA | CIVIC,0.45
258,HONDA,CIVIC SI,2.4,4,216,False,HONDA | CIVIC SI,0.6
259,HONDA,CIVIC HYBRID,1.5,4,120,False,HONDA | CIVIC HYBRID,0.375
260,HYUNDAI,ACCENT,1.6,4,177,True,HYUNDAI | ACCENT,0.4
261,HYUNDAI,ACCENT,1.6,4,175,False,HYUNDAI | ACCENT,0.4
262,HYUNDAI,VELOSTER,1.6,4,177,True,HYUNDAI | VELOSTER,0.4
263,HYUNDAI,VELOSTER,1.6,4,184,True,HYUNDAI | VELOSTER,0.4
264,HYUNDAI,VELOSTER TURBO,1.6,4,202,True,HYUNDAI | VELOSTER TURBO,0.4
265,HYUNDAI,VELOSTER TURBO,1.6,4,196,True,HYUNDAI | VELOSTER TURBO,0.4
266,INFINITI,Q50 HYBRID,3.5,6,172,True,INFINITI | Q50 HYBRID,0.583
267,INFINITI,Q50 HYBRID AWD,3.5,6,189,True,INFINITI | Q50 HYBRID AWD,0.583
268,KIA,FORTE KOUP,1.6,4,216,True,KIA | FORTE KOUP,0.4
269,KIA,FORTE KOUP,1.6,4,221,True,KIA | FORTE KOUP,0.4
270,KIA,FORTE KOUP,2.0,4,198,True,KIA | FORTE KOUP,0.5
271,KIA,FORTE KOUP,2.0,4,202,False,KIA | FORTE KOUP,0.5
272,KIA,RIO,1.6,4,177,True,KIA | RIO,0.4
273,KIA,RIO,1.6,4,177,True,KIA | RIO,0.4
274,KIA,RIO ECO,1.6,4,175,True,KIA | RIO ECO,0.4
275,LEXUS,CT 200H,1.8,4,131,False,LEXUS | CT 200H,0.45
276,LEXUS,IS 250,2.5,6,221,False,LEXUS | IS 250,0.417
277,LEXUS,IS 250 AWD,2.5,6,239,True,LEXUS | IS 250 AWD,0.417
278,LEXUS,IS 350,3.5,6,244,True,LEXUS | IS 350,0.583
279,LEXUS,IS 350 AWD,3.5,6,253,True,LEXUS | IS 350 AWD,0.583
280,MAZDA,MAZDA3 4-DOOR,2.0,4,159,True,MAZDA | MAZDA3 4-DOOR,0.5
281,MAZDA,MAZDA3 4-DOOR (SIL),2.0,4,161,True,MAZDA | MAZDA3 4-DOOR (SIL),0.5
282,MAZDA,MAZDA3 4-DOOR,2.5,4,170,True,MAZDA | MAZDA3 4-DOOR,0.625
283,MAZDA,MAZDA3 4-DOOR (I-ELOOP),2.5,4,166,False,MAZDA | MAZDA3 4-DOOR (I-ELOOP),0.625
284,MAZDA,MAZDA3 4-DOOR (SIL),2.5,4,184,False,MAZDA | MAZDA3 4-DOOR (SIL),0.625
285,MERCEDES-BENZ,C 300 4MATIC,2.0,4,207,False,MERCEDES-BENZ | C 300 4MATIC,0.5
286,MERCEDES-BENZ,C 400 4MATIC,3.0,6,228,False,MERCEDES-BENZ | C 400 4MATIC,0.5
287,MERCEDES-BENZ,CLA 45 AMG,2.0,4,209,False,MERCEDES-BENZ | CLA 45 AMG,0.5
288,MERCEDES-BENZ,CLS 400 4MATIC,3.0,6,242,False,MERCEDES-BENZ | CLS 400 4MATIC,0.5
289,MERCEDES-BENZ,CLS 550 4MATIC,4.7,8,288,False,MERCEDES-BENZ | CLS 550 4MATIC,0.588
290,MERCEDES-BENZ,CLS 63 AMG 4MATIC,5.5,8,301,True,MERCEDES-BENZ | CLS 63 AMG 4MATIC,0.688
291,MERCEDES-BENZ,S 550 4MATIC COUPE,4.7,8,283,False,MERCEDES-BENZ | S 550 4MATIC COUPE,0.588
292,MERCEDES-BENZ,S 63 AMG COUPE,5.5,8,304,False,MERCEDES-BENZ | S 63 AMG COUPE,0.688
293,MERCEDES-BENZ,S 65 AMG COUPE,6.0,12,345,False,MERCEDES-BENZ | S 65 AMG COUPE,0.5
294,MINI,COOPER COUNTRYMAN,1.6,4,200,True,MINI | COOPER COUNTRYMAN,0.4
295,MINI,COOPER COUNTRYMAN,1.6,4,172,False,MINI | COOPER COUNTRYMAN,0.4
296,MINI,COOPER PACEMAN,1.6,4,200,True,MINI | COOPER PACEMAN,0.4
297,MINI,COOPER PACEMAN,1.6,4,172,False,MINI | COOPER PACEMAN,0.4
298,MINI,COOPER S COUNTRYMAN ALL4,1.6,4,207,True,MINI | COOPER S COUNTRYMAN ALL4,0.4
299,MINI,COOPER S COUNTRYMAN ALL4,1.6,4,200,False,MINI | COOPER S COUNTRYMAN ALL4,0.4
300,MINI,COOPER S PACEMAN ALL4,1.6,4,207,True,MINI | COOPER S PACEMAN ALL4,0.4
301,MINI,COOPER S PACEMAN ALL4,1.6,4,200,False,MINI | COOPER S PACEMAN ALL4,0.4
302,MINI,JOHN COOPER WORKS COUNTRYMAN ALL4,1.6,4,207,True,MINI | JOHN COOPER WORKS COUNTRYMAN ALL4,0.4
303,MINI,JOHN COOPER WORKS COUNTRYMAN ALL4,1.6,4,200,False,MINI | JOHN COOPER WORKS COUNTRYMAN ALL4,0.4
304,MINI,JOHN COOPER WORKS PACEMAN ALL4,1.6,4,207,True,MINI | JOHN COOPER WORKS PACEMAN ALL4,0.4
305,MINI,JOHN COOPER WORKS PACEMAN ALL4,1.6,4,200,False,MINI | JOHN COOPER WORKS PACEMAN ALL4,0.4
306,MITSUBISHI,LANCER,2.0,4,189,True,MITSUBISHI | LANCER,0.5
307,MITSUBISHI,LANCER,2.0,4,193,False,MITSUBISHI | LANCER,0.5
308,MITSUBISHI,LANCER AWD,2.4,4,219,False,MITSUBISHI | LANCER AWD,0.6
309,MITSUBISHI,LANCER EVOLUTION,2.0,4,288,True,MITSUBISHI | LANCER EVOLUTION,0.5
310,MITSUBISHI,LANCER EVOLUTION,2.0,4,283,True,MITSUBISHI | LANCER EVOLUTION,0.5
311,MITSUBISHI,LANCER RALLIART,2.0,4,267,True,MITSUBISHI | LANCER RALLIART,0.5
312,MITSUBISHI,MIRAGE,1.2,3,136,False,MITSUBISHI | MIRAGE,0.4
313,MITSUBISHI,MIRAGE,1.2,3,147,True,MITSUBISHI | MIRAGE,0.4
314,NISSAN,MICRA,1.6,4,179,False,NISSAN | MICRA,0.4
315,NISSAN,MICRA,1.6,4,177,False,NISSAN | MICRA,0.4
316,NISSAN,VERSA,1.6,4,156,False,NISSAN | VERSA,0.4
317,NISSAN,VERSA,1.6,4,177,True,NISSAN | VERSA,0.4
318,ROLLS-ROYCE,PHANTOM COUPE,6.7,12,396,False,ROLLS-ROYCE | PHANTOM COUPE,0.558
319,ROLLS-ROYCE,PHANTOM DROPHEAD COUPE,6.7,12,396,False,ROLLS-ROYCE | PHANTOM DROPHEAD COUPE,0.558
320,SCION,TC,2.5,4,207,True,SCION | TC,0.625
321,SCION,TC,2.5,4,207,True,SCION | TC,0.625
322,SUBARU,IMPREZA AWD,2.0,4,175,False,SUBARU | IMPREZA AWD,0.5
323,SUBARU,IMPREZA AWD,2.0,4,193,False,SUBARU | IMPREZA AWD,0.5
324,SUBARU,WRX,2.0,4,255,False,SUBARU | WRX,0.5
325,SUBARU,WRX,2.0,4,225,False,SUBARU | WRX,0.5
326,SUBARU,WRX,2.5,4,281,False,SUBARU | WRX,0.625
327,TOYOTA,PRIUS C,1.5,4,110,False,TOYOTA | PRIUS C,0.375
328,TOYOTA,YARIS,1.5,4,168,True,TOYOTA | YARIS,0.375
329,TOYOTA,YARIS,1.5,4,163,True,TOYOTA | YARIS,0.375
330,VOLKSWAGEN,BEETLE,1.8,4,196,True,VOLKSWAGEN | BEETLE,0.45
331,VOLKSWAGEN,BEETLE,1.8,4,200,True,VOLKSWAGEN | BEETLE,0.45
332,VOLKSWAGEN,BEETLE,2.0,4,209,True,VOLKSWAGEN | BEETLE,0.5
333,VOLKSWAGEN,BEETLE,2.0,4,212,False,VOLKSWAGEN | BEETLE,0.5
334,VOLKSWAGEN,BEETLE TDI (MODIFIED),2.0,4,183,False,VOLKSWAGEN | BEETLE TDI (MODIFIED),0.5
335,VOLKSWAGEN,BEETLE TDI (MODIFIED),2.0,4,184,False,VOLKSWAGEN | BEETLE TDI (MODIFIED),0.5
336,VOLKSWAGEN,CC,2.0,4,214,False,VOLKSWAGEN | CC,0.5
337,VOLKSWAGEN,CC,2.0,4,221,False,VOLKSWAGEN | CC,0.5
338,VOLKSWAGEN,CC 4MOTION,3.6,6,271,False,VOLKSWAGEN | CC 4MOTION,0.6
339,VOLKSWAGEN,GOLF,1.8,4,186,False,VOLKSWAGEN | GOLF,0.45
340,VOLKSWAGEN,GOLF,1.8,4,184,False,VOLKSWAGEN | GOLF,0.45
341,VOLKSWAGEN,GOLF TDI (MODIFIED),2.0,4,177,False,VOLKSWAGEN | GOLF TDI (MODIFIED),0.5
342,VOLKSWAGEN,GOLF TDI (MODIFIED),2.0,4,178,False,VOLKSWAGEN | GOLF TDI (MODIFIED),0.5
343,VOLKSWAGEN,GOLF GTI,2.0,4,196,False,VOLKSWAGEN | GOLF GTI,0.5
344,VOLKSWAGEN,GOLF GTI,2.0,4,191,False,VOLKSWAGEN | GOLF GTI,0.5
345,VOLKSWAGEN,JETTA,1.8,4,182,False,VOLKSWAGEN | JETTA,0.45
346,VOLKSWAGEN,JETTA,1.8,4,184,False,VOLKSWAGEN | JETTA,0.45
347,VOLKSWAGEN,JETTA,2.0,4,205,False,VOLKSWAGEN | JETTA,0.5
348,VOLKSWAGEN,JETTA,2.0,4,193,False,VOLKSWAGEN | JETTA,0.5
349,VOLKSWAGEN,JETTA TDI (MODIFIED),2.0,4,175,False,VOLKSWAGEN | JETTA TDI (MODIFIED),0.5
350,VOLKSWAGEN,JETTA TDI (MODIFIED),2.0,4,176,False,VOLKSWAGEN | JETTA TDI (MODIFIED),0.5
351,VOLKSWAGEN,JETTA GLI,2.0,4,202,False,VOLKSWAGEN | JETTA GLI,0.5
352,VOLKSWAGEN,JETTA GLI,2.0,4,205,False,VOLKSWAGEN | JETTA GLI,0.5
353,VOLKSWAGEN,JETTA HYBRID,1.4,4,122,False,VOLKSWAGEN | JETTA HYBRID,0.35
354,VOLVO,S60 POLESTAR AWD,3.0,6,253,False,VOLVO | S60 POLESTAR AWD,0.5
355,VOLVO,S60 T5,2.0,4,193,False,VOLVO | S60 T5,0.5
356,VOLVO,S60 T5 AWD,2.5,5,232,False,VOLVO | S60 T5 AWD,0.5
357,VOLVO,S60 T6,2.0,4,205,False,VOLVO | S60 T6,0.5
358,VOLVO,S60 T6 AWD,3.0,6,258,False,VOLVO | S60 T6 AWD,0.5
359,ACURA,ILX,2.4,4,189,False,ACURA | ILX,0.6
360,ACURA,TLX,2.4,4,196,False,ACURA | TLX,0.6
361,ACURA,TLX SH-AWD,3.5,6,226,False,ACURA | TLX SH-AWD,0.583
362,AUDI,A4,2.0,4,212,False,AUDI | A4,0.5
363,AUDI,A4 QUATTRO,2.0,4,224,False,AUDI | A4 QUATTRO,0.5
364,AUDI,A4 QUATTRO,2.0,4,214,True,AUDI | A4 QUATTRO,0.5
365,AUDI,Q3,2.0,4,242,False,AUDI | Q3,0.5
366,AUDI,Q3 QUATTRO,2.0,4,240,False,AUDI | Q3 QUATTRO,0.5
367,AUDI,S4 QUATTRO,3.0,6,257,False,AUDI | S4 QUATTRO,0.5
368,AUDI,S4 QUATTRO,3.0,6,273,False,AUDI | S4 QUATTRO,0.5
369,BENTLEY,CONTINENTAL GT,4.0,8,307,True,BENTLEY | CONTINENTAL GT,0.5
370,BENTLEY,CONTINENTAL GT,6.0,12,360,False,BENTLEY | CONTINENTAL GT,0.5
371,BMW,320I,2.0,4,197,False,BMW | 320I,0.5
372,BMW,320I,2.0,4,211,False,BMW | 320I,0.5
373,BMW,320I XDRIVE,2.0,4,207,False,BMW | 320I XDRIVE,0.5
374,BMW,328D XDRIVE,2.0,4,183,False,BMW | 328D XDRIVE,0.5
375,BMW,328I XDRIVE,2.0,4,209,True,BMW | 328I XDRIVE,0.5
376,BMW,340I,3.0,6,217,False,BMW | 340I,0.5
377,BMW,340I,3.0,6,231,False,BMW | 340I,0.5
378,BMW,340I XDRIVE,3.0,6,216,False,BMW | 340I XDRIVE,0.5
379,BMW,340I XDRIVE,3.0,6,241,False,BMW | 340I XDRIVE,0.5
380,BMW,428I COUPE,2.0,4,197,False,BMW | 428I COUPE,0.5
381,BMW,428I COUPE,2.0,4,211,False,BMW | 428I COUPE,0.5
382,BMW,428I GRAN COUPE,2.0,4,211,False,BMW | 428I GRAN COUPE,0.5
383,BMW,428I GRAN COUPE,2.0,4,210,False,BMW | 428I GRAN COUPE,0.5
384,BMW,428I XDRIVE COUPE,2.0,4,209,True,BMW | 428I XDRIVE COUPE,0.5
385,BMW,428I XDRIVE GRAN COUPE,2.0,4,209,True,BMW | 428I XDRIVE GRAN COUPE,0.5
386,BMW,435I COUPE,3.0,6,232,False,BMW | 435I COUPE,0.5
387,BMW,435I COUPE,3.0,6,246,False,BMW | 435I COUPE,0.5
388,BMW,435I XDRIVE COUPE,3.0,6,238,False,BMW | 435I XDRIVE COUPE,0.5
389,BMW,435I XDRIVE COUPE,3.0,6,247,False,BMW | 435I XDRIVE COUPE,0.5
390,BMW,435I XDRIVE GRAN COUPE,3.0,6,238,False,BMW | 435I XDRIVE GRAN COUPE,0.5
391,BMW,640I XDRIVE GRAN COUPE,3.0,6,238,False,BMW | 640I XDRIVE GRAN COUPE,0.5
392,BMW,650I XDRIVE COUPE,4.4,8,288,False,BMW | 650I XDRIVE COUPE,0.55
393,BMW,650I XDRIVE GRAN COUPE,4.4,8,283,False,BMW | 650I XDRIVE GRAN COUPE,0.55
394,BMW,ALPINA B6 XDRIVE GRAN COUPE,4.4,8,283,False,BMW | ALPINA B6 XDRIVE GRAN COUPE,0.55
395,BMW,M3,3.0,6,284,False,BMW | M3,0.5
396,BMW,M3,3.0,6,271,False,BMW | M3,0.5
397,BMW,M4 COUPE,3.0,6,284,False,BMW | M4 COUPE,0.5
398,BMW,M4 COUPE,3.0,6,271,False,BMW | M4 COUPE,0.5
399,BMW,M6,4.4,8,344,False,BMW | M6,0.55
400,BMW,M6,4.4,8,321,False,BMW | M6,0.55
401,BMW,M6 GRAN COUPE,4.4,8,344,False,BMW | M6 GRAN COUPE,0.55
402,BMW,M6 GRAN COUPE,4.4,8,321,False,BMW | M6 GRAN COUPE,0.55
403,BUICK,VERANO,2.0,4,231,False,BUICK | VERANO,0.5
404,BUICK,VERANO,2.0,4,230,False,BUICK | VERANO,0.5
405,BUICK,VERANO,2.4,4,224,False,BUICK | VERANO,0.6
406,CADILLAC,ATS,2.0,4,215,False,CADILLAC | ATS,0.5
407,CADILLAC,ATS,2.0,4,240,False,CADILLAC | ATS,0.5
408,CADILLAC,ATS,2.5,4,214,True,CADILLAC | ATS,0.625
409,CADILLAC,ATS,3.6,6,233,False,CADILLAC | ATS,0.6
410,CADILLAC,ATS AWD,2.0,4,221,False,CADILLAC | ATS AWD,0.5
411,CADILLAC,ATS AWD,3.6,6,247,False,CADILLAC | ATS AWD,0.6
412,CADILLAC,ATS-V,3.6,6,293,False,CADILLAC | ATS-V,0.6
413,CADILLAC,ATS-V,3.6,6,289,False,CADILLAC | ATS-V,0.6
414,CHEVROLET,CAMARO,2.0,4,218,False,CHEVROLET | CAMARO,0.5
415,CHEVROLET,CAMARO,2.0,4,229,False,CHEVROLET | CAMARO,0.5
416,CHEVROLET,CAMARO,3.6,6,248,False,CHEVROLET | CAMARO,0.6
417,CHEVROLET,CAMARO,3.6,6,261,False,CHEVROLET | CAMARO,0.6
418,CHEVROLET,CAMARO SS,6.2,8,272,False,CHEVROLET | CAMARO SS,0.775
419,CHEVROLET,CAMARO SS,6.2,8,284,False,CHEVROLET | CAMARO SS,0.775
420,CHEVROLET,CRUZE,1.4,4,159,False,CHEVROLET | CRUZE,0.35
421,CHEVROLET,CRUZE,1.4,4,167,False,CHEVROLET | CRUZE,0.35
422,CHEVROLET,CRUZE PREMIER,1.4,4,160,False,CHEVROLET | CRUZE PREMIER,0.35
423,CHEVROLET,SONIC,1.4,4,188,False,CHEVROLET | SONIC,0.35
424,CHEVROLET,SONIC,1.4,4,175,False,CHEVROLET | SONIC,0.35
425,CHEVROLET,SONIC,1.8,4,195,False,CHEVROLET | SONIC,0.45
426,CHEVROLET,SONIC,1.8,4,187,False,CHEVROLET | SONIC,0.45
427,CHEVROLET,SONIC RS,1.4,4,195,False,CHEVROLET | SONIC RS,0.35
428,CHEVROLET,SONIC RS,1.4,4,189,False,CHEVROLET | SONIC RS,0.35
429,FORD,FIESTA ST,1.6,4,191,False,FORD | FIESTA ST,0.4
430,FORD,FOCUS,1.0,3,171,False,FORD | FOCUS,0.333
431,FORD,FOCUS,1.0,3,160,False,FORD | FOCUS,0.333
432,FORD,FOCUS FFV,2.0,4,178,False,FORD | FOCUS FFV,0.5
433,FORD,FOCUS FFV,2.0,4,170,True,FORD | FOCUS FFV,0.5
434,FORD,FOCUS FFV,2.0,4,183,False,FORD | FOCUS FFV,0.5
435,FORD,FOCUS FFV,2.0,4,175,False,FORD | FOCUS FFV,0.5
436,FORD,FOCUS FFV,2.0,4,188,False,FORD | FOCUS FFV,0.5
437,FORD,FOCUS FFV,2.0,4,179,True,FORD | FOCUS FFV,0.5
438,HONDA,CIVIC COUPE,1.5,4,155,False,HONDA | CIVIC COUPE,0.375
439,HONDA,CIVIC COUPE,2.0,4,162,False,HONDA | CIVIC COUPE,0.5
440,HONDA,CIVIC COUPE,2.0,4,179,False,HONDA | CIVIC COUPE,0.5
441,HYUNDAI,ACCENT,1.6,4,179,False,HYUNDAI | ACCENT,0.4
442,HYUNDAI,ACCENT,1.6,4,176,False,HYUNDAI | ACCENT,0.4
443,HYUNDAI,VELOSTER,1.6,4,177,True,HYUNDAI | VELOSTER,0.4
444,HYUNDAI,VELOSTER,1.6,4,186,False,HYUNDAI | VELOSTER,0.4
445,HYUNDAI,VELOSTER TURBO,1.6,4,191,False,HYUNDAI | VELOSTER TURBO,0.4
446,HYUNDAI,VELOSTER TURBO,1.6,4,197,False,HYUNDAI | VELOSTER TURBO,0.4
447,INFINITI,Q50 HYBRID,3.5,6,181,False,INFINITI | Q50 HYBRID,0.583
448,INFINITI,Q50 HYBRID AWD,3.5,6,193,False,INFINITI | Q50 HYBRID AWD,0.583
449,KIA,FORTE KOUP,1.6,4,218,False,KIA | FORTE KOUP,0.4
450,KIA,FORTE KOUP,1.6,4,222,False,KIA | FORTE KOUP,0.4
451,KIA,FORTE KOUP,2.0,4,200,False,KIA | FORTE KOUP,0.5
452,KIA,FORTE KOUP,2.0,4,206,False,KIA | FORTE KOUP,0.5
453,KIA,RIO,1.6,4,178,False,KIA | RIO,0.4
454,KIA,RIO,1.6,4,179,False,KIA | RIO,0.4
455,KIA,RIO ECO,1.6,4,175,True,KIA | RIO ECO,0.4
456,LEXUS,CT 200H,1.8,4,132,False,LEXUS | CT 200H,0.45
457,LEXUS,GS F,5.0,8,293,False,LEXUS | GS F,0.625
458,LEXUS,IS 200T,2.0,4,212,False,LEXUS | IS 200T,0.5
459,LEXUS,IS 300 AWD,3.5,6,258,False,LEXUS | IS 300 AWD,0.583
460,LEXUS,IS 350,3.5,6,246,False,LEXUS | IS 350,0.583
461,LEXUS,IS 350 AWD,3.5,6,258,False,LEXUS | IS 350 AWD,0.583
462,MAZDA,CX-3,2.0,4,179,False,MAZDA | CX-3,0.5
463,MAZDA,CX-3 4WD,2.0,4,189,False,MAZDA | CX-3 4WD,0.5
464,MAZDA,MAZDA3 4-DOOR,2.0,4,162,False,MAZDA | MAZDA3 4-DOOR,0.5
465,MAZDA,MAZDA3 4-DOOR (SIL),2.0,4,165,False,MAZDA | MAZDA3 4-DOOR (SIL),0.5
466,MAZDA,MAZDA3 4-DOOR,2.5,4,173,False,MAZDA | MAZDA3 4-DOOR,0.625
467,MAZDA,MAZDA3 4-DOOR (I-ELOOP),2.5,4,169,False,MAZDA | MAZDA3 4-DOOR (I-ELOOP),0.625
468,MAZDA,MAZDA3 4-DOOR (SIL),2.5,4,189,False,MAZDA | MAZDA3 4-DOOR (SIL),0.625
469,MERCEDES-BENZ,AMG C 63,4.0,8,268,False,MERCEDES-BENZ | AMG C 63,0.5
470,MERCEDES-BENZ,AMG C 63 S,4.0,8,268,False,MERCEDES-BENZ | AMG C 63 S,0.5
471,MERCEDES-BENZ,AMG CLA 45,2.0,4,214,False,MERCEDES-BENZ | AMG CLA 45,0.5
472,MERCEDES-BENZ,AMG CLS 63 S 4MATIC,5.5,8,308,False,MERCEDES-BENZ | AMG CLS 63 S 4MATIC,0.688
473,MERCEDES-BENZ,AMG S 63 COUPE,5.5,8,313,False,MERCEDES-BENZ | AMG S 63 COUPE,0.688
474,MERCEDES-BENZ,AMG S 65 COUPE,6.0,12,355,False,MERCEDES-BENZ | AMG S 65 COUPE,0.5
475,MERCEDES-BENZ,C 300 4MATIC,2.0,4,212,False,MERCEDES-BENZ | C 300 4MATIC,0.5
476,MERCEDES-BENZ,C 450 AMG SPORT 4MATIC,3.0,6,231,False,MERCEDES-BENZ | C 450 AMG SPORT 4MATIC,0.5
477,MERCEDES-BENZ,CLA 250,2.0,4,188,False,MERCEDES-BENZ | CLA 250,0.5
478,MERCEDES-BENZ,CLA 250 4MATIC FFV,2.0,4,198,False,MERCEDES-BENZ | CLA 250 4MATIC FFV,0.5
479,MERCEDES-BENZ,CLA 250 4MATIC FFV,2.0,4,198,True,MERCEDES-BENZ | CLA 250 4MATIC FFV,0.5
480,MERCEDES-BENZ,CLS 400 4MATIC,3.0,6,252,False,MERCEDES-BENZ | CLS 400 4MATIC,0.5
481,MERCEDES-BENZ,CLS 550 4MATIC,4.7,8,277,False,MERCEDES-BENZ | CLS 550 4MATIC,0.588
482,MERCEDES-BENZ,S 550 4MATIC COUPE,4.7,8,289,False,MERCEDES-BENZ | S 550 4MATIC COUPE,0.588
483,MINI,COOPER S COUNTRYMAN ALL4,1.6,4,212,False,MINI | COOPER S COUNTRYMAN ALL4,0.4
484,MINI,COOPER S COUNTRYMAN ALL4,1.6,4,201,False,MINI | COOPER S COUNTRYMAN ALL4,0.4
485,MINI,COOPER S PACEMAN ALL4,1.6,4,212,False,MINI | COOPER S PACEMAN ALL4,0.4
486,MINI,COOPER S PACEMAN ALL4,1.6,4,201,False,MINI | COOPER S PACEMAN ALL4,0.4
487,MINI,JOHN COOPER WORKS COUNTRYMAN ALL4,1.6,4,212,False,MINI | JOHN COOPER WORKS COUNTRYMAN ALL4,0.4
488,MINI,JOHN COOPER WORKS COUNTRYMAN ALL4,1.6,4,201,False,MINI | JOHN COOPER WORKS COUNTRYMAN ALL4,0.4
489,MINI,JOHN COOPER WORKS PACEMAN ALL4,1.6,4,212,False,MINI | JOHN COOPER WORKS PACEMAN ALL4,0.4
490,MINI,JOHN COOPER WORKS PACEMAN ALL4,1.6,4,201,False,MINI | JOHN COOPER WORKS PACEMAN ALL4,0.4
491,MITSUBISHI,LANCER,2.0,4,181,False,MITSUBISHI | LANCER,0.5
492,MITSUBISHI,LANCER,2.0,4,198,False,MITSUBISHI | LANCER,0.5
493,MITSUBISHI,LANCER,2.4,4,204,False,MITSUBISHI | LANCER,0.6
494,MITSUBISHI,LANCER,2.4,4,217,False,MITSUBISHI | LANCER,0.6
495,MITSUBISHI,LANCER 4WD,2.4,4,210,False,MITSUBISHI | LANCER 4WD,0.6
496,MITSUBISHI,MIRAGE,1.2,3,139,False,MITSUBISHI | MIRAGE,0.4
497,MITSUBISHI,MIRAGE,1.2,3,147,True,MITSUBISHI | MIRAGE,0.4
498,NISSAN,MICRA,1.6,4,184,False,NISSAN | MICRA,0.4
499,NISSAN,MICRA,1.6,4,182,False,NISSAN | MICRA,0.4
500,ROLLS-ROYCE,PHANTOM COUPE,6.7,12,403,False,ROLLS-ROYCE | PHANTOM COUPE,0.558
501,ROLLS-ROYCE,PHANTOM DROPHEAD COUPE,6.7,12,404,False,ROLLS-ROYCE | PHANTOM DROPHEAD COUPE,0.558
502,SCION,TC,2.5,4,211,False,SCION | TC,0.625
503,SCION,TC,2.5,4,210,False,SCION | TC,0.625
504,SUBARU,IMPREZA AWD,2.0,4,177,False,SUBARU | IMPREZA AWD,0.5
505,SUBARU,IMPREZA AWD,2.0,4,197,False,SUBARU | IMPREZA AWD,0.5
506,SUBARU,WRX,2.0,4,254,False,SUBARU | WRX,0.5
507,SUBARU,WRX,2.0,4,233,False,SUBARU | WRX,0.5
508,SUBARU,WRX,2.5,4,285,False,SUBARU | WRX,0.625
509,TOYOTA,PRIUS C,1.5,4,111,False,TOYOTA | PRIUS C,0.375
510,TOYOTA,YARIS,1.5,4,151,False,TOYOTA | YARIS,0.375
511,TOYOTA,YARIS (SIL),1.5,4,157,False,TOYOTA | YARIS (SIL),0.375
512,TOYOTA,YARIS HATCHBACK,1.5,4,170,False,TOYOTA | YARIS HATCHBACK,0.375
513,TOYOTA,YARIS HATCHBACK,1.5,4,165,False,TOYOTA | YARIS HATCHBACK,0.375
514,VOLKSWAGEN,BEETLE,1.8,4,196,True,VOLKSWAGEN | BEETLE,0.45
515,VOLKSWAGEN,BEETLE,1.8,4,196,True,VOLKSWAGEN | BEETLE,0.45
516,VOLKSWAGEN,BEETLE DUNE,1.8,4,203,False,VOLKSWAGEN | BEETLE DUNE,0.45
517,VOLKSWAGEN,CC,2.0,4,217,False,VOLKSWAGEN | CC,0.5
518,VOLKSWAGEN,GOLF,1.8,4,189,False,VOLKSWAGEN | GOLF,0.45
519,VOLKSWAGEN,GOLF,1.8,4,187,False,VOLKSWAGEN | GOLF,0.45
520,VOLKSWAGEN,GOLF GTI,2.0,4,198,False,VOLKSWAGEN | GOLF GTI,0.5
521,VOLKSWAGEN,GOLF GTI,2.0,4,193,False,VOLKSWAGEN | GOLF GTI,0.5
522,VOLKSWAGEN,GOLF R,2.0,4,216,False,VOLKSWAGEN | GOLF R,0.5
523,VOLKSWAGEN,GOLF R,2.0,4,220,False,VOLKSWAGEN | GOLF R,0.5
524,VOLKSWAGEN,JETTA,1.4,4,173,False,VOLKSWAGEN | JETTA,0.35
525,VOLKSWAGEN,JETTA,1.4,4,168,False,VOLKSWAGEN | JETTA,0.35
526,VOLKSWAGEN,JETTA,1.8,4,186,False,VOLKSWAGEN | JETTA,0.45
527,VOLKSWAGEN,JETTA,1.8,4,189,True,VOLKSWAGEN | JETTA,0.45
528,VOLKSWAGEN,JETTA,2.0,4,201,False,VOLKSWAGEN | JETTA,0.5
529,VOLKSWAGEN,JETTA,2.0,4,207,True,VOLKSWAGEN | JETTA,0.5
530,VOLKSWAGEN,JETTA HYBRID,1.4,4,124,False,VOLKSWAGEN | JETTA HYBRID,0.35
531,VOLVO,S60 CC T5 AWD,2.5,5,239,False,VOLVO | S60 CC T5 AWD,0.5
532,VOLVO,S60 INSCRIPTION,2.0,4,193,False,VOLVO | S60 INSCRIPTION,0.5
533,VOLVO,S60 INSCRIPTION T5 AWD,2.5,5,233,False,VOLVO | S60 INSCRIPTION T5 AWD,0.5
534,VOLVO,S60 T5,2.0,4,193,True,VOLVO | S60 T5,0.5
535,VOLVO,S60 T5 AWD,2.5,5,233,False,VOLVO | S60 T5 AWD,0.5
536,VOLVO,S60 T6,2.0,4,218,False,VOLVO | S60 T6,0.5
537,VOLVO,S60 T6 AWD,2.0,4,231,False,VOLVO | S60 T6 AWD,0.5
538,VOLVO,S60 3.0T AWD,3.0,6,259,False,VOLVO | S60 3.0T AWD,0.5
539,VOLVO,S60 POLESTAR,3.0,6,259,False,VOLVO | S60 POLESTAR,0.5
540,ACURA,ILX,2.4,4,192,False,ACURA | ILX,0.6
541,ACURA,TLX,2.4,4,197,False,ACURA | TLX,0.6
542,ACURA,TLX SH-AWD,3.5,6,226,True,ACURA | TLX SH-AWD,0.583
543,AUDI,A4 ULTRA,2.0,4,177,False,AUDI | A4 ULTRA,0.5
544,AUDI,A4 QUATTRO,2.0,4,205,False,AUDI | A4 QUATTRO,0.5
545,AUDI,A4 QUATTRO,2.0,4,204,False,AUDI | A4 QUATTRO,0.5
546,AUDI,Q3,2.0,4,243,False,AUDI | Q3,0.5
547,AUDI,Q3 QUATTRO,2.0,4,241,False,AUDI | Q3 QUATTRO,0.5
548,BENTLEY,CONTINENTAL GT,4.0,8,307,True,BENTLEY | CONTINENTAL GT,0.5
549,BENTLEY,CONTINENTAL GT,6.0,12,360,True,BENTLEY | CONTINENTAL GT,0.5
550,BMW,320I,2.0,4,200,True,BMW | 320I,0.5
551,BMW,320I,2.0,4,202,False,BMW | 320I,0.5
552,BMW,320I XDRIVE,2.0,4,206,False,BMW | 320I XDRIVE,0.5
553,BMW,328D XDRIVE,2.0,4,189,False,BMW | 328D XDRIVE,0.5
554,BMW,330I XDRIVE,2.0,4,213,False,BMW | 330I XDRIVE,0.5
555,BMW,340I,3.0,6,224,False,BMW | 340I,0.5
556,BMW,340I,3.0,6,242,False,BMW | 340I,0.5
557,BMW,340I XDRIVE,3.0,6,228,False,BMW | 340I XDRIVE,0.5
558,BMW,340I XDRIVE,3.0,6,246,False,BMW | 340I XDRIVE,0.5
559,BMW,430I XDRIVE COUPE,2.0,4,213,False,BMW | 430I XDRIVE COUPE,0.5
560,BMW,430I XDRIVE GRAN COUPE,2.0,4,213,False,BMW | 430I XDRIVE GRAN COUPE,0.5
561,BMW,440I COUPE,3.0,6,224,False,BMW | 440I COUPE,0.5
562,BMW,440I COUPE,3.0,6,242,False,BMW | 440I COUPE,0.5
563,BMW,440I XDRIVE COUPE,3.0,6,228,False,BMW | 440I XDRIVE COUPE,0.5
564,BMW,440I XDRIVE COUPE,3.0,6,246,False,BMW | 440I XDRIVE COUPE,0.5
565,BMW,440I XDRIVE GRAN COUPE,3.0,6,228,False,BMW | 440I XDRIVE GRAN COUPE,0.5
566,BMW,640I XDRIVE GRAN COUPE,3.0,6,249,False,BMW | 640I XDRIVE GRAN COUPE,0.5
567,BMW,650I XDRIVE COUPE,4.4,8,273,False,BMW | 650I XDRIVE COUPE,0.55
568,BMW,650I XDRIVE GRAN COUPE,4.4,8,292,True,BMW | 650I XDRIVE GRAN COUPE,0.55
569,BMW,ALPINA B6 XDRIVE GRAN COUPE,4.4,8,292,False,BMW | ALPINA B6 XDRIVE GRAN COUPE,0.55
570,BMW,M3,3.0,6,284,True,BMW | M3,0.5
571,BMW,M3,3.0,6,273,False,BMW | M3,0.5
572,BMW,M4 COUPE,3.0,6,284,True,BMW | M4 COUPE,0.5
573,BMW,M4 COUPE,3.0,6,273,False,BMW | M4 COUPE,0.5
574,BMW,M6,4.4,8,343,False,BMW | M6,0.55
575,BMW,M6,4.4,8,324,False,BMW | M6,0.55
576,BMW,M6 GRAN COUPE,4.4,8,343,False,BMW | M6 GRAN COUPE,0.55
577,BMW,M6 GRAN COUPE,4.4,8,324,False,BMW | M6 GRAN COUPE,0.55
578,BUICK,VERANO,2.4,4,226,False,BUICK | VERANO,0.6
579,CADILLAC,ATS,2.0,4,217,False,CADILLAC | ATS,0.5
580,CADILLAC,ATS,2.0,4,236,False,CADILLAC | ATS,0.5
581,CADILLAC,ATS,2.5,4,216,False,CADILLAC | ATS,0.625
582,CADILLAC,ATS,3.6,6,234,False,CADILLAC | ATS,0.6
583,CADILLAC,ATS AWD,2.0,4,222,False,CADILLAC | ATS AWD,0.5
584,CADILLAC,ATS AWD,3.6,6,248,False,CADILLAC | ATS AWD,0.6
585,CADILLAC,ATS-V,3.6,6,279,False,CADILLAC | ATS-V,0.6
586,CADILLAC,ATS-V,3.6,6,295,False,CADILLAC | ATS-V,0.6
587,CHEVROLET,CRUZE,1.4,4,165,False,CHEVROLET | CRUZE,0.35
588,CHEVROLET,CRUZE,1.4,4,170,False,CHEVROLET | CRUZE,0.35
589,CHEVROLET,CRUZE PREMIER,1.4,4,169,False,CHEVROLET | CRUZE PREMIER,0.35
590,CHEVROLET,CRUZE DIESEL,1.6,4,172,False,CHEVROLET | CRUZE DIESEL,0.4
591,CHEVROLET,CRUZE DIESEL,1.6,4,169,False,CHEVROLET | CRUZE DIESEL,0.4
592,CHEVROLET,CRUZE HATCHBACK,1.4,4,172,False,CHEVROLET | CRUZE HATCHBACK,0.35
593,CHEVROLET,CRUZE HATCHBACK,1.4,4,173,False,CHEVROLET | CRUZE HATCHBACK,0.35
594,CHEVROLET,CRUZE HATCHBACK PREMIER,1.4,4,176,False,CHEVROLET | CRUZE HATCHBACK PREMIER,0.35
595,CHEVROLET,SONIC,1.4,4,184,True,CHEVROLET | SONIC,0.35
596,CHEVROLET,SONIC,1.4,4,174,False,CHEVROLET | SONIC,0.35
597,CHEVROLET,SONIC,1.8,4,197,False,CHEVROLET | SONIC,0.45
598,CHEVROLET,SONIC,1.8,4,194,False,CHEVROLET | SONIC,0.45
599,FORD,FIESTA ST,1.6,4,192,False,FORD | FIESTA ST,0.4
600,FORD,FOCUS (START/STOP),1.0,3,176,False,FORD | FOCUS (START/STOP),0.333
601,FORD,FOCUS (START/STOP),1.0,3,164,False,FORD | FOCUS (START/STOP),0.333
602,FORD,FOCUS FFV,2.0,4,185,False,FORD | FOCUS FFV,0.5
603,FORD,FOCUS FFV,2.0,4,177,True,FORD | FOCUS FFV,0.5
604,FORD,FOCUS FFV,2.0,4,189,False,FORD | FOCUS FFV,0.5
605,FORD,FOCUS FFV,2.0,4,182,False,FORD | FOCUS FFV,0.5
606,FORD,FOCUS FFV,2.0,4,195,False,FORD | FOCUS FFV,0.5
607,FORD,FOCUS FFV,2.0,4,188,True,FORD | FOCUS FFV,0.5
608,HONDA,CIVIC COUPE,1.5,4,158,False,HONDA | CIVIC COUPE,0.375
609,HONDA,CIVIC COUPE,1.5,4,159,False,HONDA | CIVIC COUPE,0.375
610,HONDA,CIVIC COUPE,2.0,4,163,False,HONDA | CIVIC COUPE,0.5
611,HONDA,CIVIC COUPE,2.0,4,173,False,HONDA | CIVIC COUPE,0.5
612,HYUNDAI,ACCENT,1.6,4,182,False,HYUNDAI | ACCENT,0.4
613,HYUNDAI,ACCENT,1.6,4,184,False,HYUNDAI | ACCENT,0.4
614,HYUNDAI,VELOSTER,1.6,4,180,False,HYUNDAI | VELOSTER,0.4
615,HYUNDAI,VELOSTER,1.6,4,188,False,HYUNDAI | VELOSTER,0.4
616,HYUNDAI,VELOSTER TURBO,1.6,4,193,False,HYUNDAI | VELOSTER TURBO,0.4
617,HYUNDAI,VELOSTER TURBO,1.6,4,200,False,HYUNDAI | VELOSTER TURBO,0.4
618,INFINITI,Q50 HYBRID AWD,3.5,6,200,False,INFINITI | Q50 HYBRID AWD,0.583
619,INFINITI,QX30,2.0,4,200,False,INFINITI | QX30,0.5
620,INFINITI,QX30 AWD,2.0,4,221,False,INFINITI | QX30 AWD,0.5
621,JAGUAR,XE 20D AWD,2.0,4,186,False,JAGUAR | XE 20D AWD,0.5
622,JAGUAR,XE 35T AWD,3.0,6,238,False,JAGUAR | XE 35T AWD,0.5
623,KIA,FORTE KOUP,1.6,4,204,False,KIA | FORTE KOUP,0.4
624,KIA,FORTE KOUP,1.6,4,216,True,KIA | FORTE KOUP,0.4
625,KIA,FORTE KOUP,2.0,4,203,False,KIA | FORTE KOUP,0.5
626,KIA,FORTE KOUP,2.0,4,209,False,KIA | FORTE KOUP,0.5
627,KIA,RIO,1.6,4,181,False,KIA | RIO,0.4
628,KIA,RIO,1.6,4,181,True,KIA | RIO,0.4
629,LEXUS,CT 200H,1.8,4,132,True,LEXUS | CT 200H,0.45
630,LEXUS,GS F,5.0,8,293,True,LEXUS | GS F,0.625
631,LEXUS,IS 200T,2.0,4,214,False,LEXUS | IS 200T,0.5
632,LEXUS,IS 300 AWD,3.5,6,258,True,LEXUS | IS 300 AWD,0.583
633,LEXUS,IS 350 AWD,3.5,6,258,True,LEXUS | IS 350 AWD,0.583
634,MAZDA,CX-3,2.0,4,179,True,MAZDA | CX-3,0.5
635,MAZDA,CX-3 4WD,2.0,4,192,False,MAZDA | CX-3 4WD,0.5
636,MAZDA,MAZDA3 4-DOOR,2.0,4,176,False,MAZDA | MAZDA3 4-DOOR,0.5
637,MAZDA,MAZDA3 4-DOOR,2.0,4,175,False,MAZDA | MAZDA3 4-DOOR,0.5
638,MAZDA,MAZDA3 4-DOOR (SIL),2.0,4,175,False,MAZDA | MAZDA3 4-DOOR (SIL),0.5
639,MAZDA,MAZDA3 4-DOOR,2.5,4,182,False,MAZDA | MAZDA3 4-DOOR,0.625
640,MAZDA,MAZDA3 4-DOOR (I-ELOOP),2.5,4,176,False,MAZDA | MAZDA3 4-DOOR (I-ELOOP),0.625
641,MAZDA,MAZDA3 4-DOOR (SIL),2.5,4,194,False,MAZDA | MAZDA3 4-DOOR (SIL),0.625
642,MERCEDES-BENZ,AMG C 63,4.0,8,273,False,MERCEDES-BENZ | AMG C 63,0.5
643,MERCEDES-BENZ,AMG C 63 S,4.0,8,273,False,MERCEDES-BENZ | AMG C 63 S,0.5
644,MERCEDES-BENZ,AMG CLA 45,2.0,4,221,False,MERCEDES-BENZ | AMG CLA 45,0.5
645,MERCEDES-BENZ,AMG CLS 63 S 4MATIC,5.5,8,308,True,MERCEDES-BENZ | AMG CLS 63 S 4MATIC,0.688
646,MERCEDES-BENZ,AMG S 63 CABRIOLET,5.5,8,322,False,MERCEDES-BENZ | AMG S 63 CABRIOLET,0.688
647,MERCEDES-BENZ,AMG S 63 COUPE,5.5,8,305,False,MERCEDES-BENZ | AMG S 63 COUPE,0.688
648,MERCEDES-BENZ,AMG S 65 CABRIOLET,6.0,12,348,False,MERCEDES-BENZ | AMG S 65 CABRIOLET,0.5
649,MERCEDES-BENZ,AMG S 65 COUPE,6.0,12,365,False,MERCEDES-BENZ | AMG S 65 COUPE,0.5
650,MERCEDES-BENZ,C 300 4MATIC,2.0,4,212,True,MERCEDES-BENZ | C 300 4MATIC,0.5
651,MERCEDES-BENZ,CLA 250,2.0,4,190,False,MERCEDES-BENZ | CLA 250,0.5
652,MERCEDES-BENZ,CLS 550 4MATIC,4.7,8,275,False,MERCEDES-BENZ | CLS 550 4MATIC,0.588
653,MERCEDES-BENZ,S 550 4MATIC CABRIOLET,4.7,8,276,False,MERCEDES-BENZ | S 550 4MATIC CABRIOLET,0.588
654,MERCEDES-BENZ,S 550 4MATIC COUPE,4.7,8,278,False,MERCEDES-BENZ | S 550 4MATIC COUPE,0.588
655,MITSUBISHI,LANCER,2.0,4,183,False,MITSUBISHI | LANCER,0.5
656,MITSUBISHI,LANCER,2.0,4,200,False,MITSUBISHI | LANCER,0.5
657,MITSUBISHI,LANCER,2.4,4,206,False,MITSUBISHI | LANCER,0.6
658,MITSUBISHI,LANCER,2.4,4,218,False,MITSUBISHI | LANCER,0.6
659,MITSUBISHI,LANCER 4WD,2.4,4,212,False,MITSUBISHI | LANCER 4WD,0.6
660,MITSUBISHI,MIRAGE,1.2,3,141,False,MITSUBISHI | MIRAGE,0.4
661,MITSUBISHI,MIRAGE,1.2,3,150,False,MITSUBISHI | MIRAGE,0.4
662,MITSUBISHI,MIRAGE G4,1.2,3,149,False,MITSUBISHI | MIRAGE G4,0.4
663,MITSUBISHI,MIRAGE G4,1.2,3,155,False,MITSUBISHI | MIRAGE G4,0.4
664,NISSAN,MICRA,1.6,4,186,False,NISSAN | MICRA,0.4
665,NISSAN,MICRA,1.6,4,185,False,NISSAN | MICRA,0.4
666,ROLLS-ROYCE,DAWN,6.6,12,390,False,ROLLS-ROYCE | DAWN,0.55
667,ROLLS-ROYCE,PHANTOM COUPE,6.7,12,400,False,ROLLS-ROYCE | PHANTOM COUPE,0.558
668,ROLLS-ROYCE,PHANTOM DROPHEAD COUPE,6.7,12,401,False,ROLLS-ROYCE | PHANTOM DROPHEAD COUPE,0.558
669,SUBARU,WRX AWD,2.0,4,255,False,SUBARU | WRX AWD,0.5
670,SUBARU,WRX AWD,2.0,4,235,False,SUBARU | WRX AWD,0.5
671,SUBARU,WRX AWD,2.5,4,285,False,SUBARU | WRX AWD,0.625
672,TOYOTA,PRIUS C,1.5,4,120,False,TOYOTA | PRIUS C,0.375
673,TOYOTA,YARIS,1.5,4,155,False,TOYOTA | YARIS,0.375
674,TOYOTA,YARIS (SIL),1.5,4,164,False,TOYOTA | YARIS (SIL),0.375
675,TOYOTA,YARIS HATCHBACK,1.5,4,173,False,TOYOTA | YARIS HATCHBACK,0.375
676,TOYOTA,YARIS HATCHBACK,1.5,4,168,False,TOYOTA | YARIS HATCHBACK,0.375
677,VOLKSWAGEN,BEETLE,1.8,4,199,False,VOLKSWAGEN | BEETLE,0.45
678,VOLKSWAGEN,BEETLE,1.8,4,198,False,VOLKSWAGEN | BEETLE,0.45
679,VOLKSWAGEN,BEETLE DUNE,1.8,4,201,False,VOLKSWAGEN | BEETLE DUNE,0.45
680,VOLKSWAGEN,CC 4MOTION,3.6,6,277,False,VOLKSWAGEN | CC 4MOTION,0.6
681,VOLKSWAGEN,GOLF,1.8,4,192,False,VOLKSWAGEN | GOLF,0.45
682,VOLKSWAGEN,GOLF,1.8,4,190,False,VOLKSWAGEN | GOLF,0.45
683,VOLKSWAGEN,GOLF GTI,2.0,4,199,False,VOLKSWAGEN | GOLF GTI,0.5
684,VOLKSWAGEN,GOLF GTI,2.0,4,198,True,VOLKSWAGEN | GOLF GTI,0.5
685,VOLKSWAGEN,GOLF R,2.0,4,216,True,VOLKSWAGEN | GOLF R,0.5
686,VOLKSWAGEN,GOLF R,2.0,4,220,True,VOLKSWAGEN | GOLF R,0.5
687,VOLKSWAGEN,JETTA,1.4,4,175,False,VOLKSWAGEN | JETTA,0.35
688,VOLKSWAGEN,JETTA,1.4,4,168,True,VOLKSWAGEN | JETTA,0.35
689,VOLKSWAGEN,JETTA,1.8,4,193,False,VOLKSWAGEN | JETTA,0.45
690,VOLKSWAGEN,JETTA,2.0,4,205,True,VOLKSWAGEN | JETTA,0.5
691,VOLKSWAGEN,JETTA,2.0,4,208,False,VOLKSWAGEN | JETTA,0.5
692,VOLVO,S60 T5,2.0,4,198,False,VOLVO | S60 T5,0.5
693,VOLVO,S60 T5 AWD,2.0,4,219,False,VOLVO | S60 T5 AWD,0.5
694,VOLVO,S60 INSCRIPTION T5,2.0,4,198,False,VOLVO | S60 INSCRIPTION T5,0.5
695,VOLVO,S60 INSCRIPTION T5 AWD,2.0,4,219,False,VOLVO | S60 INSCRIPTION T5 AWD,0.5
696,VOLVO,S60 T6 AWD,2.0,4,221,False,VOLVO | S60 T6 AWD,0.5
697,VOLVO,S60 POLESTAR,2.0,4,241,False,VOLVO | S60 POLESTAR,0.5
698,VOLVO,S60 CC T5 AWD,2.0,4,220,False,VOLVO | S60 CC T5 AWD,0.5
699,ACURA,ILX,2.4,4,192,True,ACURA | ILX,0.6
700,ACURA,TLX,2.4,4,205,False,ACURA | TLX,0.6
701,ACURA,TLX A-SPEC,2.4,4,209,False,ACURA | TLX A-SPEC,0.6
702,ACURA,TLX SH-AWD,3.5,6,228,False,ACURA | TLX SH-AWD,0.583
703,ACURA,TLX SH-AWD A-SPEC,3.5,6,240,False,ACURA | TLX SH-AWD A-SPEC,0.583
704,AUDI,A4,2.0,4,177,False,AUDI | A4,0.5
705,AUDI,A4 QUATTRO,2.0,4,203,False,AUDI | A4 QUATTRO,0.5
706,AUDI,A4 QUATTRO,2.0,4,204,True,AUDI | A4 QUATTRO,0.5
707,AUDI,Q3,2.0,4,236,False,AUDI | Q3,0.5
708,AUDI,Q3 QUATTRO,2.0,4,240,True,AUDI | Q3 QUATTRO,0.5
709,AUDI,S4,3.0,6,232,False,AUDI | S4,0.5
710,BENTLEY,CONTINENTAL GT CONVERTIBLE,6.0,12,389,False,BENTLEY | CONTINENTAL GT CONVERTIBLE,0.5
711,BENTLEY,CONTINENTAL SUPERSPORTS,6.0,12,389,False,BENTLEY | CONTINENTAL SUPERSPORTS,0.5
712,BMW,328D XDRIVE,2.0,4,184,False,BMW | 328D XDRIVE,0.5
713,BMW,330I XDRIVE,2.0,4,208,False,BMW | 330I XDRIVE,0.5
714,BMW,340I,3.0,6,183,False,BMW | 340I,0.5
715,BMW,340I,3.0,6,240,False,BMW | 340I,0.5
716,BMW,340I XDRIVE,3.0,6,223,False,BMW | 340I XDRIVE,0.5
717,BMW,340I XDRIVE,3.0,6,245,False,BMW | 340I XDRIVE,0.5
718,BMW,430I XDRIVE COUPE,2.0,4,208,False,BMW | 430I XDRIVE COUPE,0.5
719,BMW,430I XDRIVE GRAN COUPE,2.0,4,208,False,BMW | 430I XDRIVE GRAN COUPE,0.5
720,BMW,440I COUPE,3.0,6,183,False,BMW | 440I COUPE,0.5
721,BMW,440I COUPE,3.0,6,240,False,BMW | 440I COUPE,0.5
722,BMW,440I XDRIVE COUPE,3.0,6,223,False,BMW | 440I XDRIVE COUPE,0.5
723,BMW,440I XDRIVE COUPE,3.0,6,245,False,BMW | 440I XDRIVE COUPE,0.5
724,BMW,440I XDRIVE GRAN COUPE,3.0,6,223,False,BMW | 440I XDRIVE GRAN COUPE,0.5
725,BMW,640I XDRIVE GRAN COUPE,3.0,6,248,False,BMW | 640I XDRIVE GRAN COUPE,0.5
726,BMW,650I XDRIVE GRAN COUPE,4.4,8,292,True,BMW | 650I XDRIVE GRAN COUPE,0.55
727,BMW,ALPINA B6 XDRIVE GRAN COUPE,4.4,8,292,True,BMW | ALPINA B6 XDRIVE GRAN COUPE,0.55
728,BMW,M3,3.0,6,280,False,BMW | M3,0.5
729,BMW,M3,3.0,6,273,True,BMW | M3,0.5
730,BMW,M4 COUPE,3.0,6,280,False,BMW | M4 COUPE,0.5
731,BMW,M4 COUPE,3.0,6,273,True,BMW | M4 COUPE,0.5
732,BMW,M6 GRAN COUPE,4.4,8,344,True,BMW | M6 GRAN COUPE,0.55
733,BMW,M6 GRAN COUPE,4.4,8,324,True,BMW | M6 GRAN COUPE,0.55
734,CADILLAC,ATS,2.0,4,216,False,CADILLAC | ATS,0.5
735,CADILLAC,ATS,2.0,4,240,True,CADILLAC | ATS,0.5
736,CADILLAC,ATS,3.6,6,234,True,CADILLAC | ATS,0.6
737,CADILLAC,ATS AWD,2.0,4,222,True,CADILLAC | ATS AWD,0.5
738,CADILLAC,ATS AWD,3.6,6,247,True,CADILLAC | ATS AWD,0.6
739,CADILLAC,ATS-V,3.6,6,291,False,CADILLAC | ATS-V,0.6
740,CADILLAC,ATS-V,3.6,6,295,True,CADILLAC | ATS-V,0.6
741,CHEVROLET,CRUZE,1.4,4,166,False,CHEVROLET | CRUZE,0.35
742,CHEVROLET,CRUZE,1.4,4,172,False,CHEVROLET | CRUZE,0.35
743,CHEVROLET,CRUZE PREMIER,1.4,4,169,True,CHEVROLET | CRUZE PREMIER,0.35
744,CHEVROLET,CRUZE DIESEL,1.6,4,175,False,CHEVROLET | CRUZE DIESEL,0.4
745,CHEVROLET,CRUZE DIESEL,1.6,4,170,False,CHEVROLET | CRUZE DIESEL,0.4
746,CHEVROLET,SONIC,1.4,4,184,True,CHEVROLET | SONIC,0.35
747,CHEVROLET,SONIC,1.4,4,174,True,CHEVROLET | SONIC,0.35
748,CHEVROLET,SONIC,1.8,4,193,False,CHEVROLET | SONIC,0.45
749,CHEVROLET,SONIC,1.8,4,190,False,CHEVROLET | SONIC,0.45
750,FORD,FOCUS,1.0,3,176,False,FORD | FOCUS,0.333
751,FORD,FOCUS,1.0,3,164,False,FORD | FOCUS,0.333
752,FORD,FOCUS,2.0,4,179,False,FORD | FOCUS,0.5
753,FORD,FOCUS,2.0,4,200,False,FORD | FOCUS,0.5
754,FORD,FOCUS,2.0,4,196,False,FORD | FOCUS,0.5
755,HONDA,CIVIC COUPE,1.5,4,158,True,HONDA | CIVIC COUPE,0.375
756,HONDA,CIVIC COUPE,1.5,4,158,True,HONDA | CIVIC COUPE,0.375
757,HONDA,CIVIC COUPE,2.0,4,163,True,HONDA | CIVIC COUPE,0.5
758,HONDA,CIVIC COUPE,2.0,4,173,True,HONDA | CIVIC COUPE,0.5
759,HONDA,CIVIC COUPE SI,1.5,4,173,False,HONDA | CIVIC COUPE SI,0.375
760,HYUNDAI,ACCENT,1.6,4,173,False,HYUNDAI | ACCENT,0.4
761,HYUNDAI,ACCENT,1.6,4,173,True,HYUNDAI | ACCENT,0.4
762,INFINITI,Q50 HYBRID AWD,3.5,6,200,True,INFINITI | Q50 HYBRID AWD,0.583
763,INFINITI,QX30,2.0,4,200,True,INFINITI | QX30,0.5
764,INFINITI,QX30 AWD,2.0,4,221,True,INFINITI | QX30 AWD,0.5
765,JAGUAR,XE 20D AWD,2.0,4,186,True,JAGUAR | XE 20D AWD,0.5
766,JAGUAR,XE 25T AWD,2.0,4,200,False,JAGUAR | XE 25T AWD,0.5
767,JAGUAR,XE 35T AWD,3.0,6,238,True,JAGUAR | XE 35T AWD,0.5
768,KIA,RIO,1.6,4,177,True,KIA | RIO,0.4
769,KIA,RIO,1.6,4,175,True,KIA | RIO,0.4
770,LEXUS,GS F,5.0,8,293,True,LEXUS | GS F,0.625
771,LEXUS,IS 300,2.0,4,214,False,LEXUS | IS 300,0.5
772,LEXUS,IS 300 AWD,3.5,6,254,False,LEXUS | IS 300 AWD,0.583
773,LEXUS,IS 350 AWD,3.5,6,254,False,LEXUS | IS 350 AWD,0.583
774,MAZDA,CX-3,2.0,4,180,False,MAZDA | CX-3,0.5
775,MAZDA,CX-3,2.0,4,189,False,MAZDA | CX-3,0.5
776,MAZDA,CX-3 4WD,2.0,4,192,True,MAZDA | CX-3 4WD,0.5
777,MAZDA,MAZDA3 4-DOOR,2.0,4,176,True,MAZDA | MAZDA3 4-DOOR,0.5
778,MAZDA,MAZDA3 4-DOOR,2.0,4,175,True,MAZDA | MAZDA3 4-DOOR,0.5
779,MAZDA,MAZDA3 4-DOOR (SIL),2.0,4,175,True,MAZDA | MAZDA3 4-DOOR (SIL),0.5
780,MAZDA,MAZDA3 4-DOOR,2.5,4,182,True,MAZDA | MAZDA3 4-DOOR,0.625
781,MAZDA,MAZDA3 4-DOOR (I-ELOOP),2.5,4,176,True,MAZDA | MAZDA3 4-DOOR (I-ELOOP),0.625
782,MAZDA,MAZDA3 4-DOOR (SIL),2.5,4,194,True,MAZDA | MAZDA3 4-DOOR (SIL),0.625
783,MERCEDES-BENZ,AMG C 43 4MATIC,3.0,6,244,False,MERCEDES-BENZ | AMG C 43 4MATIC,0.5
784,MERCEDES-BENZ,AMG C 63,4.0,8,274,False,MERCEDES-BENZ | AMG C 63,0.5
785,MERCEDES-BENZ,AMG C 63 S,4.0,8,274,False,MERCEDES-BENZ | AMG C 63 S,0.5
786,MERCEDES-BENZ,AMG CLA 45 4MATIC,2.0,4,217,False,MERCEDES-BENZ | AMG CLA 45 4MATIC,0.5
787,MERCEDES-BENZ,AMG S 63 4MATIC COUPE,4.0,8,271,False,MERCEDES-BENZ | AMG S 63 4MATIC COUPE,0.5
788,MERCEDES-BENZ,C 300 4MATIC,2.0,4,214,False,MERCEDES-BENZ | C 300 4MATIC,0.5
789,MERCEDES-BENZ,CLA 250,2.0,4,193,False,MERCEDES-BENZ | CLA 250,0.5
790,MERCEDES-BENZ,CLA 250 4MATIC,2.0,4,204,False,MERCEDES-BENZ | CLA 250 4MATIC,0.5
791,MERCEDES-BENZ,S 560 4MATIC COUPE,4.0,8,269,False,MERCEDES-BENZ | S 560 4MATIC COUPE,0.5
792,MITSUBISHI,MIRAGE,1.2,3,141,True,MITSUBISHI | MIRAGE,0.4
793,MITSUBISHI,MIRAGE,1.2,3,150,True,MITSUBISHI | MIRAGE,0.4
794,MITSUBISHI,MIRAGE G4,1.2,3,149,True,MITSUBISHI | MIRAGE G4,0.4
795,MITSUBISHI,MIRAGE G4,1.2,3,155,True,MITSUBISHI | MIRAGE G4,0.4
796,NISSAN,MICRA,1.6,4,188,False,NISSAN | MICRA,0.4
797,NISSAN,MICRA,1.6,4,186,True,NISSAN | MICRA,0.4
798,ROLLS-ROYCE,DAWN,6.6,12,397,False,ROLLS-ROYCE | DAWN,0.55
799,SUBARU,WRX AWD,2.0,4,256,False,SUBARU | WRX AWD,0.5
800,SUBARU,WRX AWD,2.0,4,235,True,SUBARU | WRX AWD,0.5
801,SUBARU,WRX STI AWD,2.5,4,291,False,SUBARU | WRX STI AWD,0.625
802,SUBARU,WRX STI AWD TYPE RA,2.5,4,296,False,SUBARU | WRX STI AWD TYPE RA,0.625
803,TOYOTA,C-HR,2.0,4,189,False,TOYOTA | C-HR,0.5
804,TOYOTA,PRIUS C,1.5,4,120,True,TOYOTA | PRIUS C,0.375
805,TOYOTA,YARIS,1.5,4,155,True,TOYOTA | YARIS,0.375
806,TOYOTA,YARIS (SIL),1.5,4,164,True,TOYOTA | YARIS (SIL),0.375
807,TOYOTA,YARIS HATCHBACK,1.5,4,173,True,TOYOTA | YARIS HATCHBACK,0.375
808,TOYOTA,YARIS HATCHBACK,1.5,4,168,True,TOYOTA | YARIS HATCHBACK,0.375
809,VOLKSWAGEN,BEETLE,2.0,4,191,False,VOLKSWAGEN | BEETLE,0.5
810,VOLKSWAGEN,BEETLE DUNE,2.0,4,189,False,VOLKSWAGEN | BEETLE DUNE,0.5
811,VOLKSWAGEN,GOLF,1.8,4,199,False,VOLKSWAGEN | GOLF,0.45
812,VOLKSWAGEN,GOLF,1.8,4,192,True,VOLKSWAGEN | GOLF,0.45
813,VOLKSWAGEN,GOLF GTI,2.0,4,200,False,VOLKSWAGEN | GOLF GTI,0.5
814,VOLKSWAGEN,GOLF GTI,2.0,4,199,True,VOLKSWAGEN | GOLF GTI,0.5
815,VOLKSWAGEN,GOLF R,2.0,4,220,True,VOLKSWAGEN | GOLF R,0.5
816,VOLKSWAGEN,GOLF R,2.0,4,227,False,VOLKSWAGEN | GOLF R,0.5
817,VOLVO,S60 T5 AWD,2.0,4,226,False,VOLVO | S60 T5 AWD,0.5
818,VOLVO,S60 T6 AWD,2.0,4,221,True,VOLVO | S60 T6 AWD,0.5
819,VOLVO,S60 POLESTAR,2.0,4,241,True,VOLVO | S60 POLESTAR,0.5
820,VOLVO,S60 CC T5 AWD,2.0,4,220,True,VOLVO | S60 CC T5 AWD,0.5
821,ACURA,ILX,2.4,4,199,False,ACURA | ILX,0.6
822,ACURA,TLX,2.4,4,205,True,ACURA | TLX,0.6
823,ACURA,TLX A-SPEC,2.4,4,209,True,ACURA | TLX A-SPEC,0.6
824,ACURA,TLX SH-AWD,3.5,6,228,True,ACURA | TLX SH-AWD,0.583
825,ACURA,TLX SH-AWD A-SPEC,3.5,6,240,True,ACURA | TLX SH-AWD A-SPEC,0.583
826,AUDI,A4,2.0,4,182,False,AUDI | A4,0.5
827,AUDI,A4 QUATTRO,2.0,4,204,True,AUDI | A4 QUATTRO,0.5
828,AUDI,S4,3.0,6,230,False,AUDI | S4,0.5
829,BMW,330I XDRIVE,2.0,4,194,False,BMW | 330I XDRIVE,0.5
830,BMW,430I XDRIVE COUPE,2.0,4,207,False,BMW | 430I XDRIVE COUPE,0.5
831,BMW,430I XDRIVE GRAN COUPE,2.0,4,207,False,BMW | 430I XDRIVE GRAN COUPE,0.5
832,BMW,440I COUPE,3.0,6,227,False,BMW | 440I COUPE,0.5
833,BMW,440I COUPE,3.0,6,256,False,BMW | 440I COUPE,0.5
834,BMW,440I XDRIVE COUPE,3.0,6,228,True,BMW | 440I XDRIVE COUPE,0.5
835,BMW,440I XDRIVE COUPE,3.0,6,256,False,BMW | 440I XDRIVE COUPE,0.5
836,BMW,440I XDRIVE GRAN COUPE,3.0,6,228,True,BMW | 440I XDRIVE GRAN COUPE,0.5
837,BMW,640I XDRIVE GRAN COUPE,3.0,6,248,True,BMW | 640I XDRIVE GRAN COUPE,0.5
838,BMW,650I XDRIVE GRAN COUPE,4.4,8,282,False,BMW | 650I XDRIVE GRAN COUPE,0.55
839,BMW,ALPINA B6 XDRIVE GRAN COUPE,4.4,8,282,False,BMW | ALPINA B6 XDRIVE GRAN COUPE,0.55
840,BMW,M4 COUPE,3.0,6,294,False,BMW | M4 COUPE,0.5
841,BMW,M4 COUPE,3.0,6,273,True,BMW | M4 COUPE,0.5
842,BMW,M4 COUPE COMPETITION,3.0,6,294,False,BMW | M4 COUPE COMPETITION,0.5
843,BMW,M4 COUPE COMPETITION,3.0,6,273,False,BMW | M4 COUPE COMPETITION,0.5
844,BMW,M4 CS,3.0,6,294,False,BMW | M4 CS,0.5
845,BMW,M6 GRAN COUPE,4.4,8,344,True,BMW | M6 GRAN COUPE,0.55
846,CHEVROLET,CRUZE,1.4,4,172,True,CHEVROLET | CRUZE,0.35
847,CHEVROLET,CRUZE PREMIER,1.4,4,172,False,CHEVROLET | CRUZE PREMIER,0.35
848,CHEVROLET,CRUZE DIESEL,1.6,4,172,True,CHEVROLET | CRUZE DIESEL,0.4
849,GENESIS,G70,2.0,4,255,False,GENESIS | G70,0.5
850,GENESIS,G70 AWD,2.0,4,241,False,GENESIS | G70 AWD,0.5
851,GENESIS,G70 AWD,3.3,6,274,False,GENESIS | G70 AWD,0.55
852,HONDA,CIVIC COUPE,1.5,4,167,False,HONDA | CIVIC COUPE,0.375
853,HONDA,CIVIC COUPE,2.0,4,164,False,HONDA | CIVIC COUPE,0.5
854,HONDA,CIVIC COUPE,2.0,4,176,False,HONDA | CIVIC COUPE,0.5
855,HONDA,CIVIC COUPE,2.0,4,189,False,HONDA | CIVIC COUPE,0.5
856,HONDA,CIVIC COUPE SI,1.5,4,173,True,HONDA | CIVIC COUPE SI,0.375
857,HYUNDAI,ACCENT,1.6,4,172,False,HYUNDAI | ACCENT,0.4
858,HYUNDAI,ACCENT,1.6,4,173,True,HYUNDAI | ACCENT,0.4
859,HYUNDAI,VELOSTER,2.0,4,193,False,HYUNDAI | VELOSTER,0.5
860,HYUNDAI,VELOSTER,2.0,4,198,False,HYUNDAI | VELOSTER,0.5
861,HYUNDAI,VELOSTER N,2.0,4,226,False,HYUNDAI | VELOSTER N,0.5
862,HYUNDAI,VELOSTER TURBO,1.6,4,184,False,HYUNDAI | VELOSTER TURBO,0.4
863,HYUNDAI,VELOSTER TURBO,1.6,4,197,True,HYUNDAI | VELOSTER TURBO,0.4
864,JAGUAR,XE 20D AWD,2.0,4,186,True,JAGUAR | XE 20D AWD,0.5
865,JAGUAR,XE 25T AWD,2.0,4,200,True,JAGUAR | XE 25T AWD,0.5
866,JAGUAR,XE 35T AWD,3.0,6,238,True,JAGUAR | XE 35T AWD,0.5
867,KIA,RIO,1.6,4,177,True,KIA | RIO,0.4
868,KIA,RIO,1.6,4,175,True,KIA | RIO,0.4
869,LEXUS,GS F,5.0,8,293,True,LEXUS | GS F,0.625
870,LEXUS,IS 300,2.0,4,220,False,LEXUS | IS 300,0.5
871,LEXUS,IS 300 AWD,3.5,6,254,True,LEXUS | IS 300 AWD,0.583
872,LEXUS,IS 350 AWD,3.5,6,254,True,LEXUS | IS 350 AWD,0.583
873,LEXUS,UX 250H,2.0,4,130,False,LEXUS | UX 250H,0.5
874,LEXUS,UX 250H AWD,2.0,4,140,False,LEXUS | UX 250H AWD,0.5
875,MAZDA,CX-3,2.0,4,179,True,MAZDA | CX-3,0.5
876,MAZDA,CX-3,2.0,4,186,False,MAZDA | CX-3,0.5
877,MAZDA,CX-3 4WD,2.0,4,189,True,MAZDA | CX-3 4WD,0.5
878,MAZDA,MAZDA3 4-DOOR,2.0,4,178,False,MAZDA | MAZDA3 4-DOOR,0.5
879,MAZDA,MAZDA3 4-DOOR (SIL),2.0,4,180,False,MAZDA | MAZDA3 4-DOOR (SIL),0.5
880,MAZDA,MAZDA3 4-DOOR,2.5,4,181,False,MAZDA | MAZDA3 4-DOOR,0.625
881,MAZDA,MAZDA3 4-DOOR (CYLINDER DEACTIVATION),2.5,4,183,False,MAZDA | MAZDA3 4-DOOR (CYLINDER DEACTIVATION),0.625
882,MAZDA,MAZDA3 4-DOOR 4WD,2.5,4,192,False,MAZDA | MAZDA3 4-DOOR 4WD,0.625
883,MERCEDES-BENZ,AMG C 43 4MATIC,3.0,6,253,False,MERCEDES-BENZ | AMG C 43 4MATIC,0.5
884,MERCEDES-BENZ,AMG C 63,4.0,8,263,False,MERCEDES-BENZ | AMG C 63,0.5
885,MERCEDES-BENZ,AMG C 63 S,4.0,8,263,False,MERCEDES-BENZ | AMG C 63 S,0.5
886,MERCEDES-BENZ,AMG CLS 53 4MATIC+,3.0,6,235,False,MERCEDES-BENZ | AMG CLS 53 4MATIC+,0.5
887,MERCEDES-BENZ,AMG GT 53 4MATIC+ COUPE,3.0,6,264,False,MERCEDES-BENZ | AMG GT 53 4MATIC+ COUPE,0.5
888,MERCEDES-BENZ,AMG GT 63 4MATIC+ COUPE,4.0,8,323,False,MERCEDES-BENZ | AMG GT 63 4MATIC+ COUPE,0.5
889,MERCEDES-BENZ,AMG GT 63 S 4MATIC+ COUPE,4.0,8,324,False,MERCEDES-BENZ | AMG GT 63 S 4MATIC+ COUPE,0.5
890,MERCEDES-BENZ,AMG S 63 4MATIC+ COUPE,4.0,8,271,False,MERCEDES-BENZ | AMG S 63 4MATIC+ COUPE,0.5
891,MERCEDES-BENZ,AMG S 65 COUPE,6.0,12,343,False,MERCEDES-BENZ | AMG S 65 COUPE,0.5
892,MERCEDES-BENZ,C 300 4MATIC,2.0,4,219,False,MERCEDES-BENZ | C 300 4MATIC,0.5
893,MERCEDES-BENZ,CLS 450 4MATIC,3.0,6,213,False,MERCEDES-BENZ | CLS 450 4MATIC,0.5
894,MITSUBISHI,MIRAGE,1.2,3,143,False,MITSUBISHI | MIRAGE,0.4
895,MITSUBISHI,MIRAGE,1.2,3,151,False,MITSUBISHI | MIRAGE,0.4
896,MITSUBISHI,MIRAGE G4,1.2,3,148,False,MITSUBISHI | MIRAGE G4,0.4
897,MITSUBISHI,MIRAGE G4,1.2,3,153,False,MITSUBISHI | MIRAGE G4,0.4
898,NISSAN,MICRA,1.6,4,188,True,NISSAN | MICRA,0.4
899,NISSAN,MICRA,1.6,4,186,True,NISSAN | MICRA,0.4
900,ROLLS-ROYCE,DAWN,6.6,12,397,True,ROLLS-ROYCE | DAWN,0.55
901,SUBARU,WRX AWD,2.0,4,256,True,SUBARU | WRX AWD,0.5
902,SUBARU,WRX AWD,2.0,4,235,True,SUBARU | WRX AWD,0.5
903,SUBARU,WRX STI AWD,2.5,4,296,False,SUBARU | WRX STI AWD,0.625
904,TOYOTA,C-HR,2.0,4,189,True,TOYOTA | C-HR,0.5
905,TOYOTA,COROLLA HATCHBACK,2.0,4,157,False,TOYOTA | COROLLA HATCHBACK,0.5
906,TOYOTA,COROLLA HATCHBACK,2.0,4,174,False,TOYOTA | COROLLA HATCHBACK,0.5
907,TOYOTA,PRIUS C,1.5,4,120,True,TOYOTA | PRIUS C,0.375
908,TOYOTA,YARIS,1.5,4,155,True,TOYOTA | YARIS,0.375
909,TOYOTA,YARIS (SIL),1.5,4,164,True,TOYOTA | YARIS (SIL),0.375
910,TOYOTA,YARIS HATCHBACK,1.5,4,173,True,TOYOTA | YARIS HATCHBACK,0.375
911,TOYOTA,YARIS HATCHBACK,1.5,4,169,False,TOYOTA | YARIS HATCHBACK,0.375
912,VOLKSWAGEN,BEETLE,2.0,4,191,True,VOLKSWAGEN | BEETLE,0.5
913,VOLKSWAGEN,BEETLE DUNE,2.0,4,189,True,VOLKSWAGEN | BEETLE DUNE,0.5
914,VOLKSWAGEN,GOLF,1.4,4,172,False,VOLKSWAGEN | GOLF,0.35
915,VOLKSWAGEN,GOLF,1.4,4,172,True,VOLKSWAGEN | GOLF,0.35
916,VOLKSWAGEN,GOLF GTI,2.0,4,202,False,VOLKSWAGEN | GOLF GTI,0.5
917,VOLKSWAGEN,GOLF GTI,2.0,4,203,False,VOLKSWAGEN | GOLF GTI,0.5
918,VOLKSWAGEN,GOLF R,2.0,4,213,False,VOLKSWAGEN | GOLF R,0.5
919,VOLKSWAGEN,GOLF R,2.0,4,232,False,VOLKSWAGEN | GOLF R,0.5
920,VOLKSWAGEN,JETTA,1.4,4,162,False,VOLKSWAGEN | JETTA,0.35
921,VOLKSWAGEN,JETTA,1.4,4,163,False,VOLKSWAGEN | JETTA,0.35
922,VOLKSWAGEN,JETTA GLI,2.0,4,196,False,VOLKSWAGEN | JETTA GLI,0.5
923,VOLKSWAGEN,JETTA GLI,2.0,4,200,False,VOLKSWAGEN | JETTA GLI,0.5
924,VOLVO,S60 T5,2.0,4,197,False,VOLVO | S60 T5,0.5
925,VOLVO,S60 T6 AWD,2.0,4,218,False,VOLVO | S60 T6 AWD,0.5
926,ACURA,ILX,2.4,4,199,True,ACURA | ILX,0.6
927,ACURA,TLX A-SPEC,2.4,4,209,True,ACURA | TLX A-SPEC,0.6
928,ACURA,TLX SH-AWD,3.5,6,228,True,ACURA | TLX SH-AWD,0.583
929,ACURA,TLX SH-AWD A-SPEC/LIMITED EDITION,3.5,6,240,False,ACURA | TLX SH-AWD A-SPEC/LIMITED EDITION,0.583
930,AUDI,A4 QUATTRO,2.0,4,205,True,AUDI | A4 QUATTRO,0.5
931,AUDI,S4,3.0,6,245,False,AUDI | S4,0.5
932,BENTLEY,CONTINENTAL GT,4.0,8,291,False,BENTLEY | CONTINENTAL GT,0.5
933,BENTLEY,CONTINENTAL GT,6.0,12,364,False,BENTLEY | CONTINENTAL GT,0.5
934,BMW,330I XDRIVE SEDAN,2.0,4,195,False,BMW | 330I XDRIVE SEDAN,0.5
935,BMW,430I COUPE,2.0,4,204,False,BMW | 430I COUPE,0.5
936,BMW,430I XDRIVE COUPE,2.0,4,219,False,BMW | 430I XDRIVE COUPE,0.5
937,BMW,430I XDRIVE GRAN COUPE,2.0,4,219,False,BMW | 430I XDRIVE GRAN COUPE,0.5
938,BMW,440I COUPE,3.0,6,231,False,BMW | 440I COUPE,0.5
939,BMW,440I XDRIVE COUPE,3.0,6,233,False,BMW | 440I XDRIVE COUPE,0.5
940,BMW,440I XDRIVE COUPE,3.0,6,257,False,BMW | 440I XDRIVE COUPE,0.5
941,BMW,440I XDRIVE GRAN COUPE,3.0,6,233,False,BMW | 440I XDRIVE GRAN COUPE,0.5
942,BMW,M340I XDRIVE SEDAN,3.0,6,233,False,BMW | M340I XDRIVE SEDAN,0.5
943,BMW,M4 COUPE,3.0,6,290,False,BMW | M4 COUPE,0.5
944,BMW,M4 COUPE COMPETITION,3.0,6,290,False,BMW | M4 COUPE COMPETITION,0.5
945,BMW,M4 COUPE,3.0,6,273,True,BMW | M4 COUPE,0.5
946,BMW,M4 COUPE COMPETITION,3.0,6,273,True,BMW | M4 COUPE COMPETITION,0.5
947,BMW,M4 CS,3.0,6,290,False,BMW | M4 CS,0.5
948,CADILLAC,CT4,2.0,4,203,False,CADILLAC | CT4,0.5
949,CADILLAC,CT4,2.7,4,232,False,CADILLAC | CT4,0.675
950,CADILLAC,CT4 AWD,2.0,4,213,False,CADILLAC | CT4 AWD,0.5
951,CADILLAC,CT4 AWD,2.7,4,238,False,CADILLAC | CT4 AWD,0.675
952,CADILLAC,CT4-V,2.7,4,234,False,CADILLAC | CT4-V,0.675
953,CADILLAC,CT4-V AWD,2.7,4,238,False,CADILLAC | CT4-V AWD,0.675
954,GENESIS,G70,2.0,4,255,True,GENESIS | G70,0.5
955,GENESIS,G70 AWD,2.0,4,238,False,GENESIS | G70 AWD,0.5
956,GENESIS,G70 AWD,3.3,6,284,False,GENESIS | G70 AWD,0.55
957,HONDA,CIVIC COUPE,1.5,4,167,True,HONDA | CIVIC COUPE,0.375
958,HONDA,CIVIC COUPE,2.0,4,164,True,HONDA | CIVIC COUPE,0.5
959,HONDA,CIVIC COUPE,2.0,4,176,True,HONDA | CIVIC COUPE,0.5
960,HONDA,CIVIC COUPE,2.0,4,189,True,HONDA | CIVIC COUPE,0.5
961,HONDA,CIVIC COUPE SI,1.5,4,183,False,HONDA | CIVIC COUPE SI,0.375
962,HYUNDAI,ACCENT,1.6,4,160,False,HYUNDAI | ACCENT,0.4
963,HYUNDAI,ACCENT,1.6,4,168,False,HYUNDAI | ACCENT,0.4
964,HYUNDAI,VELOSTER TURBO,1.6,4,184,True,HYUNDAI | VELOSTER TURBO,0.4
965,HYUNDAI,VELOSTER TURBO,1.6,4,196,True,HYUNDAI | VELOSTER TURBO,0.4
966,HYUNDAI,VELOSTER,2.0,4,193,True,HYUNDAI | VELOSTER,0.5
967,HYUNDAI,VELOSTER N,2.0,4,226,True,HYUNDAI | VELOSTER N,0.5
968,JAGUAR,XE P250 AWD,2.0,4,200,False,JAGUAR | XE P250 AWD,0.5
969,JAGUAR,XE P300 AWD,2.0,4,220,False,JAGUAR | XE P300 AWD,0.5
970,KIA,RIO,1.6,4,151,False,KIA | RIO,0.4
971,KIA,RIO,1.6,4,167,False,KIA | RIO,0.4
972,LEXUS,GS F,5.0,8,293,True,LEXUS | GS F,0.625
973,LEXUS,IS 300,2.0,4,220,True,LEXUS | IS 300,0.5
974,LEXUS,IS 300 AWD,3.5,6,254,True,LEXUS | IS 300 AWD,0.583
975,LEXUS,IS 350 AWD,3.5,6,254,True,LEXUS | IS 350 AWD,0.583
976,LEXUS,UX 250H AWD,2.0,4,140,True,LEXUS | UX 250H AWD,0.5
977,MAZDA,CX-3,2.0,4,179,True,MAZDA | CX-3,0.5
978,MAZDA,CX-3 (SIL),2.0,4,186,False,MAZDA | CX-3 (SIL),0.5
979,MAZDA,CX-3 4WD,2.0,4,189,True,MAZDA | CX-3 4WD,0.5
980,MAZDA,MAZDA3 4-DOOR,2.0,4,178,True,MAZDA | MAZDA3 4-DOOR,0.5
981,MAZDA,MAZDA3 4-DOOR (SIL),2.0,4,180,True,MAZDA | MAZDA3 4-DOOR (SIL),0.5
982,MAZDA,MAZDA3 4-DOOR,2.5,4,181,True,MAZDA | MAZDA3 4-DOOR,0.625
983,MAZDA,MAZDA3 4-DOOR (CYLINDER DEACTIVATION),2.5,4,183,True,MAZDA | MAZDA3 4-DOOR (CYLINDER DEACTIVATION),0.625
984,MAZDA,MAZDA3 4-DOOR 4WD,2.5,4,192,True,MAZDA | MAZDA3 4-DOOR 4WD,0.625
985,MERCEDES-BENZ,AMG C 43 4MATIC,3.0,6,253,True,MERCEDES-BENZ | AMG C 43 4MATIC,0.5
986,MERCEDES-BENZ,AMG C 63,4.0,8,263,True,MERCEDES-BENZ | AMG C 63,0.5
987,MERCEDES-BENZ,AMG C 63 S,4.0,8,263,True,MERCEDES-BENZ | AMG C 63 S,0.5
988,MERCEDES-BENZ,AMG CLS 53 4MATIC+,3.0,6,235,True,MERCEDES-BENZ | AMG CLS 53 4MATIC+,0.5
989,MERCEDES-BENZ,AMG S 63 4MATIC+ COUPE,4.0,8,271,True,MERCEDES-BENZ | AMG S 63 4MATIC+ COUPE,0.5
990,MERCEDES-BENZ,C 300 4MATIC,2.0,4,219,True,MERCEDES-BENZ | C 300 4MATIC,0.5
991,MERCEDES-BENZ,CLS 450 4MATIC,3.0,6,213,True,MERCEDES-BENZ | CLS 450 4MATIC,0.5
992,MITSUBISHI,MIRAGE,1.2,3,143,True,MITSUBISHI | MIRAGE,0.4
993,MITSUBISHI,MIRAGE,1.2,3,151,True,MITSUBISHI | MIRAGE,0.4
994,NISSAN,VERSA,1.6,4,158,False,NISSAN | VERSA,0.4
995,NISSAN,VERSA,1.6,4,181,False,NISSAN | VERSA,0.4
996,ROLLS-ROYCE,DAWN,6.6,12,400,False,ROLLS-ROYCE | DAWN,0.55
997,SUBARU,WRX AWD,2.0,4,263,False,SUBARU | WRX AWD,0.5
998,SUBARU,WRX AWD,2.0,4,236,False,SUBARU | WRX AWD,0.5
999,SUBARU,WRX STI AWD,2.5,4,297,False,SUBARU | WRX STI AWD,0.625
1000,TOYOTA,C-HR,2.0,4,189,True,TOYOTA | C-HR,0.5
1001,TOYOTA,COROLLA,1.8,4,165,False,TOYOTA | COROLLA,0.45
1002,TOYOTA,COROLLA XLE,1.8,4,170,False,TOYOTA | COROLLA XLE,0.45
1003,TOYOTA,COROLLA,1.8,4,165,True,TOYOTA | COROLLA,0.45
1004,TOYOTA,COROLLA,2.0,4,158,False,TOYOTA | COROLLA,0.5
1005,TOYOTA,COROLLA XSE,2.0,4,164,False,TOYOTA | COROLLA XSE,0.5
1006,TOYOTA,COROLLA,2.0,4,173,False,TOYOTA | COROLLA,0.5
1007,TOYOTA,COROLLA HATCHBACK,2.0,4,158,False,TOYOTA | COROLLA HATCHBACK,0.5
1008,TOYOTA,COROLLA HATCHBACK,2.0,4,174,True,TOYOTA | COROLLA HATCHBACK,0.5
1009,TOYOTA,COROLLA HYBRID,1.8,4,106,False,TOYOTA | COROLLA HYBRID,0.45
1010,TOYOTA,PRIUS C,1.5,4,120,True,TOYOTA | PRIUS C,0.375
1011,TOYOTA,YARIS,1.5,4,155,True,TOYOTA | YARIS,0.375
1012,TOYOTA,YARIS (SIL),1.5,4,165,False,TOYOTA | YARIS (SIL),0.375
1013,VOLKSWAGEN,GOLF,1.4,4,174,False,VOLKSWAGEN | GOLF,0.35
1014,VOLKSWAGEN,GOLF,1.4,4,177,False,VOLKSWAGEN | GOLF,0.35
1015,VOLKSWAGEN,GOLF GTI,2.0,4,203,True,VOLKSWAGEN | GOLF GTI,0.5
1016,VOLKSWAGEN,GOLF GTI,2.0,4,203,True,VOLKSWAGEN | GOLF GTI,0.5
1017,VOLKSWAGEN,JETTA,1.4,4,162,True,VOLKSWAGEN | JETTA,0.35
1018,VOLKSWAGEN,JETTA,1.4,4,163,True,VOLKSWAGEN | JETTA,0.35
1019,VOLKSWAGEN,JETTA GLI,2.0,4,196,True,VOLKSWAGEN | JETTA GLI,0.5
1020,VOLKSWAGEN,JETTA GLI,2.0,4,198,False,VOLKSWAGEN | JETTA GLI,0.5
1021,VOLVO,S60 T5,2.0,4,208,False,VOLVO | S60 T5,0.5
1022,VOLVO,S60 T6 AWD,2.0,4,219,False,VOLVO | S60 T6 AWD,0.5
