stock,order_units,demand_units,demand_probability,next_stock,reward
0,0,0,0.25,0,0.0
0,0,1,0.25,0,-2.5
0,0,2,0.25,0,-5.0
0,0,3,0.25,0,-7.5
0,2,0,0.25,2,-4.2
0,2,1,0.25,1,2.4
0,2,2,0.25,0,9.0
0,2,3,0.25,0,6.5
0,4,0,0.25,4,-8.4
0,4,1,0.25,3,-1.8
0,4,2,0.25,2,4.8
0,4,3,0.25,1,11.4
1,0,0,0.25,1,-0.6
1,0,1,0.25,0,6.0
1,0,2,0.25,0,3.5
1,0,3,0.25,0,1.0
1,2,0,0.25,3,-4.8
1,2,1,0.25,2,1.8
1,2,2,0.25,1,8.4
1,2,3,0.25,0,15.0
1,4,0,0.25,5,-9.0
1,4,1,0.25,4,-2.4
1,4,2,0.25,3,4.2
1,4,3,0.25,2,10.8
2,0,0,0.25,2,-1.2
2,0,1,0.25,1,5.4
2,0,2,0.25,0,12.0
2,0,3,0.25,0,9.5
2,2,0,0.25,4,-5.4
2,2,1,0.25,3,1.2
2,2,2,0.25,2,7.8
2,2,3,0.25,1,14.4
2,4,0,0.25,6,-9.6
2,4,1,0.25,5,-3.0
2,4,2,0.25,4,3.6
2,4,3,0.25,3,10.2
3,0,0,0.25,3,-1.8
3,0,1,0.25,2,4.8
3,0,2,0.25,1,11.4
3,0,3,0.25,0,18.0
3,2,0,0.25,5,-6.0
3,2,1,0.25,4,0.6
3,2,2,0.25,3,7.2
3,2,3,0.25,2,13.8
3,4,0,0.25,7,-10.2
3,4,1,0.25,6,-3.6
3,4,2,0.25,5,3.0
3,4,3,0.25,4,9.6
4,0,0,0.25,4,-2.4
4,0,1,0.25,3,4.2
4,0,2,0.25,2,10.8
4,0,3,0.25,1,17.4
4,2,0,0.25,6,-6.6
4,2,1,0.25,5,0.0
4,2,2,0.25,4,6.6
4,2,3,0.25,3,13.2
4,4,0,0.25,8,-10.8
4,4,1,0.25,7,-4.2
4,4,2,0.25,6,2.4
4,4,3,0.25,5,9.0
5,0,0,0.25,5,-3.0
5,0,1,0.25,4,3.6
5,0,2,0.25,3,10.2
5,0,3,0.25,2,16.8
5,2,0,0.25,7,-7.2
5,2,1,0.25,6,-0.6
5,2,2,0.25,5,6.0
5,2,3,0.25,4,12.6
5,4,0,0.25,9,-11.4
5,4,1,0.25,8,-4.8
5,4,2,0.25,7,1.8
5,4,3,0.25,6,8.4
6,0,0,0.25,6,-3.6
6,0,1,0.25,5,3.0
6,0,2,0.25,4,9.6
6,0,3,0.25,3,16.2
6,2,0,0.25,8,-7.8
6,2,1,0.25,7,-1.2
6,2,2,0.25,6,5.4
6,2,3,0.25,5,12.0
6,4,0,0.25,10,-12.0
6,4,1,0.25,9,-5.4
6,4,2,0.25,8,1.2
6,4,3,0.25,7,7.8
7,0,0,0.25,7,-4.2
7,0,1,0.25,6,2.4
7,0,2,0.25,5,9.0
7,0,3,0.25,4,15.6
7,2,0,0.25,9,-8.4
7,2,1,0.25,8,-1.8
7,2,2,0.25,7,4.8
7,2,3,0.25,6,11.4
7,4,0,0.25,10,-12.0
7,4,1,0.25,9,-5.4
7,4,2,0.25,8,1.2
7,4,3,0.25,7,7.8
8,0,0,0.25,8,-4.8
8,0,1,0.25,7,1.8
8,0,2,0.25,6,8.4
8,0,3,0.25,5,15.0
8,2,0,0.25,10,-9.0
8,2,1,0.25,9,-2.4
8,2,2,0.25,8,4.2
8,2,3,0.25,7,10.8
8,4,0,0.25,10,-12.0
8,4,1,0.25,9,-5.4
8,4,2,0.25,8,1.2
8,4,3,0.25,7,7.8
9,0,0,0.25,9,-5.4
9,0,1,0.25,8,1.2
9,0,2,0.25,7,7.8
9,0,3,0.25,6,14.4
9,2,0,0.25,10,-9.0
9,2,1,0.25,9,-2.4
9,2,2,0.25,8,4.2
9,2,3,0.25,7,10.8
9,4,0,0.25,10,-12.0
9,4,1,0.25,9,-5.4
9,4,2,0.25,8,1.2
9,4,3,0.25,7,7.8
10,0,0,0.25,10,-6.0
10,0,1,0.25,9,0.6
10,0,2,0.25,8,7.2
10,0,3,0.25,7,13.8
10,2,0,0.25,10,-9.0
10,2,1,0.25,9,-2.4
10,2,2,0.25,8,4.2
10,2,3,0.25,7,10.8
10,4,0,0.25,10,-12.0
10,4,1,0.25,9,-5.4
10,4,2,0.25,8,1.2
10,4,3,0.25,7,7.8
